FID,grid_id,lon,lat,elevation,slope,lc_class_1,lc_class_2,lc_class_3,lc_class_4,lc_class_5,lc_class_6,lc_class_7,lc_class_8,lc_class_9,shear_all_
0,LL_001,110.420599999999993,36.985900000000001,738.379999999999995,3.470000000000000,0.332570000000000,0.009150000000000,0.000000000000000,0.581960000000000,0.061870000000000,0,0.000250000000000,0.014210000000000,0,0.2500000
1,LL_002,110.520600000000002,36.885899999999999,985.769999999999982,2.900000000000000,0.395630000000000,0.026760000000000,0.000000000000000,0.575460000000000,0.000000000000000,0,0.000000000000000,0.002160000000000,0,0.1910000
2,LL_003,110.520600000000002,36.985900000000001,944.210000000000036,2.500000000000000,0.254540000000000,0.019900000000000,0.000000000000000,0.722770000000000,0.000000000000000,0,0.000000000000000,0.002790000000000,0,0.2710000
3,LL_004,110.520600000000002,37.085900000000002,817.549999999999955,3.160000000000000,0.200170000000000,0.011730000000000,0.000000000000000,0.757850000000000,0.022180000000000,0,0.000030000000000,0.008040000000000,0,0.3040000
4,LL_005,110.520600000000002,37.985900000000001,849.690000000000055,2.710000000000000,0.337940000000000,0.001380000000000,0.000000000000000,0.562590000000000,0.041350000000000,0,0.000700000000000,0.056030000000000,0,0.2600000
5,LL_006,110.520600000000002,38.085900000000002,882.679999999999950,2.860000000000000,0.343620000000000,0.000000000000000,0.000000000000000,0.594490000000000,0.039050000000000,0,0.000090000000000,0.022760000000000,0,0.1820000
6,LL_007,110.520600000000002,38.185899999999997,870.690000000000055,2.900000000000000,0.302270000000000,0.000010000000000,0.000000000000000,0.599520000000000,0.066720000000000,0,0.000790000000000,0.030700000000000,0,0.2800000
7,LL_008,110.620599999999996,36.885899999999999,1217.450000000000045,2.320000000000000,0.266920000000000,0.207870000000000,0.000080000000000,0.524920000000000,0.000020000000000,0,0.000000000000000,0.000190000000000,0,0.0950000
8,LL_009,110.620599999999996,36.985900000000001,1082.299999999999955,2.810000000000000,0.276190000000000,0.068720000000000,0.000000000000000,0.654000000000000,0.000000000000000,0,0.000000000000000,0.001080000000000,0,0.2930000
9,LL_010,110.620599999999996,37.085900000000002,1045.900000000000091,2.660000000000000,0.179060000000000,0.074410000000000,0.000000000000000,0.745450000000000,0.000000000000000,0,0.000000000000000,0.001080000000000,0,0.1160000
10,LL_011,110.620599999999996,37.185899999999997,830.480000000000018,3.150000000000000,0.173370000000000,0.013700000000000,0.000000000000000,0.779130000000000,0.020080000000000,0,0.000040000000000,0.013680000000000,0,0.4340000
11,LL_012,110.620599999999996,37.885899999999999,844.659999999999968,2.900000000000000,0.364330000000000,0.000040000000000,0.000000000000000,0.536930000000000,0.052430000000000,0,0.000410000000000,0.045870000000000,0,0.1610000
12,LL_013,110.620599999999996,37.985900000000001,968.600000000000023,1.430000000000000,0.413490000000000,0.000930000000000,0.000000000000000,0.582170000000000,0.000000000000000,0,0.000000000000000,0.003410000000000,0,0.1160000
13,LL_014,110.620599999999996,38.085900000000002,1017.259999999999991,1.290000000000000,0.391720000000000,0.001050000000000,0.000000000000000,0.602410000000000,0.000000000000000,0,0.000270000000000,0.004550000000000,0,0.0970000
14,LL_015,110.620599999999996,38.185899999999997,974.460000000000036,1.720000000000000,0.333890000000000,0.000290000000000,0.000000000000000,0.660320000000000,0.000000000000000,0,0.000000000000000,0.005510000000000,0,0.1930000
15,LL_016,110.620599999999996,38.285899999999998,882.450000000000045,3.020000000000000,0.224260000000000,0.000030000000000,0.000000000000000,0.696610000000000,0.049680000000000,0,0.001460000000000,0.027960000000000,0,0.4370000
16,LL_017,110.720600000000005,36.985900000000001,1200.430000000000064,2.280000000000000,0.222290000000000,0.183210000000000,0.000070000000000,0.594170000000000,0.000000000000000,0,0.000000000000000,0.000260000000000,0,0.1410000
17,LL_018,110.720600000000005,37.085900000000002,1068.920000000000073,2.260000000000000,0.217760000000000,0.120340000000000,0.000050000000000,0.660250000000000,0.000000000000000,0,0.000000000000000,0.001610000000000,0,0.1230000
18,LL_019,110.720600000000005,37.185899999999997,887.279999999999973,2.280000000000000,0.204660000000000,0.020130000000000,0.000000000000000,0.758520000000000,0.000000000000000,0,0.000000000000000,0.016700000000000,0,0.4380000
19,LL_020,110.720600000000005,37.285899999999998,796.690000000000055,2.120000000000000,0.332460000000000,0.007070000000000,0.000000000000000,0.596090000000000,0.023560000000000,0,0.000010000000000,0.040810000000000,0,0.4730000
20,LL_021,110.720600000000005,37.385899999999999,810.740000000000009,2.790000000000000,0.312910000000000,0.017620000000000,0.000000000000000,0.615640000000000,0.008740000000000,0,0.000090000000000,0.045000000000000,0,0.3970000
21,LL_022,110.720600000000005,37.785899999999998,807.179999999999950,2.460000000000000,0.382650000000000,0.000100000000000,0.000000000000000,0.521610000000000,0.037020000000000,0,0.000120000000000,0.058500000000000,0,0.3720000
22,LL_023,110.720600000000005,37.885899999999999,955.580000000000041,1.670000000000000,0.451750000000000,0.000240000000000,0.000110000000000,0.543030000000000,0.000000000000000,0,0.000010000000000,0.004860000000000,0,0.1390000
23,LL_024,110.720600000000005,37.985900000000001,1026.400000000000091,1.530000000000000,0.450980000000000,0.000660000000000,0.000010000000000,0.547180000000000,0.000000000000000,0,0.000000000000000,0.001160000000000,0,0.2090000
24,LL_025,110.720600000000005,38.085900000000002,1119.930000000000064,1.250000000000000,0.447370000000000,0.004660000000000,0.000030000000000,0.545400000000000,0.000000000000000,0,0.000050000000000,0.002500000000000,0,0.1010000
25,LL_026,110.720600000000005,38.185899999999997,1070.470000000000027,1.310000000000000,0.388660000000000,0.001790000000000,0.000000000000000,0.604540000000000,0.000000000000000,0,0.000000000000000,0.005020000000000,0,0.0890000
26,LL_027,110.720600000000005,38.285899999999998,967.110000000000014,2.170000000000000,0.173520000000000,0.000290000000000,0.000000000000000,0.809350000000000,0.007100000000000,0,0.000630000000000,0.009120000000000,0,0.4410000
27,LL_028,110.820599999999999,36.885899999999999,1228.500000000000000,1.950000000000000,0.410490000000000,0.032930000000000,0.000000000000000,0.556390000000000,0.000000000000000,0,0.000000000000000,0.000180000000000,0,0.1540000
28,LL_029,110.820599999999999,36.985900000000001,1095.369999999999891,2.350000000000000,0.342220000000000,0.023780000000000,0.000000000000000,0.605160000000000,0.000000000000000,0,0.000050000000000,0.028800000000000,0,0.1910000
29,LL_030,110.820599999999999,37.085900000000002,991.549999999999955,1.930000000000000,0.349220000000000,0.034380000000000,0.000000000000000,0.608060000000000,0.000000000000000,0,0.000000000000000,0.008350000000000,0,0.2790000
30,LL_031,110.820599999999999,37.185899999999997,975.110000000000014,1.740000000000000,0.179820000000000,0.026060000000000,0.000000000000000,0.786460000000000,0.000030000000000,0,0.000000000000000,0.007630000000000,0,0.3290000
31,LL_032,110.820599999999999,37.285899999999998,948.259999999999991,1.900000000000000,0.180660000000000,0.030850000000000,0.000000000000000,0.780960000000000,0.000000000000000,0,0.000000000000000,0.007540000000000,0,0.3740000
32,LL_033,110.820599999999999,37.385899999999999,904.850000000000023,1.860000000000000,0.257680000000000,0.039910000000000,0.000030000000000,0.602970000000000,0.000000000000000,0,0.000000000000000,0.099410000000000,0,0.3550000
33,LL_034,110.820599999999999,37.485900000000001,892.259999999999991,2.010000000000000,0.338350000000000,0.016970000000000,0.000000000000000,0.612360000000000,0.000080000000000,0,0.000000000000000,0.032240000000000,0,0.2760000
34,LL_035,110.820599999999999,37.585900000000002,836.179999999999950,2.440000000000000,0.364390000000000,0.003310000000000,0.000000000000000,0.530670000000000,0.014290000000000,0,0.000240000000000,0.087100000000000,0,0.2870000
35,LL_036,110.820599999999999,37.685899999999997,844.639999999999986,2.610000000000000,0.421950000000000,0.001440000000000,0.000000000000000,0.495290000000000,0.013130000000000,0,0.000040000000000,0.068150000000000,0,0.4030000
36,LL_037,110.820599999999999,37.785899999999998,935.210000000000036,1.680000000000000,0.428590000000000,0.000390000000000,0.000000000000000,0.560990000000000,0.000000000000000,0,0.000000000000000,0.010030000000000,0,0.4480000
37,LL_038,110.820599999999999,37.885899999999999,1005.970000000000027,1.990000000000000,0.396270000000000,0.002810000000000,0.000050000000000,0.596440000000000,0.000000000000000,0,0.000000000000000,0.004430000000000,0,0.3110000
38,LL_039,110.820599999999999,37.985900000000001,1102.190000000000055,1.460000000000000,0.439710000000000,0.008280000000000,0.000000000000000,0.549920000000000,0.000010000000000,0,0.000000000000000,0.002080000000000,0,0.1830000
39,LL_040,110.820599999999999,38.085900000000002,1252.980000000000018,2.190000000000000,0.352050000000000,0.095510000000000,0.021930000000000,0.529830000000000,0.000180000000000,0,0.000010000000000,0.000490000000000,0,0.0810000
40,LL_041,110.820599999999999,38.185899999999997,1235.599999999999909,2.360000000000000,0.218350000000000,0.097430000000000,0.009800000000000,0.673540000000000,0.000000000000000,0,0.000000000000000,0.000890000000000,0,0.1040000
41,LL_042,110.820599999999999,38.285899999999998,1045.259999999999991,1.750000000000000,0.212690000000000,0.001730000000000,0.000000000000000,0.783570000000000,0.000000000000000,0,0.000000000000000,0.002010000000000,0,0.3730000
42,LL_043,110.820599999999999,38.385899999999999,954.929999999999950,1.640000000000000,0.232480000000000,0.002510000000000,0.000000000000000,0.760170000000000,0.001220000000000,0,0.000050000000000,0.003580000000000,0,0.3970000
43,LL_044,110.920599999999993,36.985900000000001,1197.079999999999927,1.890000000000000,0.381770000000000,0.019100000000000,0.000000000000000,0.595780000000000,0.000020000000000,0,0.000030000000000,0.003310000000000,0,0.1250000
44,LL_045,110.920599999999993,37.085900000000002,1131.000000000000000,1.900000000000000,0.349000000000000,0.068120000000000,0.000030000000000,0.579520000000000,0.000000000000000,0,0.000000000000000,0.003330000000000,0,0.2680000
45,LL_046,110.920599999999993,37.185899999999997,1108.329999999999927,1.870000000000000,0.230170000000000,0.105730000000000,0.000060000000000,0.661260000000000,0.000010000000000,0,0.000000000000000,0.002770000000000,0,0.2520000
46,LL_047,110.920599999999993,37.285899999999998,1053.359999999999900,1.530000000000000,0.184290000000000,0.096430000000000,0.000040000000000,0.709250000000000,0.000060000000000,0,0.000000000000000,0.009930000000000,0,0.2760000
47,LL_048,110.920599999999993,37.385899999999999,955.080000000000041,1.770000000000000,0.245050000000000,0.068790000000000,0.000040000000000,0.623780000000000,0.000060000000000,0,0.000000000000000,0.062280000000000,0,0.4600000
48,LL_049,110.920599999999993,37.485900000000001,968.649999999999977,2.140000000000000,0.295700000000000,0.011370000000000,0.000000000000000,0.611720000000000,0.000010000000000,0,0.001520000000000,0.079680000000000,0,0.2760000
49,LL_050,110.920599999999993,37.585900000000002,1050.180000000000064,2.260000000000000,0.387230000000000,0.014910000000000,0.000000000000000,0.566140000000000,0.000000000000000,0,0.000250000000000,0.031470000000000,0,0.0830000
50,LL_051,110.920599999999993,37.685899999999997,937.320000000000050,2.040000000000000,0.446300000000000,0.000470000000000,0.000000000000000,0.495870000000000,0.000030000000000,0,0.000010000000000,0.057330000000000,0,0.2910000
51,LL_052,110.920599999999993,37.785899999999998,956.710000000000036,2.000000000000000,0.460560000000000,0.001610000000000,0.000000000000000,0.496350000000000,0.000190000000000,0,0.000000000000000,0.041280000000000,0,0.3640000
52,LL_053,110.920599999999993,37.885899999999999,1051.960000000000036,1.510000000000000,0.464530000000000,0.006470000000000,0.000000000000000,0.525440000000000,0.000000000000000,0,0.000010000000000,0.003560000000000,0,0.2780000
53,LL_054,110.920599999999993,37.985900000000001,1111.420000000000073,1.320000000000000,0.416950000000000,0.015610000000000,0.000020000000000,0.561920000000000,0.000000000000000,0,0.000000000000000,0.005500000000000,0,0.2400000
54,LL_055,110.920599999999993,38.085900000000002,1274.880000000000109,1.950000000000000,0.355510000000000,0.126930000000000,0.036390000000000,0.480840000000000,0.000000000000000,0,0.000000000000000,0.000330000000000,0,0.1360000
55,LL_056,110.920599999999993,38.185899999999997,1252.410000000000082,1.970000000000000,0.188460000000000,0.091520000000000,0.007560000000000,0.711770000000000,0.000000000000000,0,0.000000000000000,0.000680000000000,0,0.1230000
56,LL_057,110.920599999999993,38.285899999999998,1128.119999999999891,1.380000000000000,0.211480000000000,0.002880000000000,0.000000000000000,0.784380000000000,0.000000000000000,0,0.000070000000000,0.001180000000000,0,0.1910000
57,LL_058,110.920599999999993,38.385899999999999,1052.049999999999955,1.680000000000000,0.182390000000000,0.001550000000000,0.000000000000000,0.814990000000000,0.000000000000000,0,0.000000000000000,0.001080000000000,0,0.2360000
58,LL_059,110.920599999999993,38.485900000000001,915.269999999999982,2.350000000000000,0.251650000000000,0.000260000000000,0.000000000000000,0.713810000000000,0.011530000000000,0,0.000050000000000,0.022700000000000,0,0.5240000
59,LL_060,110.920599999999993,38.585900000000002,912.500000000000000,2.430000000000000,0.200950000000000,0.000470000000000,0.000000000000000,0.742740000000000,0.028530000000000,0,0.000330000000000,0.026980000000000,0,0.3420000
60,LL_061,110.920599999999993,38.685899999999997,909.620000000000005,2.680000000000000,0.199810000000000,0.000070000000000,0.000000000000000,0.735850000000000,0.035180000000000,0,0.000120000000000,0.028970000000000,0,0.2500000
61,LL_062,111.020600000000002,36.985900000000001,1417.890000000000100,2.150000000000000,0.223990000000000,0.261130000000000,0.002800000000000,0.510810000000000,0.000010000000000,0,0.000200000000000,0.001070000000000,0,0.1380000
62,LL_063,111.020600000000002,37.085900000000002,1340.529999999999973,2.370000000000000,0.312050000000000,0.166810000000000,0.000880000000000,0.517850000000000,0.000000000000000,0,0.000000000000000,0.002400000000000,0,0.1080000
63,LL_064,111.020600000000002,37.185899999999997,1297.259999999999991,2.060000000000000,0.271420000000000,0.211250000000000,0.000170000000000,0.515930000000000,0.000020000000000,0,0.000000000000000,0.001210000000000,0,0.1590000
64,LL_065,111.020600000000002,37.285899999999998,1160.700000000000045,1.640000000000000,0.192870000000000,0.154060000000000,0.000070000000000,0.648810000000000,0.000000000000000,0,0.000020000000000,0.004170000000000,0,0.2910000
65,LL_066,111.020600000000002,37.385899999999999,1092.279999999999973,2.080000000000000,0.316460000000000,0.057950000000000,0.000000000000000,0.612800000000000,0.000000000000000,0,0.000000000000000,0.012780000000000,0,0.4630000
66,LL_067,111.020600000000002,37.485900000000001,1064.609999999999900,4.130000000000000,0.119540000000000,0.086190000000000,0.000000000000000,0.751050000000000,0.000000000000000,0,0.000820000000000,0.042410000000000,0,0.4050000
67,LL_068,111.020600000000002,37.585900000000002,1326.069999999999936,3.390000000000000,0.159720000000000,0.188350000000000,0.002200000000000,0.646620000000000,0.000000000000000,0,0.000620000000000,0.002480000000000,0,0.1490000
68,LL_069,111.020600000000002,37.685899999999997,1185.670000000000073,2.520000000000000,0.335300000000000,0.064650000000000,0.000070000000000,0.594620000000000,0.000040000000000,0,0.000400000000000,0.004920000000000,0,0.1510000
69,LL_070,111.020600000000002,37.785899999999998,1000.860000000000014,1.580000000000000,0.462830000000000,0.003270000000000,0.000000000000000,0.499070000000000,0.000000000000000,0,0.000060000000000,0.034780000000000,0,0.4170000
70,LL_071,111.020600000000002,37.885899999999999,1037.059999999999945,1.710000000000000,0.549930000000000,0.012950000000000,0.000000000000000,0.377950000000000,0.000680000000000,0,0.000010000000000,0.058490000000000,0,0.2410000
71,LL_072,111.020600000000002,37.985900000000001,1079.940000000000055,1.610000000000000,0.502950000000000,0.020560000000000,0.000000000000000,0.399870000000000,0.001730000000000,0,0.000060000000000,0.074820000000000,0,0.1780000
72,LL_073,111.020600000000002,38.085900000000002,1142.180000000000064,1.800000000000000,0.455630000000000,0.009370000000000,0.000010000000000,0.500520000000000,0.001720000000000,0,0.000030000000000,0.032730000000000,0,0.0930000
73,LL_074,111.020600000000002,38.185899999999997,1235.700000000000045,1.580000000000000,0.266650000000000,0.003210000000000,0.000000000000000,0.728160000000000,0.000000000000000,0,0.000000000000000,0.001980000000000,0,0.1320000
74,LL_075,111.020600000000002,38.285899999999998,1172.569999999999936,1.350000000000000,0.165420000000000,0.004330000000000,0.000000000000000,0.825870000000000,0.000000000000000,0,0.000000000000000,0.004370000000000,0,0.1260000
75,LL_076,111.020600000000002,38.385899999999999,1077.710000000000036,1.570000000000000,0.216150000000000,0.006950000000000,0.000000000000000,0.767520000000000,0.000000000000000,0,0.000000000000000,0.009380000000000,0,0.3720000
76,LL_077,111.020600000000002,38.485900000000001,1010.649999999999977,1.870000000000000,0.299240000000000,0.002690000000000,0.000000000000000,0.654780000000000,0.000470000000000,0,0.000000000000000,0.042810000000000,0,0.4780000
77,LL_078,111.020600000000002,38.585900000000002,1034.319999999999936,1.550000000000000,0.170390000000000,0.000370000000000,0.000000000000000,0.822460000000000,0.000000000000000,0,0.000580000000000,0.006210000000000,0,0.1690000
78,LL_079,111.120599999999996,36.885899999999999,1567.059999999999945,3.730000000000000,0.134490000000000,0.689150000000000,0.029890000000000,0.144540000000000,0.000050000000000,0,0.000020000000000,0.001870000000000,0,0.1040000
79,LL_080,111.120599999999996,36.985900000000001,1652.970000000000027,3.620000000000000,0.072080000000000,0.816930000000000,0.015680000000000,0.085410000000000,0.000000000000000,0,0.000130000000000,0.009770000000000,0,0.0980000
80,LL_081,111.120599999999996,37.085900000000002,1732.849999999999909,3.970000000000000,0.055300000000000,0.863620000000000,0.016240000000000,0.064490000000000,0.000000000000000,0,0.000040000000000,0.000300000000000,0,0.0480000
81,LL_082,111.120599999999996,37.185899999999997,1656.200000000000045,4.130000000000000,0.033000000000000,0.855750000000000,0.021190000000000,0.089970000000000,0.000020000000000,0,0.000000000000000,0.000070000000000,0,0.1090000
82,LL_083,111.120599999999996,37.285899999999998,1387.980000000000018,2.760000000000000,0.130950000000000,0.493890000000000,0.000850000000000,0.372910000000000,0.000000000000000,0,0.000180000000000,0.001220000000000,0,0.1370000
83,LL_084,111.120599999999996,37.385899999999999,1182.720000000000027,2.800000000000000,0.295780000000000,0.164830000000000,0.000040000000000,0.459920000000000,0.000100000000000,0,0.000150000000000,0.079190000000000,0,0.2740000
84,LL_085,111.120599999999996,37.485900000000001,1013.210000000000036,2.090000000000000,0.309360000000000,0.059240000000000,0.000000000000000,0.371620000000000,0.003440000000000,0,0.000060000000000,0.256290000000000,0,0.4400000
85,LL_086,111.120599999999996,37.585900000000002,1091.160000000000082,2.790000000000000,0.303150000000000,0.052250000000000,0.000150000000000,0.505470000000000,0.002260000000000,0,0.000000000000000,0.136730000000000,0,0.2040000
86,LL_087,111.120599999999996,37.685899999999997,1163.940000000000055,1.930000000000000,0.301530000000000,0.046100000000000,0.000010000000000,0.607730000000000,0.000510000000000,0,0.000300000000000,0.043820000000000,0,0.1450000
87,LL_088,111.120599999999996,37.785899999999998,1161.359999999999900,1.950000000000000,0.366450000000000,0.013250000000000,0.000000000000000,0.613980000000000,0.000000000000000,0,0.000010000000000,0.006310000000000,0,0.3380000
88,LL_089,111.120599999999996,37.885899999999999,1223.519999999999982,2.200000000000000,0.391350000000000,0.049330000000000,0.000130000000000,0.555610000000000,0.000000000000000,0,0.000040000000000,0.003550000000000,0,0.2420000
89,LL_090,111.120599999999996,37.985900000000001,1230.019999999999982,1.840000000000000,0.335980000000000,0.068390000000000,0.000020000000000,0.592200000000000,0.000000000000000,0,0.000000000000000,0.003420000000000,0,0.2080000
90,LL_091,111.120599999999996,38.085900000000002,1261.089999999999918,2.010000000000000,0.216730000000000,0.080190000000000,0.000220000000000,0.692980000000000,0.000000000000000,0,0.000010000000000,0.009870000000000,0,0.1190000
91,LL_092,111.120599999999996,38.185899999999997,1271.640000000000100,1.730000000000000,0.307350000000000,0.014790000000000,0.000000000000000,0.667400000000000,0.000000000000000,0,0.000050000000000,0.010420000000000,0,0.1550000
92,LL_093,111.120599999999996,38.285899999999998,1209.549999999999955,1.060000000000000,0.222790000000000,0.004240000000000,0.000000000000000,0.769640000000000,0.000000000000000,0,0.000000000000000,0.003340000000000,0,0.2060000
93,LL_094,111.120599999999996,38.385899999999999,1166.480000000000018,1.440000000000000,0.187720000000000,0.003210000000000,0.000000000000000,0.804630000000000,0.000000000000000,0,0.000010000000000,0.004440000000000,0,0.2580000
94,LL_095,111.120599999999996,38.485900000000001,1112.359999999999900,1.970000000000000,0.318350000000000,0.005970000000000,0.000000000000000,0.598150000000000,0.000260000000000,0,0.000000000000000,0.077280000000000,0,0.4520000
95,LL_096,111.120599999999996,38.585900000000002,1165.599999999999909,1.860000000000000,0.121660000000000,0.002080000000000,0.000000000000000,0.873390000000000,0.000000000000000,0,0.000000000000000,0.002870000000000,0,0.1280000
96,LL_097,111.120599999999996,38.685899999999997,1105.329999999999927,2.140000000000000,0.202950000000000,0.001560000000000,0.000000000000000,0.764520000000000,0.000040000000000,0,0.000020000000000,0.030930000000000,0,0.3920000
97,LL_098,111.220600000000005,36.785899999999998,1530.809999999999945,3.130000000000000,0.036720000000000,0.866120000000000,0.013280000000000,0.082620000000000,0.000000000000000,0,0.000000000000000,0.001260000000000,0,0.1470000
98,LL_099,111.220600000000005,36.885899999999999,1442.170000000000073,2.260000000000000,0.266510000000000,0.386590000000000,0.004280000000000,0.341610000000000,0.000000000000000,0,0.000000000000000,0.001020000000000,0,0.1780000
99,LL_100,111.220600000000005,36.985900000000001,1512.470000000000027,3.220000000000000,0.141580000000000,0.577270000000000,0.019820000000000,0.245030000000000,0.000710000000000,0,0.000020000000000,0.015570000000000,0,0.2270000
100,LL_101,111.220600000000005,37.085900000000002,1743.519999999999982,4.030000000000000,0.066230000000000,0.840640000000000,0.039010000000000,0.053960000000000,0.000000000000000,0,0.000000000000000,0.000160000000000,0,0.0400000
101,LL_102,111.220600000000005,37.185899999999997,1527.079999999999927,3.900000000000000,0.054610000000000,0.787180000000000,0.034490000000000,0.119200000000000,0.000040000000000,0,0.000050000000000,0.004430000000000,0,0.1720000
102,LL_103,111.220600000000005,37.285899999999998,1398.680000000000064,4.000000000000000,0.060890000000000,0.709500000000000,0.005830000000000,0.200750000000000,0.002660000000000,0,0.000490000000000,0.019890000000000,0,0.1040000
103,LL_104,111.220600000000005,37.385899999999999,1313.299999999999955,3.050000000000000,0.239190000000000,0.309700000000000,0.000810000000000,0.415250000000000,0.000000000000000,0,0.000000000000000,0.035040000000000,0,0.1780000
104,LL_105,111.220600000000005,37.485900000000001,1176.500000000000000,2.780000000000000,0.238630000000000,0.152900000000000,0.000240000000000,0.528840000000000,0.000560000000000,0,0.000270000000000,0.078570000000000,0,0.3250000
105,LL_106,111.220600000000005,37.585900000000002,1220.549999999999955,2.730000000000000,0.170970000000000,0.117720000000000,0.000600000000000,0.701990000000000,0.000100000000000,0,0.000070000000000,0.008550000000000,0,0.1520000
106,LL_107,111.220600000000005,37.685899999999997,1251.529999999999973,3.720000000000000,0.233580000000000,0.153130000000000,0.000550000000000,0.575770000000000,0.000330000000000,0,0.000110000000000,0.036520000000000,0,0.1360000
107,LL_108,111.220600000000005,37.785899999999998,1248.289999999999964,3.520000000000000,0.275440000000000,0.190940000000000,0.001170000000000,0.471700000000000,0.027250000000000,0,0.000020000000000,0.033490000000000,0,0.2210000
108,LL_109,111.220600000000005,37.885899999999999,1326.039999999999964,3.090000000000000,0.278100000000000,0.241750000000000,0.008050000000000,0.419860000000000,0.008740000000000,0,0.000060000000000,0.043440000000000,0,0.2500000
109,LL_110,111.220600000000005,37.985900000000001,1481.309999999999945,3.470000000000000,0.063230000000000,0.546080000000000,0.030430000000000,0.356430000000000,0.000000000000000,0,0.000030000000000,0.003790000000000,0,0.0760000
110,LL_111,111.220600000000005,38.085900000000002,1514.019999999999982,3.010000000000000,0.059110000000000,0.632970000000000,0.017900000000000,0.288580000000000,0.001390000000000,0,0.000000000000000,0.000060000000000,0,0.1670000
111,LL_112,111.220600000000005,38.185899999999997,1458.769999999999982,3.510000000000000,0.151450000000000,0.359620000000000,0.025090000000000,0.456740000000000,0.006410000000000,0,0.000010000000000,0.000680000000000,0,0.1480000
112,LL_113,111.220600000000005,38.285899999999998,1435.539999999999964,2.530000000000000,0.101050000000000,0.197760000000000,0.002470000000000,0.697910000000000,0.000000000000000,0,0.000000000000000,0.000810000000000,0,0.1130000
113,LL_114,111.220600000000005,38.385899999999999,1312.069999999999936,2.480000000000000,0.118550000000000,0.111310000000000,0.000130000000000,0.769070000000000,0.000000000000000,0,0.000000000000000,0.000940000000000,0,0.2760000
114,LL_115,111.220600000000005,38.485900000000001,1257.450000000000045,2.910000000000000,0.137990000000000,0.124660000000000,0.000140000000000,0.715810000000000,0.000000000000000,0,0.000260000000000,0.021140000000000,0,0.4110000
115,LL_116,111.220600000000005,38.585900000000002,1414.579999999999927,2.730000000000000,0.036110000000000,0.285220000000000,0.004350000000000,0.674210000000000,0.000000000000000,0,0.000000000000000,0.000100000000000,0,0.0870000
116,LL_117,111.220600000000005,38.685899999999997,1265.599999999999909,3.190000000000000,0.045200000000000,0.191150000000000,0.000040000000000,0.761760000000000,0.000000000000000,0,0.000000000000000,0.001850000000000,0,0.3740000
117,LL_118,111.320599999999999,36.785899999999998,1240.849999999999909,2.130000000000000,0.394390000000000,0.232800000000000,0.000710000000000,0.361280000000000,0.000000000000000,0,0.000140000000000,0.010680000000000,0,0.2910000
118,LL_119,111.320599999999999,36.885899999999999,1243.190000000000055,2.290000000000000,0.293560000000000,0.246040000000000,0.000630000000000,0.459440000000000,0.000000000000000,0,0.000000000000000,0.000330000000000,0,0.2570000
119,LL_120,111.320599999999999,36.985900000000001,1404.859999999999900,2.300000000000000,0.065090000000000,0.752310000000000,0.010380000000000,0.172210000000000,0.000000000000000,0,0.000000000000000,0.000000000000000,0,0.1440000
120,LL_121,111.320599999999999,37.085900000000002,1498.259999999999991,2.820000000000000,0.046570000000000,0.860380000000000,0.049750000000000,0.043050000000000,0.000000000000000,0,0.000140000000000,0.000110000000000,0,0.1790000
121,LL_122,111.320599999999999,37.185899999999997,1587.769999999999982,3.300000000000000,0.034380000000000,0.837440000000000,0.085450000000000,0.042080000000000,0.000000000000000,0,0.000010000000000,0.000640000000000,0,0.1120000
122,LL_123,111.320599999999999,37.285899999999998,1464.450000000000045,3.330000000000000,0.103260000000000,0.575670000000000,0.027930000000000,0.273640000000000,0.000000000000000,0,0.000210000000000,0.019300000000000,0,0.2070000
123,LL_124,111.320599999999999,37.385899999999999,1610.750000000000000,3.770000000000000,0.012970000000000,0.879220000000000,0.022910000000000,0.084620000000000,0.000000000000000,0,0.000000000000000,0.000280000000000,0,0.1070000
124,LL_125,111.320599999999999,37.485900000000001,1379.000000000000000,4.420000000000000,0.104800000000000,0.386060000000000,0.006360000000000,0.497460000000000,0.000000000000000,0,0.000050000000000,0.005260000000000,0,0.1660000
125,LL_126,111.320599999999999,37.585900000000002,1301.920000000000073,3.330000000000000,0.207700000000000,0.255410000000000,0.003850000000000,0.512330000000000,0.000000000000000,0,0.000030000000000,0.020680000000000,0,0.3340000
126,LL_127,111.320599999999999,37.685899999999997,1480.509999999999991,4.070000000000000,0.104250000000000,0.570690000000000,0.012240000000000,0.311310000000000,0.000040000000000,0,0.000000000000000,0.001480000000000,0,0.1920000
127,LL_128,111.320599999999999,37.785899999999998,1508.650000000000091,4.450000000000000,0.076280000000000,0.653180000000000,0.026240000000000,0.242700000000000,0.000000000000000,0,0.000020000000000,0.001590000000000,0,0.1240000
128,LL_129,111.320599999999999,37.885899999999999,1573.980000000000018,4.980000000000000,0.100630000000000,0.608370000000000,0.017220000000000,0.273240000000000,0.000000000000000,0,0.000010000000000,0.000530000000000,0,0.1020000
129,LL_130,111.320599999999999,37.985900000000001,1455.900000000000091,3.810000000000000,0.229450000000000,0.325110000000000,0.020680000000000,0.415350000000000,0.000000000000000,0,0.000060000000000,0.009330000000000,0,0.2060000
130,LL_131,111.320599999999999,38.085900000000002,1671.069999999999936,3.780000000000000,0.029880000000000,0.787390000000000,0.042890000000000,0.139840000000000,0.000000000000000,0,0.000000000000000,0.000000000000000,0,0.1280000
131,LL_132,111.320599999999999,38.185899999999997,1664.359999999999900,4.130000000000000,0.087570000000000,0.689330000000000,0.047830000000000,0.175160000000000,0.000000000000000,0,0.000000000000000,0.000110000000000,0,0.1710000
132,LL_133,111.320599999999999,38.285899999999998,1700.920000000000073,4.770000000000000,0.112130000000000,0.644590000000000,0.041440000000000,0.201810000000000,0.000000000000000,0,0.000000000000000,0.000020000000000,0,0.1030000
133,LL_134,111.320599999999999,38.385899999999999,1528.609999999999900,3.650000000000000,0.113250000000000,0.419020000000000,0.015830000000000,0.450320000000000,0.000000000000000,0,0.000000000000000,0.001580000000000,0,0.1070000
134,LL_135,111.320599999999999,38.485900000000001,1435.250000000000000,3.520000000000000,0.096510000000000,0.486630000000000,0.006640000000000,0.402440000000000,0.000070000000000,0,0.000000000000000,0.007700000000000,0,0.2410000
135,LL_136,111.320599999999999,38.585900000000002,1507.029999999999973,3.820000000000000,0.026780000000000,0.493240000000000,0.010720000000000,0.469210000000000,0.000000000000000,0,0.000000000000000,0.000060000000000,0,0.1470000
136,LL_137,111.420599999999993,36.885899999999999,1057.720000000000027,2.080000000000000,0.350560000000000,0.107410000000000,0.000050000000000,0.499260000000000,0.000240000000000,0,0.000520000000000,0.041950000000000,0,0.5000000
137,LL_138,111.420599999999993,36.985900000000001,1146.569999999999936,1.820000000000000,0.462960000000000,0.114440000000000,0.000590000000000,0.398640000000000,0.000080000000000,0,0.000010000000000,0.023260000000000,0,0.3290000
138,LL_139,111.420599999999993,37.085900000000002,1231.529999999999973,1.840000000000000,0.384610000000000,0.278670000000000,0.004390000000000,0.319460000000000,0.000000000000000,0,0.000230000000000,0.012630000000000,0,0.3060000
139,LL_140,111.420599999999993,37.185899999999997,1324.490000000000009,2.200000000000000,0.231360000000000,0.570760000000000,0.010920000000000,0.184940000000000,0.000000000000000,0,0.000220000000000,0.001810000000000,0,0.1900000
140,LL_141,111.420599999999993,37.285899999999998,1508.500000000000000,2.640000000000000,0.112000000000000,0.709600000000000,0.058880000000000,0.119510000000000,0.000000000000000,0,0.000000000000000,0.000010000000000,0,0.1530000
141,LL_142,111.420599999999993,37.385899999999999,1641.799999999999955,3.900000000000000,0.064700000000000,0.729730000000000,0.055780000000000,0.146950000000000,0.000000000000000,0,0.000000000000000,0.002840000000000,0,0.1090000
142,LL_143,111.420599999999993,37.485900000000001,1539.640000000000100,3.860000000000000,0.071230000000000,0.609010000000000,0.029330000000000,0.280810000000000,0.006590000000000,0,0.000000000000000,0.003020000000000,0,0.1780000
143,LL_144,111.420599999999993,37.585900000000002,1475.200000000000045,3.760000000000000,0.138080000000000,0.544160000000000,0.014090000000000,0.300960000000000,0.000290000000000,0,0.000000000000000,0.002410000000000,0,0.2820000
144,LL_145,111.420599999999993,37.685899999999997,1744.119999999999891,5.920000000000000,0.031530000000000,0.857010000000000,0.027720000000000,0.080590000000000,0.002710000000000,0,0.000000000000000,0.000440000000000,0,0.1730000
145,LL_146,111.420599999999993,37.785899999999998,1900.430000000000064,5.840000000000000,0.016330000000000,0.925660000000000,0.023050000000000,0.034960000000000,0.000000000000000,0,0.000000000000000,0.000000000000000,0,0.1710000
146,LL_147,111.420599999999993,37.885899999999999,2006.430000000000064,6.230000000000000,0.005570000000000,0.948620000000000,0.021960000000000,0.023770000000000,0.000000000000000,0,0.000020000000000,0.000060000000000,0,0.1260000
147,LL_148,111.420599999999993,37.985900000000001,1606.720000000000027,4.450000000000000,0.196530000000000,0.500540000000000,0.005810000000000,0.290630000000000,0.000480000000000,0,0.000040000000000,0.005970000000000,0,0.1780000
148,LL_149,111.420599999999993,38.085900000000002,1571.950000000000045,3.830000000000000,0.281000000000000,0.274040000000000,0.006510000000000,0.434830000000000,0.000000000000000,0,0.000000000000000,0.003620000000000,0,0.2230000
149,LL_150,111.420599999999993,38.185899999999997,1554.500000000000000,2.790000000000000,0.243730000000000,0.334140000000000,0.020420000000000,0.398470000000000,0.001660000000000,0,0.000000000000000,0.001590000000000,0,0.1730000
150,LL_151,111.420599999999993,38.285899999999998,1786.160000000000082,5.180000000000000,0.079060000000000,0.648510000000000,0.106360000000000,0.166030000000000,0.000000000000000,0,0.000000000000000,0.000040000000000,0,0.0910000
151,LL_152,111.420599999999993,38.385899999999999,1802.210000000000036,5.160000000000000,0.056910000000000,0.707510000000000,0.053990000000000,0.180930000000000,0.000000000000000,0,0.000000000000000,0.000660000000000,0,0.1150000
152,LL_153,111.420599999999993,38.485900000000001,1575.480000000000018,4.030000000000000,0.125890000000000,0.393450000000000,0.008460000000000,0.466190000000000,0.000000000000000,0,0.000020000000000,0.005990000000000,0,0.1590000
153,LL_154,111.520600000000002,36.885899999999999,955.909999999999968,2.130000000000000,0.520410000000000,0.048170000000000,0.000000000000000,0.364080000000000,0.000090000000000,0,0.000000000000000,0.067250000000000,0,0.4610000
154,LL_155,111.520600000000002,37.085900000000002,1093.400000000000091,1.620000000000000,0.598810000000000,0.047670000000000,0.000000000000000,0.298650000000000,0.000070000000000,0,0.000130000000000,0.054660000000000,0,0.2890000
155,LL_156,111.520600000000002,37.185899999999997,1126.450000000000045,1.780000000000000,0.647890000000000,0.054430000000000,0.000000000000000,0.271090000000000,0.000040000000000,0,0.000020000000000,0.026530000000000,0,0.3340000
156,LL_157,111.520600000000002,37.285899999999998,1303.730000000000018,2.400000000000000,0.288600000000000,0.456760000000000,0.015060000000000,0.239280000000000,0.000000000000000,0,0.000000000000000,0.000290000000000,0,0.1320000
157,LL_158,111.520600000000002,37.385899999999999,1585.329999999999927,3.210000000000000,0.073420000000000,0.723430000000000,0.034260000000000,0.167020000000000,0.000000000000000,0,0.000000000000000,0.001870000000000,0,0.1420000
158,LL_159,111.520600000000002,37.485900000000001,1688.819999999999936,3.790000000000000,0.064740000000000,0.742630000000000,0.033390000000000,0.158500000000000,0.000000000000000,0,0.000060000000000,0.000670000000000,0,0.1700000
159,LL_160,111.520600000000002,37.585900000000002,1835.740000000000009,4.630000000000000,0.065170000000000,0.737830000000000,0.022010000000000,0.174970000000000,0.000020000000000,0,0.000000000000000,0.000000000000000,0,0.1130000
160,LL_161,111.520600000000002,37.685899999999997,1717.029999999999973,6.490000000000000,0.038800000000000,0.918210000000000,0.014200000000000,0.027450000000000,0.000000000000000,0,0.000000000000000,0.001330000000000,0,0.1910000
161,LL_162,111.520600000000002,37.785899999999998,1822.539999999999964,5.930000000000000,0.081680000000000,0.793290000000000,0.036000000000000,0.088110000000000,0.000000000000000,0,0.000000000000000,0.000920000000000,0,0.1030000
162,LL_163,111.520600000000002,37.885899999999999,2171.980000000000018,7.560000000000000,0.018040000000000,0.838500000000000,0.039550000000000,0.103730000000000,0.000000000000000,0,0.000030000000000,0.000160000000000,0,0.0550000
163,LL_164,111.520600000000002,37.985900000000001,1783.740000000000009,4.860000000000000,0.119040000000000,0.524590000000000,0.024280000000000,0.331090000000000,0.000000000000000,0,0.000000000000000,0.001000000000000,0,0.0850000
164,LL_165,111.520600000000002,38.085900000000002,1858.440000000000055,5.220000000000000,0.084410000000000,0.566440000000000,0.041140000000000,0.306080000000000,0.001680000000000,0,0.000000000000000,0.000250000000000,0,0.1830000
165,LL_166,111.520600000000002,38.185899999999997,1552.880000000000109,4.750000000000000,0.307120000000000,0.258340000000000,0.019330000000000,0.387350000000000,0.004660000000000,0,0.001680000000000,0.021530000000000,0,0.1430000
166,LL_167,111.520600000000002,38.285899999999998,1374.740000000000009,3.110000000000000,0.551720000000000,0.091740000000000,0.020710000000000,0.311120000000000,0.000000000000000,0,0.000000000000000,0.024710000000000,0,0.2710000
167,LL_168,111.520600000000002,38.385899999999999,1578.789999999999964,4.080000000000000,0.224390000000000,0.298620000000000,0.045690000000000,0.430480000000000,0.000000000000000,0,0.000000000000000,0.000810000000000,0,0.1590000
168,LL_169,111.520600000000002,38.485900000000001,1876.069999999999936,4.810000000000000,0.113560000000000,0.501000000000000,0.030610000000000,0.354810000000000,0.000000000000000,0,0.000000000000000,0.000030000000000,0,0.0990000
169,LL_170,111.620599999999996,36.985900000000001,1040.759999999999991,1.750000000000000,0.487430000000000,0.085550000000000,0.000010000000000,0.410710000000000,0.000080000000000,0,0.000000000000000,0.016210000000000,0,0.0830000
170,LL_171,111.620599999999996,37.085900000000002,977.879999999999995,1.710000000000000,0.615200000000000,0.068430000000000,0.000000000000000,0.227560000000000,0.000000000000000,0,0.000000000000000,0.088810000000000,0,0.2720000
171,LL_172,111.620599999999996,37.185899999999997,975.889999999999986,1.480000000000000,0.780780000000000,0.012300000000000,0.000000000000000,0.073030000000000,0.000000000000000,0,0.000000000000000,0.133900000000000,0,0.3410000
172,LL_173,111.620599999999996,37.285899999999998,1139.740000000000009,2.030000000000000,0.668970000000000,0.055860000000000,0.000580000000000,0.253920000000000,0.000000000000000,0,0.000080000000000,0.020580000000000,0,0.2570000
173,LL_174,111.620599999999996,37.385899999999999,1538.880000000000109,3.980000000000000,0.103340000000000,0.744270000000000,0.051920000000000,0.100440000000000,0.000000000000000,0,0.000000000000000,0.000030000000000,0,0.1770000
174,LL_175,111.620599999999996,37.485900000000001,1752.720000000000027,4.100000000000000,0.059980000000000,0.905410000000000,0.011140000000000,0.023290000000000,0.000000000000000,0,0.000000000000000,0.000180000000000,0,0.1020000
175,LL_176,111.620599999999996,37.585900000000002,1777.789999999999964,4.930000000000000,0.065330000000000,0.800560000000000,0.041650000000000,0.092450000000000,0.000000000000000,0,0.000000000000000,0.000010000000000,0,0.1860000
176,LL_177,111.620599999999996,37.685899999999997,1501.740000000000009,5.120000000000000,0.084640000000000,0.734600000000000,0.017550000000000,0.159790000000000,0.000000000000000,0,0.000000000000000,0.003420000000000,0,0.2610000
177,LL_178,111.620599999999996,37.785899999999998,1851.880000000000109,5.200000000000000,0.025840000000000,0.867680000000000,0.022460000000000,0.083990000000000,0.000000000000000,0,0.000000000000000,0.000040000000000,0,0.1720000
178,LL_179,111.620599999999996,38.185899999999997,1445.079999999999927,3.190000000000000,0.208270000000000,0.111400000000000,0.002360000000000,0.635350000000000,0.000020000000000,0,0.007110000000000,0.035490000000000,0,0.2660000
179,LL_180,111.620599999999996,38.285899999999998,1210.309999999999945,1.200000000000000,0.779040000000000,0.027300000000000,0.000000000000000,0.093190000000000,0.001670000000000,0,0.000010000000000,0.098790000000000,0,0.4770000
180,LL_181,111.620599999999996,38.385899999999999,1365.210000000000036,2.540000000000000,0.445720000000000,0.064930000000000,0.015580000000000,0.465420000000000,0.000710000000000,0,0.000040000000000,0.007600000000000,0,0.3490000
181,LL_182,111.620599999999996,38.485900000000001,1831.680000000000064,3.960000000000000,0.149540000000000,0.460240000000000,0.036690000000000,0.352680000000000,0.000000000000000,0,0.000000000000000,0.000850000000000,0,0.1270000
182,LL_183,111.720600000000005,37.085900000000002,874.159999999999968,1.550000000000000,0.657110000000000,0.030200000000000,0.000000000000000,0.088300000000000,0.022370000000000,0,0.000000000000000,0.202010000000000,0,0.2930000
183,LL_184,111.720600000000005,37.185899999999997,808.620000000000005,0.670000000000000,0.676450000000000,0.000040000000000,0.000000000000000,0.001060000000000,0.001050000000000,0,0.000080000000000,0.321320000000000,0,0.3900000
184,LL_185,111.720600000000005,37.285899999999998,916.240000000000009,2.130000000000000,0.787990000000000,0.000790000000000,0.000000000000000,0.046400000000000,0.000070000000000,0,0.000000000000000,0.164740000000000,0,0.3700000
185,LL_186,111.720600000000005,37.385899999999999,1289.819999999999936,3.910000000000000,0.447820000000000,0.404140000000000,0.028030000000000,0.114020000000000,0.000000000000000,0,0.000000000000000,0.006000000000000,0,0.1850000
186,LL_187,111.720600000000005,37.485900000000001,1588.619999999999891,3.710000000000000,0.078420000000000,0.885810000000000,0.012790000000000,0.022230000000000,0.000000000000000,0,0.000000000000000,0.000750000000000,0,0.1420000
187,LL_188,111.720600000000005,37.585900000000002,1588.630000000000109,5.820000000000000,0.018990000000000,0.917100000000000,0.012200000000000,0.051600000000000,0.000030000000000,0,0.000000000000000,0.000090000000000,0,0.1810000
188,LL_189,111.720600000000005,37.685899999999997,1397.130000000000109,3.580000000000000,0.055330000000000,0.699180000000000,0.012710000000000,0.228470000000000,0.003250000000000,0,0.000000000000000,0.001060000000000,0,0.3780000
189,LL_190,111.720600000000005,37.785899999999998,1629.180000000000064,4.720000000000000,0.075170000000000,0.716990000000000,0.024780000000000,0.182640000000000,0.000000000000000,0,0.000000000000000,0.000420000000000,0,0.1320000
190,LL_191,111.720600000000005,38.185899999999997,1323.720000000000027,2.140000000000000,0.250770000000000,0.062510000000000,0.000430000000000,0.662520000000000,0.000000000000000,0,0.000020000000000,0.023760000000000,0,0.3130000
191,LL_192,111.720600000000005,38.285899999999998,1239.680000000000064,1.370000000000000,0.407630000000000,0.034350000000000,0.000010000000000,0.498130000000000,0.000060000000000,0,0.000040000000000,0.059790000000000,0,0.4660000
192,LL_193,111.720600000000005,38.385899999999999,1350.349999999999909,1.960000000000000,0.365010000000000,0.029050000000000,0.000010000000000,0.587890000000000,0.003320000000000,0,0.000000000000000,0.014710000000000,0,0.4870000
193,LL_194,111.720600000000005,38.485900000000001,1669.009999999999991,3.510000000000000,0.164660000000000,0.247930000000000,0.016430000000000,0.570060000000000,0.000000000000000,0,0.000000000000000,0.000920000000000,0,0.1190000
194,LL_195,111.720600000000005,38.585900000000002,1744.769999999999982,4.320000000000000,0.136970000000000,0.374070000000000,0.010120000000000,0.476050000000000,0.001520000000000,0,0.000430000000000,0.000860000000000,0,0.2060000
195,LL_196,111.820599999999999,37.085900000000002,751.450000000000045,0.490000000000000,0.421710000000000,0.000360000000000,0.000000000000000,0.001910000000000,0.003580000000000,0,0.000130000000000,0.572320000000000,0,0.4360000
196,LL_197,111.820599999999999,37.185899999999997,744.970000000000027,0.270000000000000,0.656100000000000,0.000000000000000,0.000000000000000,0.000570000000000,0.000740000000000,0,0.000000000000000,0.342590000000000,0,0.3770000
197,LL_198,111.820599999999999,37.285899999999998,769.399999999999977,0.680000000000000,0.733830000000000,0.000000000000000,0.000000000000000,0.000460000000000,0.001790000000000,0,0.000020000000000,0.263910000000000,0,0.2840000
198,LL_199,111.820599999999999,37.385899999999999,1116.089999999999918,3.720000000000000,0.460060000000000,0.278480000000000,0.012700000000000,0.220250000000000,0.000000000000000,0,0.000120000000000,0.028390000000000,0,0.2050000
199,LL_200,111.820599999999999,37.485900000000001,1502.089999999999918,5.380000000000000,0.023710000000000,0.925890000000000,0.030500000000000,0.019900000000000,0.000000000000000,0,0.000000000000000,0.000010000000000,0,0.1050000
200,LL_201,111.820599999999999,37.585900000000002,1324.450000000000045,5.140000000000000,0.038120000000000,0.815060000000000,0.017000000000000,0.120600000000000,0.006480000000000,0,0.000020000000000,0.002720000000000,0,0.3780000
201,LL_202,111.820599999999999,37.685899999999997,1450.349999999999909,3.970000000000000,0.032710000000000,0.709390000000000,0.041410000000000,0.209030000000000,0.006870000000000,0,0.000000000000000,0.000590000000000,0,0.3000000
202,LL_203,111.820599999999999,37.785899999999998,1633.220000000000027,5.380000000000000,0.081480000000000,0.742250000000000,0.037240000000000,0.138560000000000,0.000000000000000,0,0.000000000000000,0.000460000000000,0,0.1300000
203,LL_204,111.920599999999993,37.185899999999997,738.220000000000027,0.200000000000000,0.835900000000000,0.000000000000000,0.000000000000000,0.000620000000000,0.000680000000000,0,0.000120000000000,0.162680000000000,0,0.3410000
204,LL_205,111.920599999999993,37.285899999999998,747.570000000000050,0.120000000000000,0.823460000000000,0.000000000000000,0.000000000000000,0.000000000000000,0.000030000000000,0,0.000000000000000,0.176510000000000,0,0.2990000
205,LL_206,111.920599999999993,37.385899999999999,888.690000000000055,2.500000000000000,0.572750000000000,0.080840000000000,0.001710000000000,0.162860000000000,0.000540000000000,0,0.000250000000000,0.181050000000000,0,0.1460000
206,LL_207,111.920599999999993,37.485900000000001,1385.529999999999973,5.930000000000000,0.065520000000000,0.755480000000000,0.040170000000000,0.133360000000000,0.000060000000000,0,0.000570000000000,0.004840000000000,0,0.2150000
207,LL_208,111.920599999999993,37.585900000000002,1254.930000000000064,5.180000000000000,0.105070000000000,0.654320000000000,0.021080000000000,0.196000000000000,0.000010000000000,0,0.000010000000000,0.023510000000000,0,0.2830000
208,LL_209,111.920599999999993,37.685899999999997,1421.549999999999955,4.910000000000000,0.125660000000000,0.522940000000000,0.019600000000000,0.303190000000000,0.000040000000000,0,0.000070000000000,0.028490000000000,0,0.2110000
209,LL_210,112.020600000000002,37.285899999999998,745.450000000000045,0.110000000000000,0.892170000000000,0.000000000000000,0.000000000000000,0.000010000000000,0.000010000000000,0,0.000000000000000,0.107810000000000,0,0.2710000
210,LL_211,112.020600000000002,37.385899999999999,763.159999999999968,0.610000000000000,0.696670000000000,0.001150000000000,0.000030000000000,0.006540000000000,0.000070000000000,0,0.000000000000000,0.295540000000000,0,0.1570000
211,LL_212,112.020600000000002,37.485900000000001,916.360000000000014,3.230000000000000,0.310030000000000,0.102850000000000,0.000060000000000,0.290840000000000,0.033130000000000,0,0.000000000000000,0.263100000000000,0,0.3600000
212,LL_213,112.020600000000002,37.585900000000002,1173.930000000000064,3.500000000000000,0.146790000000000,0.298600000000000,0.000420000000000,0.532980000000000,0.000060000000000,0,0.000000000000000,0.021130000000000,0,0.2370000
213,LL_214,112.020600000000002,37.685899999999997,1506.750000000000000,4.150000000000000,0.082950000000000,0.590150000000000,0.013350000000000,0.309410000000000,0.000000000000000,0,0.000070000000000,0.004060000000000,0,0.1120000
214,LL_215,112.120599999999996,37.285899999999998,745.740000000000009,0.090000000000000,0.863830000000000,0.000000000000000,0.000000000000000,0.000030000000000,0.002350000000000,0,0.000000000000000,0.133790000000000,0,0.2890000
215,LL_216,112.120599999999996,37.385899999999999,749.700000000000045,0.080000000000000,0.850040000000000,0.000000000000000,0.000000000000000,0.000010000000000,0.000000000000000,0,0.000000000000000,0.149950000000000,0,0.2810000
216,LL_217,112.120599999999996,37.485900000000001,764.289999999999964,0.260000000000000,0.685670000000000,0.000110000000000,0.000000000000000,0.005550000000000,0.000140000000000,0,0.000000000000000,0.308540000000000,0,0.2600000
217,LL_218,112.120599999999996,37.585900000000002,1016.519999999999982,4.090000000000000,0.337460000000000,0.130010000000000,0.000210000000000,0.366780000000000,0.000050000000000,0,0.000000000000000,0.165490000000000,0,0.3110000
218,LL_219,112.120599999999996,37.685899999999997,1494.869999999999891,3.540000000000000,0.162540000000000,0.449390000000000,0.030760000000000,0.354220000000000,0.000000000000000,0,0.000000000000000,0.003090000000000,0,0.1630000
219,LL_220,112.220600000000005,37.385899999999999,755.490000000000009,0.100000000000000,0.805620000000000,0.000000000000000,0.000000000000000,0.000000000000000,0.004360000000000,0,0.000010000000000,0.190020000000000,0,0.2990000
220,LL_221,112.220600000000005,37.485900000000001,763.450000000000045,0.060000000000000,0.830420000000000,0.000000000000000,0.000000000000000,0.000020000000000,0.000000000000000,0,0.000000000000000,0.169560000000000,0,0.3130000
221,LL_222,112.220600000000005,37.585900000000002,828.210000000000036,1.960000000000000,0.344480000000000,0.000630000000000,0.000000000000000,0.202030000000000,0.007730000000000,0,0.000000000000000,0.445130000000000,0,0.2330000