LOAD_ZONE,TIMEPOINT,dr_shift_down_limit,dr_shift_up_limit
inside_lvliang,1,75.68761547,75.68761547
inside_lvliang,2,75.14654163,75.14654163
inside_lvliang,3,74.28904499,74.28904499
inside_lvliang,4,73.28493056,73.28493056
inside_lvliang,5,72.42167777,72.42167777
inside_lvliang,6,72.50226327,72.50226327
inside_lvliang,7,74.11619894,74.11619894
inside_lvliang,8,77.28971314,77.28971314
inside_lvliang,9,77.22655889,77.22655889
inside_lvliang,10,78.25402354,78.25402354
inside_lvliang,11,75.68745257,75.68745257
inside_lvliang,12,75.29028134,75.29028134
inside_lvliang,13,75.67865548,75.67865548
inside_lvliang,14,72.4877101,72.4877101
inside_lvliang,15,71.78850628,71.78850628
inside_lvliang,16,72.61977469,72.61977469
inside_lvliang,17,74.24826353,74.24826353
inside_lvliang,18,80.69330857,80.69330857
inside_lvliang,19,85.74298699,85.74298699
inside_lvliang,20,87.08991544,87.08991544
inside_lvliang,21,84.83113318,84.83113318
inside_lvliang,22,84.2873442,84.2873442
inside_lvliang,23,81.26044778,81.26044778
inside_lvliang,24,76.98480251,76.98480251
inside_lvliang,25,75.68761547,75.68761547
inside_lvliang,26,75.14654163,75.14654163
inside_lvliang,27,74.28904499,74.28904499
inside_lvliang,28,73.28493056,73.28493056
inside_lvliang,29,72.42167777,72.42167777
inside_lvliang,30,72.50226327,72.50226327
inside_lvliang,31,74.11619894,74.11619894
inside_lvliang,32,77.28971314,77.28971314
inside_lvliang,33,77.22655889,77.22655889
inside_lvliang,34,78.25402354,78.25402354
inside_lvliang,35,75.68745257,75.68745257
inside_lvliang,36,75.29028134,75.29028134
inside_lvliang,37,75.67865548,75.67865548
inside_lvliang,38,72.4877101,72.4877101
inside_lvliang,39,71.78850628,71.78850628
inside_lvliang,40,72.61977469,72.61977469
inside_lvliang,41,74.24826353,74.24826353
inside_lvliang,42,80.69330857,80.69330857
inside_lvliang,43,85.74298699,85.74298699
inside_lvliang,44,87.08991544,87.08991544
inside_lvliang,45,84.83113318,84.83113318
inside_lvliang,46,84.2873442,84.2873442
inside_lvliang,47,81.26044778,81.26044778
inside_lvliang,48,76.98480251,76.98480251
inside_lvliang,49,75.68761547,75.68761547
inside_lvliang,50,75.14654163,75.14654163
inside_lvliang,51,74.28904499,74.28904499
inside_lvliang,52,73.28493056,73.28493056
inside_lvliang,53,72.42167777,72.42167777
inside_lvliang,54,72.50226327,72.50226327
inside_lvliang,55,74.11619894,74.11619894
inside_lvliang,56,77.28971314,77.28971314
inside_lvliang,57,77.22655889,77.22655889
inside_lvliang,58,78.25402354,78.25402354
inside_lvliang,59,75.68745257,75.68745257
inside_lvliang,60,75.29028134,75.29028134
inside_lvliang,61,75.67865548,75.67865548
inside_lvliang,62,72.4877101,72.4877101
inside_lvliang,63,71.78850628,71.78850628
inside_lvliang,64,72.61977469,72.61977469
inside_lvliang,65,74.24826353,74.24826353
inside_lvliang,66,80.69330857,80.69330857
inside_lvliang,67,85.74298699,85.74298699
inside_lvliang,68,87.08991544,87.08991544
inside_lvliang,69,84.83113318,84.83113318
inside_lvliang,70,84.2873442,84.2873442
inside_lvliang,71,81.26044778,81.26044778
inside_lvliang,72,76.98480251,76.98480251
inside_lvliang,73,75.68761547,75.68761547
inside_lvliang,74,75.14654163,75.14654163
inside_lvliang,75,74.28904499,74.28904499
inside_lvliang,76,73.28493056,73.28493056
inside_lvliang,77,72.42167777,72.42167777
inside_lvliang,78,72.50226327,72.50226327
inside_lvliang,79,74.11619894,74.11619894
inside_lvliang,80,77.28971314,77.28971314
inside_lvliang,81,77.22655889,77.22655889
inside_lvliang,82,78.25402354,78.25402354
inside_lvliang,83,75.68745257,75.68745257
inside_lvliang,84,75.29028134,75.29028134
inside_lvliang,85,75.67865548,75.67865548
inside_lvliang,86,72.4877101,72.4877101
inside_lvliang,87,71.78850628,71.78850628
inside_lvliang,88,72.61977469,72.61977469
inside_lvliang,89,74.24826353,74.24826353
inside_lvliang,90,80.69330857,80.69330857
inside_lvliang,91,85.74298699,85.74298699
inside_lvliang,92,87.08991544,87.08991544
inside_lvliang,93,84.83113318,84.83113318
inside_lvliang,94,84.2873442,84.2873442
inside_lvliang,95,81.26044778,81.26044778
inside_lvliang,96,76.98480251,76.98480251
inside_lvliang,97,75.68761547,75.68761547
inside_lvliang,98,75.14654163,75.14654163
inside_lvliang,99,74.28904499,74.28904499
inside_lvliang,100,73.28493056,73.28493056
inside_lvliang,101,72.42167777,72.42167777
inside_lvliang,102,72.50226327,72.50226327
inside_lvliang,103,74.11619894,74.11619894
inside_lvliang,104,77.28971314,77.28971314
inside_lvliang,105,77.22655889,77.22655889
inside_lvliang,106,78.25402354,78.25402354
inside_lvliang,107,75.68745257,75.68745257
inside_lvliang,108,75.29028134,75.29028134
inside_lvliang,109,75.67865548,75.67865548
inside_lvliang,110,72.4877101,72.4877101
inside_lvliang,111,71.78850628,71.78850628
inside_lvliang,112,72.61977469,72.61977469
inside_lvliang,113,74.24826353,74.24826353
inside_lvliang,114,80.69330857,80.69330857
inside_lvliang,115,85.74298699,85.74298699
inside_lvliang,116,87.08991544,87.08991544
inside_lvliang,117,84.83113318,84.83113318
inside_lvliang,118,84.2873442,84.2873442
inside_lvliang,119,81.26044778,81.26044778
inside_lvliang,120,76.98480251,76.98480251
inside_lvliang,121,75.68761547,75.68761547
inside_lvliang,122,75.14654163,75.14654163
inside_lvliang,123,74.28904499,74.28904499
inside_lvliang,124,73.28493056,73.28493056
inside_lvliang,125,72.42167777,72.42167777
inside_lvliang,126,72.50226327,72.50226327
inside_lvliang,127,74.11619894,74.11619894
inside_lvliang,128,77.28971314,77.28971314
inside_lvliang,129,77.22655889,77.22655889
inside_lvliang,130,78.25402354,78.25402354
inside_lvliang,131,75.68745257,75.68745257
inside_lvliang,132,75.29028134,75.29028134
inside_lvliang,133,75.67865548,75.67865548
inside_lvliang,134,72.4877101,72.4877101
inside_lvliang,135,71.78850628,71.78850628
inside_lvliang,136,72.61977469,72.61977469
inside_lvliang,137,74.24826353,74.24826353
inside_lvliang,138,80.69330857,80.69330857
inside_lvliang,139,85.74298699,85.74298699
inside_lvliang,140,87.08991544,87.08991544
inside_lvliang,141,84.83113318,84.83113318
inside_lvliang,142,84.2873442,84.2873442
inside_lvliang,143,81.26044778,81.26044778
inside_lvliang,144,76.98480251,76.98480251
inside_lvliang,145,75.68761547,75.68761547
inside_lvliang,146,75.14654163,75.14654163
inside_lvliang,147,74.28904499,74.28904499
inside_lvliang,148,73.28493056,73.28493056
inside_lvliang,149,72.42167777,72.42167777
inside_lvliang,150,72.50226327,72.50226327
inside_lvliang,151,74.11619894,74.11619894
inside_lvliang,152,77.28971314,77.28971314
inside_lvliang,153,77.22655889,77.22655889
inside_lvliang,154,78.25402354,78.25402354
inside_lvliang,155,75.68745257,75.68745257
inside_lvliang,156,75.29028134,75.29028134
inside_lvliang,157,75.67865548,75.67865548
inside_lvliang,158,72.4877101,72.4877101
inside_lvliang,159,71.78850628,71.78850628
inside_lvliang,160,72.61977469,72.61977469
inside_lvliang,161,74.24826353,74.24826353
inside_lvliang,162,80.69330857,80.69330857
inside_lvliang,163,85.74298699,85.74298699
inside_lvliang,164,87.08991544,87.08991544
inside_lvliang,165,84.83113318,84.83113318
inside_lvliang,166,84.2873442,84.2873442
inside_lvliang,167,81.26044778,81.26044778
inside_lvliang,168,76.98480251,76.98480251
inside_lvliang,169,75.68761547,75.68761547
inside_lvliang,170,75.14654163,75.14654163
inside_lvliang,171,74.28904499,74.28904499
inside_lvliang,172,73.28493056,73.28493056
inside_lvliang,173,72.42167777,72.42167777
inside_lvliang,174,72.50226327,72.50226327
inside_lvliang,175,74.11619894,74.11619894
inside_lvliang,176,77.28971314,77.28971314
inside_lvliang,177,77.22655889,77.22655889
inside_lvliang,178,78.25402354,78.25402354
inside_lvliang,179,75.68745257,75.68745257
inside_lvliang,180,75.29028134,75.29028134
inside_lvliang,181,75.67865548,75.67865548
inside_lvliang,182,72.4877101,72.4877101
inside_lvliang,183,71.78850628,71.78850628
inside_lvliang,184,72.61977469,72.61977469
inside_lvliang,185,74.24826353,74.24826353
inside_lvliang,186,80.69330857,80.69330857
inside_lvliang,187,85.74298699,85.74298699
inside_lvliang,188,87.08991544,87.08991544
inside_lvliang,189,84.83113318,84.83113318
inside_lvliang,190,84.2873442,84.2873442
inside_lvliang,191,81.26044778,81.26044778
inside_lvliang,192,76.98480251,76.98480251
inside_lvliang,193,75.68761547,75.68761547
inside_lvliang,194,75.14654163,75.14654163
inside_lvliang,195,74.28904499,74.28904499
inside_lvliang,196,73.28493056,73.28493056
inside_lvliang,197,72.42167777,72.42167777
inside_lvliang,198,72.50226327,72.50226327
inside_lvliang,199,74.11619894,74.11619894
inside_lvliang,200,77.28971314,77.28971314
inside_lvliang,201,77.22655889,77.22655889
inside_lvliang,202,78.25402354,78.25402354
inside_lvliang,203,75.68745257,75.68745257
inside_lvliang,204,75.29028134,75.29028134
inside_lvliang,205,75.67865548,75.67865548
inside_lvliang,206,72.4877101,72.4877101
inside_lvliang,207,71.78850628,71.78850628
inside_lvliang,208,72.61977469,72.61977469
inside_lvliang,209,74.24826353,74.24826353
inside_lvliang,210,80.69330857,80.69330857
inside_lvliang,211,85.74298699,85.74298699
inside_lvliang,212,87.08991544,87.08991544
inside_lvliang,213,84.83113318,84.83113318
inside_lvliang,214,84.2873442,84.2873442
inside_lvliang,215,81.26044778,81.26044778
inside_lvliang,216,76.98480251,76.98480251
inside_lvliang,217,75.68761547,75.68761547
inside_lvliang,218,75.14654163,75.14654163
inside_lvliang,219,74.28904499,74.28904499
inside_lvliang,220,73.28493056,73.28493056
inside_lvliang,221,72.42167777,72.42167777
inside_lvliang,222,72.50226327,72.50226327
inside_lvliang,223,74.11619894,74.11619894
inside_lvliang,224,77.28971314,77.28971314
inside_lvliang,225,77.22655889,77.22655889
inside_lvliang,226,78.25402354,78.25402354
inside_lvliang,227,75.68745257,75.68745257
inside_lvliang,228,75.29028134,75.29028134
inside_lvliang,229,75.67865548,75.67865548
inside_lvliang,230,72.4877101,72.4877101
inside_lvliang,231,71.78850628,71.78850628
inside_lvliang,232,72.61977469,72.61977469
inside_lvliang,233,74.24826353,74.24826353
inside_lvliang,234,80.69330857,80.69330857
inside_lvliang,235,85.74298699,85.74298699
inside_lvliang,236,87.08991544,87.08991544
inside_lvliang,237,84.83113318,84.83113318
inside_lvliang,238,84.2873442,84.2873442
inside_lvliang,239,81.26044778,81.26044778
inside_lvliang,240,76.98480251,76.98480251
inside_lvliang,241,75.68761547,75.68761547
inside_lvliang,242,75.14654163,75.14654163
inside_lvliang,243,74.28904499,74.28904499
inside_lvliang,244,73.28493056,73.28493056
inside_lvliang,245,72.42167777,72.42167777
inside_lvliang,246,72.50226327,72.50226327
inside_lvliang,247,74.11619894,74.11619894
inside_lvliang,248,77.28971314,77.28971314
inside_lvliang,249,77.22655889,77.22655889
inside_lvliang,250,78.25402354,78.25402354
inside_lvliang,251,75.68745257,75.68745257
inside_lvliang,252,75.29028134,75.29028134
inside_lvliang,253,75.67865548,75.67865548
inside_lvliang,254,72.4877101,72.4877101
inside_lvliang,255,71.78850628,71.78850628
inside_lvliang,256,72.61977469,72.61977469
inside_lvliang,257,74.24826353,74.24826353
inside_lvliang,258,80.69330857,80.69330857
inside_lvliang,259,85.74298699,85.74298699
inside_lvliang,260,87.08991544,87.08991544
inside_lvliang,261,84.83113318,84.83113318
inside_lvliang,262,84.2873442,84.2873442
inside_lvliang,263,81.26044778,81.26044778
inside_lvliang,264,76.98480251,76.98480251
inside_lvliang,265,75.68761547,75.68761547
inside_lvliang,266,75.14654163,75.14654163
inside_lvliang,267,74.28904499,74.28904499
inside_lvliang,268,73.28493056,73.28493056
inside_lvliang,269,72.42167777,72.42167777
inside_lvliang,270,72.50226327,72.50226327
inside_lvliang,271,74.11619894,74.11619894
inside_lvliang,272,77.28971314,77.28971314
inside_lvliang,273,77.22655889,77.22655889
inside_lvliang,274,78.25402354,78.25402354
inside_lvliang,275,75.68745257,75.68745257
inside_lvliang,276,75.29028134,75.29028134
inside_lvliang,277,75.67865548,75.67865548
inside_lvliang,278,72.4877101,72.4877101
inside_lvliang,279,71.78850628,71.78850628
inside_lvliang,280,72.61977469,72.61977469
inside_lvliang,281,74.24826353,74.24826353
inside_lvliang,282,80.69330857,80.69330857
inside_lvliang,283,85.74298699,85.74298699
inside_lvliang,284,87.08991544,87.08991544
inside_lvliang,285,84.83113318,84.83113318
inside_lvliang,286,84.2873442,84.2873442
inside_lvliang,287,81.26044778,81.26044778
inside_lvliang,288,76.98480251,76.98480251
inside_lvliang,289,75.68761547,75.68761547
inside_lvliang,290,75.14654163,75.14654163
inside_lvliang,291,74.28904499,74.28904499
inside_lvliang,292,73.28493056,73.28493056
inside_lvliang,293,72.42167777,72.42167777
inside_lvliang,294,72.50226327,72.50226327
inside_lvliang,295,74.11619894,74.11619894
inside_lvliang,296,77.28971314,77.28971314
inside_lvliang,297,77.22655889,77.22655889
inside_lvliang,298,78.25402354,78.25402354
inside_lvliang,299,75.68745257,75.68745257
inside_lvliang,300,75.29028134,75.29028134
inside_lvliang,301,75.67865548,75.67865548
inside_lvliang,302,72.4877101,72.4877101
inside_lvliang,303,71.78850628,71.78850628
inside_lvliang,304,72.61977469,72.61977469
inside_lvliang,305,74.24826353,74.24826353
inside_lvliang,306,80.69330857,80.69330857
inside_lvliang,307,85.74298699,85.74298699
inside_lvliang,308,87.08991544,87.08991544
inside_lvliang,309,84.83113318,84.83113318
inside_lvliang,310,84.2873442,84.2873442
inside_lvliang,311,81.26044778,81.26044778
inside_lvliang,312,76.98480251,76.98480251
inside_lvliang,313,75.68761547,75.68761547
inside_lvliang,314,75.14654163,75.14654163
inside_lvliang,315,74.28904499,74.28904499
inside_lvliang,316,73.28493056,73.28493056
inside_lvliang,317,72.42167777,72.42167777
inside_lvliang,318,72.50226327,72.50226327
inside_lvliang,319,74.11619894,74.11619894
inside_lvliang,320,77.28971314,77.28971314
inside_lvliang,321,77.22655889,77.22655889
inside_lvliang,322,78.25402354,78.25402354
inside_lvliang,323,75.68745257,75.68745257
inside_lvliang,324,75.29028134,75.29028134
inside_lvliang,325,75.67865548,75.67865548
inside_lvliang,326,72.4877101,72.4877101
inside_lvliang,327,71.78850628,71.78850628
inside_lvliang,328,72.61977469,72.61977469
inside_lvliang,329,74.24826353,74.24826353
inside_lvliang,330,80.69330857,80.69330857
inside_lvliang,331,85.74298699,85.74298699
inside_lvliang,332,87.08991544,87.08991544
inside_lvliang,333,84.83113318,84.83113318
inside_lvliang,334,84.2873442,84.2873442
inside_lvliang,335,81.26044778,81.26044778
inside_lvliang,336,76.98480251,76.98480251
inside_lvliang,337,75.68761547,75.68761547
inside_lvliang,338,75.14654163,75.14654163
inside_lvliang,339,74.28904499,74.28904499
inside_lvliang,340,73.28493056,73.28493056
inside_lvliang,341,72.42167777,72.42167777
inside_lvliang,342,72.50226327,72.50226327
inside_lvliang,343,74.11619894,74.11619894
inside_lvliang,344,77.28971314,77.28971314
inside_lvliang,345,77.22655889,77.22655889
inside_lvliang,346,78.25402354,78.25402354
inside_lvliang,347,75.68745257,75.68745257
inside_lvliang,348,75.29028134,75.29028134
inside_lvliang,349,75.67865548,75.67865548
inside_lvliang,350,72.4877101,72.4877101
inside_lvliang,351,71.78850628,71.78850628
inside_lvliang,352,72.61977469,72.61977469
inside_lvliang,353,74.24826353,74.24826353
inside_lvliang,354,80.69330857,80.69330857
inside_lvliang,355,85.74298699,85.74298699
inside_lvliang,356,87.08991544,87.08991544
inside_lvliang,357,84.83113318,84.83113318
inside_lvliang,358,84.2873442,84.2873442
inside_lvliang,359,81.26044778,81.26044778
inside_lvliang,360,76.98480251,76.98480251
inside_lvliang,361,75.68761547,75.68761547
inside_lvliang,362,75.14654163,75.14654163
inside_lvliang,363,74.28904499,74.28904499
inside_lvliang,364,73.28493056,73.28493056
inside_lvliang,365,72.42167777,72.42167777
inside_lvliang,366,72.50226327,72.50226327
inside_lvliang,367,74.11619894,74.11619894
inside_lvliang,368,77.28971314,77.28971314
inside_lvliang,369,77.22655889,77.22655889
inside_lvliang,370,78.25402354,78.25402354
inside_lvliang,371,75.68745257,75.68745257
inside_lvliang,372,75.29028134,75.29028134
inside_lvliang,373,75.67865548,75.67865548
inside_lvliang,374,72.4877101,72.4877101
inside_lvliang,375,71.78850628,71.78850628
inside_lvliang,376,72.61977469,72.61977469
inside_lvliang,377,74.24826353,74.24826353
inside_lvliang,378,80.69330857,80.69330857
inside_lvliang,379,85.74298699,85.74298699
inside_lvliang,380,87.08991544,87.08991544
inside_lvliang,381,84.83113318,84.83113318
inside_lvliang,382,84.2873442,84.2873442
inside_lvliang,383,81.26044778,81.26044778
inside_lvliang,384,76.98480251,76.98480251
inside_lvliang,385,75.68761547,75.68761547
inside_lvliang,386,75.14654163,75.14654163
inside_lvliang,387,74.28904499,74.28904499
inside_lvliang,388,73.28493056,73.28493056
inside_lvliang,389,72.42167777,72.42167777
inside_lvliang,390,72.50226327,72.50226327
inside_lvliang,391,74.11619894,74.11619894
inside_lvliang,392,77.28971314,77.28971314
inside_lvliang,393,77.22655889,77.22655889
inside_lvliang,394,78.25402354,78.25402354
inside_lvliang,395,75.68745257,75.68745257
inside_lvliang,396,75.29028134,75.29028134
inside_lvliang,397,75.67865548,75.67865548
inside_lvliang,398,72.4877101,72.4877101
inside_lvliang,399,71.78850628,71.78850628
inside_lvliang,400,72.61977469,72.61977469
inside_lvliang,401,74.24826353,74.24826353
inside_lvliang,402,80.69330857,80.69330857
inside_lvliang,403,85.74298699,85.74298699
inside_lvliang,404,87.08991544,87.08991544
inside_lvliang,405,84.83113318,84.83113318
inside_lvliang,406,84.2873442,84.2873442
inside_lvliang,407,81.26044778,81.26044778
inside_lvliang,408,76.98480251,76.98480251
inside_lvliang,409,75.68761547,75.68761547
inside_lvliang,410,75.14654163,75.14654163
inside_lvliang,411,74.28904499,74.28904499
inside_lvliang,412,73.28493056,73.28493056
inside_lvliang,413,72.42167777,72.42167777
inside_lvliang,414,72.50226327,72.50226327
inside_lvliang,415,74.11619894,74.11619894
inside_lvliang,416,77.28971314,77.28971314
inside_lvliang,417,77.22655889,77.22655889
inside_lvliang,418,78.25402354,78.25402354
inside_lvliang,419,75.68745257,75.68745257
inside_lvliang,420,75.29028134,75.29028134
inside_lvliang,421,75.67865548,75.67865548
inside_lvliang,422,72.4877101,72.4877101
inside_lvliang,423,71.78850628,71.78850628
inside_lvliang,424,72.61977469,72.61977469
inside_lvliang,425,74.24826353,74.24826353
inside_lvliang,426,80.69330857,80.69330857
inside_lvliang,427,85.74298699,85.74298699
inside_lvliang,428,87.08991544,87.08991544
inside_lvliang,429,84.83113318,84.83113318
inside_lvliang,430,84.2873442,84.2873442
inside_lvliang,431,81.26044778,81.26044778
inside_lvliang,432,76.98480251,76.98480251
inside_lvliang,433,75.68761547,75.68761547
inside_lvliang,434,75.14654163,75.14654163
inside_lvliang,435,74.28904499,74.28904499
inside_lvliang,436,73.28493056,73.28493056
inside_lvliang,437,72.42167777,72.42167777
inside_lvliang,438,72.50226327,72.50226327
inside_lvliang,439,74.11619894,74.11619894
inside_lvliang,440,77.28971314,77.28971314
inside_lvliang,441,77.22655889,77.22655889
inside_lvliang,442,78.25402354,78.25402354
inside_lvliang,443,75.68745257,75.68745257
inside_lvliang,444,75.29028134,75.29028134
inside_lvliang,445,75.67865548,75.67865548
inside_lvliang,446,72.4877101,72.4877101
inside_lvliang,447,71.78850628,71.78850628
inside_lvliang,448,72.61977469,72.61977469
inside_lvliang,449,74.24826353,74.24826353
inside_lvliang,450,80.69330857,80.69330857
inside_lvliang,451,85.74298699,85.74298699
inside_lvliang,452,87.08991544,87.08991544
inside_lvliang,453,84.83113318,84.83113318
inside_lvliang,454,84.2873442,84.2873442
inside_lvliang,455,81.26044778,81.26044778
inside_lvliang,456,76.98480251,76.98480251
inside_lvliang,457,75.68761547,75.68761547
inside_lvliang,458,75.14654163,75.14654163
inside_lvliang,459,74.28904499,74.28904499
inside_lvliang,460,73.28493056,73.28493056
inside_lvliang,461,72.42167777,72.42167777
inside_lvliang,462,72.50226327,72.50226327
inside_lvliang,463,74.11619894,74.11619894
inside_lvliang,464,77.28971314,77.28971314
inside_lvliang,465,77.22655889,77.22655889
inside_lvliang,466,78.25402354,78.25402354
inside_lvliang,467,75.68745257,75.68745257
inside_lvliang,468,75.29028134,75.29028134
inside_lvliang,469,75.67865548,75.67865548
inside_lvliang,470,72.4877101,72.4877101
inside_lvliang,471,71.78850628,71.78850628
inside_lvliang,472,72.61977469,72.61977469
inside_lvliang,473,74.24826353,74.24826353
inside_lvliang,474,80.69330857,80.69330857
inside_lvliang,475,85.74298699,85.74298699
inside_lvliang,476,87.08991544,87.08991544
inside_lvliang,477,84.83113318,84.83113318
inside_lvliang,478,84.2873442,84.2873442
inside_lvliang,479,81.26044778,81.26044778
inside_lvliang,480,76.98480251,76.98480251
inside_lvliang,481,75.68761547,75.68761547
inside_lvliang,482,75.14654163,75.14654163
inside_lvliang,483,74.28904499,74.28904499
inside_lvliang,484,73.28493056,73.28493056
inside_lvliang,485,72.42167777,72.42167777
inside_lvliang,486,72.50226327,72.50226327
inside_lvliang,487,74.11619894,74.11619894
inside_lvliang,488,77.28971314,77.28971314
inside_lvliang,489,77.22655889,77.22655889
inside_lvliang,490,78.25402354,78.25402354
inside_lvliang,491,75.68745257,75.68745257
inside_lvliang,492,75.29028134,75.29028134
inside_lvliang,493,75.67865548,75.67865548
inside_lvliang,494,72.4877101,72.4877101
inside_lvliang,495,71.78850628,71.78850628
inside_lvliang,496,72.61977469,72.61977469
inside_lvliang,497,74.24826353,74.24826353
inside_lvliang,498,80.69330857,80.69330857
inside_lvliang,499,85.74298699,85.74298699
inside_lvliang,500,87.08991544,87.08991544
inside_lvliang,501,84.83113318,84.83113318
inside_lvliang,502,84.2873442,84.2873442
inside_lvliang,503,81.26044778,81.26044778
inside_lvliang,504,76.98480251,76.98480251
inside_lvliang,505,75.68761547,75.68761547
inside_lvliang,506,75.14654163,75.14654163
inside_lvliang,507,74.28904499,74.28904499
inside_lvliang,508,73.28493056,73.28493056
inside_lvliang,509,72.42167777,72.42167777
inside_lvliang,510,72.50226327,72.50226327
inside_lvliang,511,74.11619894,74.11619894
inside_lvliang,512,77.28971314,77.28971314
inside_lvliang,513,77.22655889,77.22655889
inside_lvliang,514,78.25402354,78.25402354
inside_lvliang,515,75.68745257,75.68745257
inside_lvliang,516,75.29028134,75.29028134
inside_lvliang,517,75.67865548,75.67865548
inside_lvliang,518,72.4877101,72.4877101
inside_lvliang,519,71.78850628,71.78850628
inside_lvliang,520,72.61977469,72.61977469
inside_lvliang,521,74.24826353,74.24826353
inside_lvliang,522,80.69330857,80.69330857
inside_lvliang,523,85.74298699,85.74298699
inside_lvliang,524,87.08991544,87.08991544
inside_lvliang,525,84.83113318,84.83113318
inside_lvliang,526,84.2873442,84.2873442
inside_lvliang,527,81.26044778,81.26044778
inside_lvliang,528,76.98480251,76.98480251
inside_lvliang,529,75.68761547,75.68761547
inside_lvliang,530,75.14654163,75.14654163
inside_lvliang,531,74.28904499,74.28904499
inside_lvliang,532,73.28493056,73.28493056
inside_lvliang,533,72.42167777,72.42167777
inside_lvliang,534,72.50226327,72.50226327
inside_lvliang,535,74.11619894,74.11619894
inside_lvliang,536,77.28971314,77.28971314
inside_lvliang,537,77.22655889,77.22655889
inside_lvliang,538,78.25402354,78.25402354
inside_lvliang,539,75.68745257,75.68745257
inside_lvliang,540,75.29028134,75.29028134
inside_lvliang,541,75.67865548,75.67865548
inside_lvliang,542,72.4877101,72.4877101
inside_lvliang,543,71.78850628,71.78850628
inside_lvliang,544,72.61977469,72.61977469
inside_lvliang,545,74.24826353,74.24826353
inside_lvliang,546,80.69330857,80.69330857
inside_lvliang,547,85.74298699,85.74298699
inside_lvliang,548,87.08991544,87.08991544
inside_lvliang,549,84.83113318,84.83113318
inside_lvliang,550,84.2873442,84.2873442
inside_lvliang,551,81.26044778,81.26044778
inside_lvliang,552,76.98480251,76.98480251
inside_lvliang,553,75.68761547,75.68761547
inside_lvliang,554,75.14654163,75.14654163
inside_lvliang,555,74.28904499,74.28904499
inside_lvliang,556,73.28493056,73.28493056
inside_lvliang,557,72.42167777,72.42167777
inside_lvliang,558,72.50226327,72.50226327
inside_lvliang,559,74.11619894,74.11619894
inside_lvliang,560,77.28971314,77.28971314
inside_lvliang,561,77.22655889,77.22655889
inside_lvliang,562,78.25402354,78.25402354
inside_lvliang,563,75.68745257,75.68745257
inside_lvliang,564,75.29028134,75.29028134
inside_lvliang,565,75.67865548,75.67865548
inside_lvliang,566,72.4877101,72.4877101
inside_lvliang,567,71.78850628,71.78850628
inside_lvliang,568,72.61977469,72.61977469
inside_lvliang,569,74.24826353,74.24826353
inside_lvliang,570,80.69330857,80.69330857
inside_lvliang,571,85.74298699,85.74298699
inside_lvliang,572,87.08991544,87.08991544
inside_lvliang,573,84.83113318,84.83113318
inside_lvliang,574,84.2873442,84.2873442
inside_lvliang,575,81.26044778,81.26044778
inside_lvliang,576,76.98480251,76.98480251
inside_lvliang,577,75.68761547,75.68761547
inside_lvliang,578,75.14654163,75.14654163
inside_lvliang,579,74.28904499,74.28904499
inside_lvliang,580,73.28493056,73.28493056
inside_lvliang,581,72.42167777,72.42167777
inside_lvliang,582,72.50226327,72.50226327
inside_lvliang,583,74.11619894,74.11619894
inside_lvliang,584,77.28971314,77.28971314
inside_lvliang,585,77.22655889,77.22655889
inside_lvliang,586,78.25402354,78.25402354
inside_lvliang,587,75.68745257,75.68745257
inside_lvliang,588,75.29028134,75.29028134
inside_lvliang,589,75.67865548,75.67865548
inside_lvliang,590,72.4877101,72.4877101
inside_lvliang,591,71.78850628,71.78850628
inside_lvliang,592,72.61977469,72.61977469
inside_lvliang,593,74.24826353,74.24826353
inside_lvliang,594,80.69330857,80.69330857
inside_lvliang,595,85.74298699,85.74298699
inside_lvliang,596,87.08991544,87.08991544
inside_lvliang,597,84.83113318,84.83113318
inside_lvliang,598,84.2873442,84.2873442
inside_lvliang,599,81.26044778,81.26044778
inside_lvliang,600,76.98480251,76.98480251
inside_lvliang,601,75.68761547,75.68761547
inside_lvliang,602,75.14654163,75.14654163
inside_lvliang,603,74.28904499,74.28904499
inside_lvliang,604,73.28493056,73.28493056
inside_lvliang,605,72.42167777,72.42167777
inside_lvliang,606,72.50226327,72.50226327
inside_lvliang,607,74.11619894,74.11619894
inside_lvliang,608,77.28971314,77.28971314
inside_lvliang,609,77.22655889,77.22655889
inside_lvliang,610,78.25402354,78.25402354
inside_lvliang,611,75.68745257,75.68745257
inside_lvliang,612,75.29028134,75.29028134
inside_lvliang,613,75.67865548,75.67865548
inside_lvliang,614,72.4877101,72.4877101
inside_lvliang,615,71.78850628,71.78850628
inside_lvliang,616,72.61977469,72.61977469
inside_lvliang,617,74.24826353,74.24826353
inside_lvliang,618,80.69330857,80.69330857
inside_lvliang,619,85.74298699,85.74298699
inside_lvliang,620,87.08991544,87.08991544
inside_lvliang,621,84.83113318,84.83113318
inside_lvliang,622,84.2873442,84.2873442
inside_lvliang,623,81.26044778,81.26044778
inside_lvliang,624,76.98480251,76.98480251
inside_lvliang,625,75.68761547,75.68761547
inside_lvliang,626,75.14654163,75.14654163
inside_lvliang,627,74.28904499,74.28904499
inside_lvliang,628,73.28493056,73.28493056
inside_lvliang,629,72.42167777,72.42167777
inside_lvliang,630,72.50226327,72.50226327
inside_lvliang,631,74.11619894,74.11619894
inside_lvliang,632,77.28971314,77.28971314
inside_lvliang,633,77.22655889,77.22655889
inside_lvliang,634,78.25402354,78.25402354
inside_lvliang,635,75.68745257,75.68745257
inside_lvliang,636,75.29028134,75.29028134
inside_lvliang,637,75.67865548,75.67865548
inside_lvliang,638,72.4877101,72.4877101
inside_lvliang,639,71.78850628,71.78850628
inside_lvliang,640,72.61977469,72.61977469
inside_lvliang,641,74.24826353,74.24826353
inside_lvliang,642,80.69330857,80.69330857
inside_lvliang,643,85.74298699,85.74298699
inside_lvliang,644,87.08991544,87.08991544
inside_lvliang,645,84.83113318,84.83113318
inside_lvliang,646,84.2873442,84.2873442
inside_lvliang,647,81.26044778,81.26044778
inside_lvliang,648,76.98480251,76.98480251
inside_lvliang,649,75.68761547,75.68761547
inside_lvliang,650,75.14654163,75.14654163
inside_lvliang,651,74.28904499,74.28904499
inside_lvliang,652,73.28493056,73.28493056
inside_lvliang,653,72.42167777,72.42167777
inside_lvliang,654,72.50226327,72.50226327
inside_lvliang,655,74.11619894,74.11619894
inside_lvliang,656,77.28971314,77.28971314
inside_lvliang,657,77.22655889,77.22655889
inside_lvliang,658,78.25402354,78.25402354
inside_lvliang,659,75.68745257,75.68745257
inside_lvliang,660,75.29028134,75.29028134
inside_lvliang,661,75.67865548,75.67865548
inside_lvliang,662,72.4877101,72.4877101
inside_lvliang,663,71.78850628,71.78850628
inside_lvliang,664,72.61977469,72.61977469
inside_lvliang,665,74.24826353,74.24826353
inside_lvliang,666,80.69330857,80.69330857
inside_lvliang,667,85.74298699,85.74298699
inside_lvliang,668,87.08991544,87.08991544
inside_lvliang,669,84.83113318,84.83113318
inside_lvliang,670,84.2873442,84.2873442
inside_lvliang,671,81.26044778,81.26044778
inside_lvliang,672,76.98480251,76.98480251
inside_lvliang,673,75.68761547,75.68761547
inside_lvliang,674,75.14654163,75.14654163
inside_lvliang,675,74.28904499,74.28904499
inside_lvliang,676,73.28493056,73.28493056
inside_lvliang,677,72.42167777,72.42167777
inside_lvliang,678,72.50226327,72.50226327
inside_lvliang,679,74.11619894,74.11619894
inside_lvliang,680,77.28971314,77.28971314
inside_lvliang,681,77.22655889,77.22655889
inside_lvliang,682,78.25402354,78.25402354
inside_lvliang,683,75.68745257,75.68745257
inside_lvliang,684,75.29028134,75.29028134
inside_lvliang,685,75.67865548,75.67865548
inside_lvliang,686,72.4877101,72.4877101
inside_lvliang,687,71.78850628,71.78850628
inside_lvliang,688,72.61977469,72.61977469
inside_lvliang,689,74.24826353,74.24826353
inside_lvliang,690,80.69330857,80.69330857
inside_lvliang,691,85.74298699,85.74298699
inside_lvliang,692,87.08991544,87.08991544
inside_lvliang,693,84.83113318,84.83113318
inside_lvliang,694,84.2873442,84.2873442
inside_lvliang,695,81.26044778,81.26044778
inside_lvliang,696,76.98480251,76.98480251
inside_lvliang,697,75.68761547,75.68761547
inside_lvliang,698,75.14654163,75.14654163
inside_lvliang,699,74.28904499,74.28904499
inside_lvliang,700,73.28493056,73.28493056
inside_lvliang,701,72.42167777,72.42167777
inside_lvliang,702,72.50226327,72.50226327
inside_lvliang,703,74.11619894,74.11619894
inside_lvliang,704,77.28971314,77.28971314
inside_lvliang,705,77.22655889,77.22655889
inside_lvliang,706,78.25402354,78.25402354
inside_lvliang,707,75.68745257,75.68745257
inside_lvliang,708,75.29028134,75.29028134
inside_lvliang,709,75.67865548,75.67865548
inside_lvliang,710,72.4877101,72.4877101
inside_lvliang,711,71.78850628,71.78850628
inside_lvliang,712,72.61977469,72.61977469
inside_lvliang,713,74.24826353,74.24826353
inside_lvliang,714,80.69330857,80.69330857
inside_lvliang,715,85.74298699,85.74298699
inside_lvliang,716,87.08991544,87.08991544
inside_lvliang,717,84.83113318,84.83113318
inside_lvliang,718,84.2873442,84.2873442
inside_lvliang,719,81.26044778,81.26044778
inside_lvliang,720,76.98480251,76.98480251
inside_lvliang,721,75.68761547,75.68761547
inside_lvliang,722,75.14654163,75.14654163
inside_lvliang,723,74.28904499,74.28904499
inside_lvliang,724,73.28493056,73.28493056
inside_lvliang,725,72.42167777,72.42167777
inside_lvliang,726,72.50226327,72.50226327
inside_lvliang,727,74.11619894,74.11619894
inside_lvliang,728,77.28971314,77.28971314
inside_lvliang,729,77.22655889,77.22655889
inside_lvliang,730,78.25402354,78.25402354
inside_lvliang,731,75.68745257,75.68745257
inside_lvliang,732,75.29028134,75.29028134
inside_lvliang,733,75.67865548,75.67865548
inside_lvliang,734,72.4877101,72.4877101
inside_lvliang,735,71.78850628,71.78850628
inside_lvliang,736,72.61977469,72.61977469
inside_lvliang,737,74.24826353,74.24826353
inside_lvliang,738,80.69330857,80.69330857
inside_lvliang,739,85.74298699,85.74298699
inside_lvliang,740,87.08991544,87.08991544
inside_lvliang,741,84.83113318,84.83113318
inside_lvliang,742,84.2873442,84.2873442
inside_lvliang,743,81.26044778,81.26044778
inside_lvliang,744,76.98480251,76.98480251
inside_lvliang,745,75.68761547,75.68761547
inside_lvliang,746,75.14654163,75.14654163
inside_lvliang,747,74.28904499,74.28904499
inside_lvliang,748,73.28493056,73.28493056
inside_lvliang,749,72.42167777,72.42167777
inside_lvliang,750,72.50226327,72.50226327
inside_lvliang,751,74.11619894,74.11619894
inside_lvliang,752,77.28971314,77.28971314
inside_lvliang,753,77.22655889,77.22655889
inside_lvliang,754,78.25402354,78.25402354
inside_lvliang,755,75.68745257,75.68745257
inside_lvliang,756,75.29028134,75.29028134
inside_lvliang,757,75.67865548,75.67865548
inside_lvliang,758,72.4877101,72.4877101
inside_lvliang,759,71.78850628,71.78850628
inside_lvliang,760,72.61977469,72.61977469
inside_lvliang,761,74.24826353,74.24826353
inside_lvliang,762,80.69330857,80.69330857
inside_lvliang,763,85.74298699,85.74298699
inside_lvliang,764,87.08991544,87.08991544
inside_lvliang,765,84.83113318,84.83113318
inside_lvliang,766,84.2873442,84.2873442
inside_lvliang,767,81.26044778,81.26044778
inside_lvliang,768,76.98480251,76.98480251
inside_lvliang,769,75.68761547,75.68761547
inside_lvliang,770,75.14654163,75.14654163
inside_lvliang,771,74.28904499,74.28904499
inside_lvliang,772,73.28493056,73.28493056
inside_lvliang,773,72.42167777,72.42167777
inside_lvliang,774,72.50226327,72.50226327
inside_lvliang,775,74.11619894,74.11619894
inside_lvliang,776,77.28971314,77.28971314
inside_lvliang,777,77.22655889,77.22655889
inside_lvliang,778,78.25402354,78.25402354
inside_lvliang,779,75.68745257,75.68745257
inside_lvliang,780,75.29028134,75.29028134
inside_lvliang,781,75.67865548,75.67865548
inside_lvliang,782,72.4877101,72.4877101
inside_lvliang,783,71.78850628,71.78850628
inside_lvliang,784,72.61977469,72.61977469
inside_lvliang,785,74.24826353,74.24826353
inside_lvliang,786,80.69330857,80.69330857
inside_lvliang,787,85.74298699,85.74298699
inside_lvliang,788,87.08991544,87.08991544
inside_lvliang,789,84.83113318,84.83113318
inside_lvliang,790,84.2873442,84.2873442
inside_lvliang,791,81.26044778,81.26044778
inside_lvliang,792,76.98480251,76.98480251
inside_lvliang,793,75.68761547,75.68761547
inside_lvliang,794,75.14654163,75.14654163
inside_lvliang,795,74.28904499,74.28904499
inside_lvliang,796,73.28493056,73.28493056
inside_lvliang,797,72.42167777,72.42167777
inside_lvliang,798,72.50226327,72.50226327
inside_lvliang,799,74.11619894,74.11619894
inside_lvliang,800,77.28971314,77.28971314
inside_lvliang,801,77.22655889,77.22655889
inside_lvliang,802,78.25402354,78.25402354
inside_lvliang,803,75.68745257,75.68745257
inside_lvliang,804,75.29028134,75.29028134
inside_lvliang,805,75.67865548,75.67865548
inside_lvliang,806,72.4877101,72.4877101
inside_lvliang,807,71.78850628,71.78850628
inside_lvliang,808,72.61977469,72.61977469
inside_lvliang,809,74.24826353,74.24826353
inside_lvliang,810,80.69330857,80.69330857
inside_lvliang,811,85.74298699,85.74298699
inside_lvliang,812,87.08991544,87.08991544
inside_lvliang,813,84.83113318,84.83113318
inside_lvliang,814,84.2873442,84.2873442
inside_lvliang,815,81.26044778,81.26044778
inside_lvliang,816,76.98480251,76.98480251
inside_lvliang,817,75.68761547,75.68761547
inside_lvliang,818,75.14654163,75.14654163
inside_lvliang,819,74.28904499,74.28904499
inside_lvliang,820,73.28493056,73.28493056
inside_lvliang,821,72.42167777,72.42167777
inside_lvliang,822,72.50226327,72.50226327
inside_lvliang,823,74.11619894,74.11619894
inside_lvliang,824,77.28971314,77.28971314
inside_lvliang,825,77.22655889,77.22655889
inside_lvliang,826,78.25402354,78.25402354
inside_lvliang,827,75.68745257,75.68745257
inside_lvliang,828,75.29028134,75.29028134
inside_lvliang,829,75.67865548,75.67865548
inside_lvliang,830,72.4877101,72.4877101
inside_lvliang,831,71.78850628,71.78850628
inside_lvliang,832,72.61977469,72.61977469
inside_lvliang,833,74.24826353,74.24826353
inside_lvliang,834,80.69330857,80.69330857
inside_lvliang,835,85.74298699,85.74298699
inside_lvliang,836,87.08991544,87.08991544
inside_lvliang,837,84.83113318,84.83113318
inside_lvliang,838,84.2873442,84.2873442
inside_lvliang,839,81.26044778,81.26044778
inside_lvliang,840,76.98480251,76.98480251
inside_lvliang,841,75.68761547,75.68761547
inside_lvliang,842,75.14654163,75.14654163
inside_lvliang,843,74.28904499,74.28904499
inside_lvliang,844,73.28493056,73.28493056
inside_lvliang,845,72.42167777,72.42167777
inside_lvliang,846,72.50226327,72.50226327
inside_lvliang,847,74.11619894,74.11619894
inside_lvliang,848,77.28971314,77.28971314
inside_lvliang,849,77.22655889,77.22655889
inside_lvliang,850,78.25402354,78.25402354
inside_lvliang,851,75.68745257,75.68745257
inside_lvliang,852,75.29028134,75.29028134
inside_lvliang,853,75.67865548,75.67865548
inside_lvliang,854,72.4877101,72.4877101
inside_lvliang,855,71.78850628,71.78850628
inside_lvliang,856,72.61977469,72.61977469
inside_lvliang,857,74.24826353,74.24826353
inside_lvliang,858,80.69330857,80.69330857
inside_lvliang,859,85.74298699,85.74298699
inside_lvliang,860,87.08991544,87.08991544
inside_lvliang,861,84.83113318,84.83113318
inside_lvliang,862,84.2873442,84.2873442
inside_lvliang,863,81.26044778,81.26044778
inside_lvliang,864,76.98480251,76.98480251
inside_lvliang,865,75.68761547,75.68761547
inside_lvliang,866,75.14654163,75.14654163
inside_lvliang,867,74.28904499,74.28904499
inside_lvliang,868,73.28493056,73.28493056
inside_lvliang,869,72.42167777,72.42167777
inside_lvliang,870,72.50226327,72.50226327
inside_lvliang,871,74.11619894,74.11619894
inside_lvliang,872,77.28971314,77.28971314
inside_lvliang,873,77.22655889,77.22655889
inside_lvliang,874,78.25402354,78.25402354
inside_lvliang,875,75.68745257,75.68745257
inside_lvliang,876,75.29028134,75.29028134
inside_lvliang,877,75.67865548,75.67865548
inside_lvliang,878,72.4877101,72.4877101
inside_lvliang,879,71.78850628,71.78850628
inside_lvliang,880,72.61977469,72.61977469
inside_lvliang,881,74.24826353,74.24826353
inside_lvliang,882,80.69330857,80.69330857
inside_lvliang,883,85.74298699,85.74298699
inside_lvliang,884,87.08991544,87.08991544
inside_lvliang,885,84.83113318,84.83113318
inside_lvliang,886,84.2873442,84.2873442
inside_lvliang,887,81.26044778,81.26044778
inside_lvliang,888,76.98480251,76.98480251
inside_lvliang,889,75.68761547,75.68761547
inside_lvliang,890,75.14654163,75.14654163
inside_lvliang,891,74.28904499,74.28904499
inside_lvliang,892,73.28493056,73.28493056
inside_lvliang,893,72.42167777,72.42167777
inside_lvliang,894,72.50226327,72.50226327
inside_lvliang,895,74.11619894,74.11619894
inside_lvliang,896,77.28971314,77.28971314
inside_lvliang,897,77.22655889,77.22655889
inside_lvliang,898,78.25402354,78.25402354
inside_lvliang,899,75.68745257,75.68745257
inside_lvliang,900,75.29028134,75.29028134
inside_lvliang,901,75.67865548,75.67865548
inside_lvliang,902,72.4877101,72.4877101
inside_lvliang,903,71.78850628,71.78850628
inside_lvliang,904,72.61977469,72.61977469
inside_lvliang,905,74.24826353,74.24826353
inside_lvliang,906,80.69330857,80.69330857
inside_lvliang,907,85.74298699,85.74298699
inside_lvliang,908,87.08991544,87.08991544
inside_lvliang,909,84.83113318,84.83113318
inside_lvliang,910,84.2873442,84.2873442
inside_lvliang,911,81.26044778,81.26044778
inside_lvliang,912,76.98480251,76.98480251
inside_lvliang,913,75.68761547,75.68761547
inside_lvliang,914,75.14654163,75.14654163
inside_lvliang,915,74.28904499,74.28904499
inside_lvliang,916,73.28493056,73.28493056
inside_lvliang,917,72.42167777,72.42167777
inside_lvliang,918,72.50226327,72.50226327
inside_lvliang,919,74.11619894,74.11619894
inside_lvliang,920,77.28971314,77.28971314
inside_lvliang,921,77.22655889,77.22655889
inside_lvliang,922,78.25402354,78.25402354
inside_lvliang,923,75.68745257,75.68745257
inside_lvliang,924,75.29028134,75.29028134
inside_lvliang,925,75.67865548,75.67865548
inside_lvliang,926,72.4877101,72.4877101
inside_lvliang,927,71.78850628,71.78850628
inside_lvliang,928,72.61977469,72.61977469
inside_lvliang,929,74.24826353,74.24826353
inside_lvliang,930,80.69330857,80.69330857
inside_lvliang,931,85.74298699,85.74298699
inside_lvliang,932,87.08991544,87.08991544
inside_lvliang,933,84.83113318,84.83113318
inside_lvliang,934,84.2873442,84.2873442
inside_lvliang,935,81.26044778,81.26044778
inside_lvliang,936,76.98480251,76.98480251
inside_lvliang,937,75.68761547,75.68761547
inside_lvliang,938,75.14654163,75.14654163
inside_lvliang,939,74.28904499,74.28904499
inside_lvliang,940,73.28493056,73.28493056
inside_lvliang,941,72.42167777,72.42167777
inside_lvliang,942,72.50226327,72.50226327
inside_lvliang,943,74.11619894,74.11619894
inside_lvliang,944,77.28971314,77.28971314
inside_lvliang,945,77.22655889,77.22655889
inside_lvliang,946,78.25402354,78.25402354
inside_lvliang,947,75.68745257,75.68745257
inside_lvliang,948,75.29028134,75.29028134
inside_lvliang,949,75.67865548,75.67865548
inside_lvliang,950,72.4877101,72.4877101
inside_lvliang,951,71.78850628,71.78850628
inside_lvliang,952,72.61977469,72.61977469
inside_lvliang,953,74.24826353,74.24826353
inside_lvliang,954,80.69330857,80.69330857
inside_lvliang,955,85.74298699,85.74298699
inside_lvliang,956,87.08991544,87.08991544
inside_lvliang,957,84.83113318,84.83113318
inside_lvliang,958,84.2873442,84.2873442
inside_lvliang,959,81.26044778,81.26044778
inside_lvliang,960,76.98480251,76.98480251
inside_lvliang,961,75.68761547,75.68761547
inside_lvliang,962,75.14654163,75.14654163
inside_lvliang,963,74.28904499,74.28904499
inside_lvliang,964,73.28493056,73.28493056
inside_lvliang,965,72.42167777,72.42167777
inside_lvliang,966,72.50226327,72.50226327
inside_lvliang,967,74.11619894,74.11619894
inside_lvliang,968,77.28971314,77.28971314
inside_lvliang,969,77.22655889,77.22655889
inside_lvliang,970,78.25402354,78.25402354
inside_lvliang,971,75.68745257,75.68745257
inside_lvliang,972,75.29028134,75.29028134
inside_lvliang,973,75.67865548,75.67865548
inside_lvliang,974,72.4877101,72.4877101
inside_lvliang,975,71.78850628,71.78850628
inside_lvliang,976,72.61977469,72.61977469
inside_lvliang,977,74.24826353,74.24826353
inside_lvliang,978,80.69330857,80.69330857
inside_lvliang,979,85.74298699,85.74298699
inside_lvliang,980,87.08991544,87.08991544
inside_lvliang,981,84.83113318,84.83113318
inside_lvliang,982,84.2873442,84.2873442
inside_lvliang,983,81.26044778,81.26044778
inside_lvliang,984,76.98480251,76.98480251
inside_lvliang,985,75.68761547,75.68761547
inside_lvliang,986,75.14654163,75.14654163
inside_lvliang,987,74.28904499,74.28904499
inside_lvliang,988,73.28493056,73.28493056
inside_lvliang,989,72.42167777,72.42167777
inside_lvliang,990,72.50226327,72.50226327
inside_lvliang,991,74.11619894,74.11619894
inside_lvliang,992,77.28971314,77.28971314
inside_lvliang,993,77.22655889,77.22655889
inside_lvliang,994,78.25402354,78.25402354
inside_lvliang,995,75.68745257,75.68745257
inside_lvliang,996,75.29028134,75.29028134
inside_lvliang,997,75.67865548,75.67865548
inside_lvliang,998,72.4877101,72.4877101
inside_lvliang,999,71.78850628,71.78850628
inside_lvliang,1000,72.61977469,72.61977469
inside_lvliang,1001,74.24826353,74.24826353
inside_lvliang,1002,80.69330857,80.69330857
inside_lvliang,1003,85.74298699,85.74298699
inside_lvliang,1004,87.08991544,87.08991544
inside_lvliang,1005,84.83113318,84.83113318
inside_lvliang,1006,84.2873442,84.2873442
inside_lvliang,1007,81.26044778,81.26044778
inside_lvliang,1008,76.98480251,76.98480251
inside_lvliang,1009,75.68761547,75.68761547
inside_lvliang,1010,75.14654163,75.14654163
inside_lvliang,1011,74.28904499,74.28904499
inside_lvliang,1012,73.28493056,73.28493056
inside_lvliang,1013,72.42167777,72.42167777
inside_lvliang,1014,72.50226327,72.50226327
inside_lvliang,1015,74.11619894,74.11619894
inside_lvliang,1016,77.28971314,77.28971314
inside_lvliang,1017,77.22655889,77.22655889
inside_lvliang,1018,78.25402354,78.25402354
inside_lvliang,1019,75.68745257,75.68745257
inside_lvliang,1020,75.29028134,75.29028134
inside_lvliang,1021,75.67865548,75.67865548
inside_lvliang,1022,72.4877101,72.4877101
inside_lvliang,1023,71.78850628,71.78850628
inside_lvliang,1024,72.61977469,72.61977469
inside_lvliang,1025,74.24826353,74.24826353
inside_lvliang,1026,80.69330857,80.69330857
inside_lvliang,1027,85.74298699,85.74298699
inside_lvliang,1028,87.08991544,87.08991544
inside_lvliang,1029,84.83113318,84.83113318
inside_lvliang,1030,84.2873442,84.2873442
inside_lvliang,1031,81.26044778,81.26044778
inside_lvliang,1032,76.98480251,76.98480251
inside_lvliang,1033,75.68761547,75.68761547
inside_lvliang,1034,75.14654163,75.14654163
inside_lvliang,1035,74.28904499,74.28904499
inside_lvliang,1036,73.28493056,73.28493056
inside_lvliang,1037,72.42167777,72.42167777
inside_lvliang,1038,72.50226327,72.50226327
inside_lvliang,1039,74.11619894,74.11619894
inside_lvliang,1040,77.28971314,77.28971314
inside_lvliang,1041,77.22655889,77.22655889
inside_lvliang,1042,78.25402354,78.25402354
inside_lvliang,1043,75.68745257,75.68745257
inside_lvliang,1044,75.29028134,75.29028134
inside_lvliang,1045,75.67865548,75.67865548
inside_lvliang,1046,72.4877101,72.4877101
inside_lvliang,1047,71.78850628,71.78850628
inside_lvliang,1048,72.61977469,72.61977469
inside_lvliang,1049,74.24826353,74.24826353
inside_lvliang,1050,80.69330857,80.69330857
inside_lvliang,1051,85.74298699,85.74298699
inside_lvliang,1052,87.08991544,87.08991544
inside_lvliang,1053,84.83113318,84.83113318
inside_lvliang,1054,84.2873442,84.2873442
inside_lvliang,1055,81.26044778,81.26044778
inside_lvliang,1056,76.98480251,76.98480251
inside_lvliang,1057,75.68761547,75.68761547
inside_lvliang,1058,75.14654163,75.14654163
inside_lvliang,1059,74.28904499,74.28904499
inside_lvliang,1060,73.28493056,73.28493056
inside_lvliang,1061,72.42167777,72.42167777
inside_lvliang,1062,72.50226327,72.50226327
inside_lvliang,1063,74.11619894,74.11619894
inside_lvliang,1064,77.28971314,77.28971314
inside_lvliang,1065,77.22655889,77.22655889
inside_lvliang,1066,78.25402354,78.25402354
inside_lvliang,1067,75.68745257,75.68745257
inside_lvliang,1068,75.29028134,75.29028134
inside_lvliang,1069,75.67865548,75.67865548
inside_lvliang,1070,72.4877101,72.4877101
inside_lvliang,1071,71.78850628,71.78850628
inside_lvliang,1072,72.61977469,72.61977469
inside_lvliang,1073,74.24826353,74.24826353
inside_lvliang,1074,80.69330857,80.69330857
inside_lvliang,1075,85.74298699,85.74298699
inside_lvliang,1076,87.08991544,87.08991544
inside_lvliang,1077,84.83113318,84.83113318
inside_lvliang,1078,84.2873442,84.2873442
inside_lvliang,1079,81.26044778,81.26044778
inside_lvliang,1080,76.98480251,76.98480251
inside_lvliang,1081,75.68761547,75.68761547
inside_lvliang,1082,75.14654163,75.14654163
inside_lvliang,1083,74.28904499,74.28904499
inside_lvliang,1084,73.28493056,73.28493056
inside_lvliang,1085,72.42167777,72.42167777
inside_lvliang,1086,72.50226327,72.50226327
inside_lvliang,1087,74.11619894,74.11619894
inside_lvliang,1088,77.28971314,77.28971314
inside_lvliang,1089,77.22655889,77.22655889
inside_lvliang,1090,78.25402354,78.25402354
inside_lvliang,1091,75.68745257,75.68745257
inside_lvliang,1092,75.29028134,75.29028134
inside_lvliang,1093,75.67865548,75.67865548
inside_lvliang,1094,72.4877101,72.4877101
inside_lvliang,1095,71.78850628,71.78850628
inside_lvliang,1096,72.61977469,72.61977469
inside_lvliang,1097,74.24826353,74.24826353
inside_lvliang,1098,80.69330857,80.69330857
inside_lvliang,1099,85.74298699,85.74298699
inside_lvliang,1100,87.08991544,87.08991544
inside_lvliang,1101,84.83113318,84.83113318
inside_lvliang,1102,84.2873442,84.2873442
inside_lvliang,1103,81.26044778,81.26044778
inside_lvliang,1104,76.98480251,76.98480251
inside_lvliang,1105,75.68761547,75.68761547
inside_lvliang,1106,75.14654163,75.14654163
inside_lvliang,1107,74.28904499,74.28904499
inside_lvliang,1108,73.28493056,73.28493056
inside_lvliang,1109,72.42167777,72.42167777
inside_lvliang,1110,72.50226327,72.50226327
inside_lvliang,1111,74.11619894,74.11619894
inside_lvliang,1112,77.28971314,77.28971314
inside_lvliang,1113,77.22655889,77.22655889
inside_lvliang,1114,78.25402354,78.25402354
inside_lvliang,1115,75.68745257,75.68745257
inside_lvliang,1116,75.29028134,75.29028134
inside_lvliang,1117,75.67865548,75.67865548
inside_lvliang,1118,72.4877101,72.4877101
inside_lvliang,1119,71.78850628,71.78850628
inside_lvliang,1120,72.61977469,72.61977469
inside_lvliang,1121,74.24826353,74.24826353
inside_lvliang,1122,80.69330857,80.69330857
inside_lvliang,1123,85.74298699,85.74298699
inside_lvliang,1124,87.08991544,87.08991544
inside_lvliang,1125,84.83113318,84.83113318
inside_lvliang,1126,84.2873442,84.2873442
inside_lvliang,1127,81.26044778,81.26044778
inside_lvliang,1128,76.98480251,76.98480251
inside_lvliang,1129,75.68761547,75.68761547
inside_lvliang,1130,75.14654163,75.14654163
inside_lvliang,1131,74.28904499,74.28904499
inside_lvliang,1132,73.28493056,73.28493056
inside_lvliang,1133,72.42167777,72.42167777
inside_lvliang,1134,72.50226327,72.50226327
inside_lvliang,1135,74.11619894,74.11619894
inside_lvliang,1136,77.28971314,77.28971314
inside_lvliang,1137,77.22655889,77.22655889
inside_lvliang,1138,78.25402354,78.25402354
inside_lvliang,1139,75.68745257,75.68745257
inside_lvliang,1140,75.29028134,75.29028134
inside_lvliang,1141,75.67865548,75.67865548
inside_lvliang,1142,72.4877101,72.4877101
inside_lvliang,1143,71.78850628,71.78850628
inside_lvliang,1144,72.61977469,72.61977469
inside_lvliang,1145,74.24826353,74.24826353
inside_lvliang,1146,80.69330857,80.69330857
inside_lvliang,1147,85.74298699,85.74298699
inside_lvliang,1148,87.08991544,87.08991544
inside_lvliang,1149,84.83113318,84.83113318
inside_lvliang,1150,84.2873442,84.2873442
inside_lvliang,1151,81.26044778,81.26044778
inside_lvliang,1152,76.98480251,76.98480251
outside_lvliang,1,31,31
outside_lvliang,2,31,31
outside_lvliang,3,31,31
outside_lvliang,4,31,31
outside_lvliang,5,31,31
outside_lvliang,6,31,31
outside_lvliang,7,31,31
outside_lvliang,8,31,31
outside_lvliang,9,31,31
outside_lvliang,10,31,31
outside_lvliang,11,31,31
outside_lvliang,12,31,31
outside_lvliang,13,31,31
outside_lvliang,14,31,31
outside_lvliang,15,31,31
outside_lvliang,16,31,31
outside_lvliang,17,31,31
outside_lvliang,18,31,31
outside_lvliang,19,31,31
outside_lvliang,20,31,31
outside_lvliang,21,31,31
outside_lvliang,22,31,31
outside_lvliang,23,31,31
outside_lvliang,24,31,31
outside_lvliang,25,31,31
outside_lvliang,26,31,31
outside_lvliang,27,31,31
outside_lvliang,28,31,31
outside_lvliang,29,31,31
outside_lvliang,30,31,31
outside_lvliang,31,31,31
outside_lvliang,32,31,31
outside_lvliang,33,31,31
outside_lvliang,34,31,31
outside_lvliang,35,31,31
outside_lvliang,36,31,31
outside_lvliang,37,31,31
outside_lvliang,38,31,31
outside_lvliang,39,31,31
outside_lvliang,40,31,31
outside_lvliang,41,31,31
outside_lvliang,42,31,31
outside_lvliang,43,31,31
outside_lvliang,44,31,31
outside_lvliang,45,31,31
outside_lvliang,46,31,31
outside_lvliang,47,31,31
outside_lvliang,48,31,31
outside_lvliang,49,31,31
outside_lvliang,50,31,31
outside_lvliang,51,31,31
outside_lvliang,52,31,31
outside_lvliang,53,31,31
outside_lvliang,54,31,31
outside_lvliang,55,31,31
outside_lvliang,56,31,31
outside_lvliang,57,31,31
outside_lvliang,58,31,31
outside_lvliang,59,31,31
outside_lvliang,60,31,31
outside_lvliang,61,31,31
outside_lvliang,62,31,31
outside_lvliang,63,31,31
outside_lvliang,64,31,31
outside_lvliang,65,31,31
outside_lvliang,66,31,31
outside_lvliang,67,31,31
outside_lvliang,68,31,31
outside_lvliang,69,31,31
outside_lvliang,70,31,31
outside_lvliang,71,31,31
outside_lvliang,72,31,31
outside_lvliang,73,31,31
outside_lvliang,74,31,31
outside_lvliang,75,31,31
outside_lvliang,76,31,31
outside_lvliang,77,31,31
outside_lvliang,78,31,31
outside_lvliang,79,31,31
outside_lvliang,80,31,31
outside_lvliang,81,31,31
outside_lvliang,82,31,31
outside_lvliang,83,31,31
outside_lvliang,84,31,31
outside_lvliang,85,31,31
outside_lvliang,86,31,31
outside_lvliang,87,31,31
outside_lvliang,88,31,31
outside_lvliang,89,31,31
outside_lvliang,90,31,31
outside_lvliang,91,31,31
outside_lvliang,92,31,31
outside_lvliang,93,31,31
outside_lvliang,94,31,31
outside_lvliang,95,31,31
outside_lvliang,96,31,31
outside_lvliang,97,31,31
outside_lvliang,98,31,31
outside_lvliang,99,31,31
outside_lvliang,100,31,31
outside_lvliang,101,31,31
outside_lvliang,102,31,31
outside_lvliang,103,31,31
outside_lvliang,104,31,31
outside_lvliang,105,31,31
outside_lvliang,106,31,31
outside_lvliang,107,31,31
outside_lvliang,108,31,31
outside_lvliang,109,31,31
outside_lvliang,110,31,31
outside_lvliang,111,31,31
outside_lvliang,112,31,31
outside_lvliang,113,31,31
outside_lvliang,114,31,31
outside_lvliang,115,31,31
outside_lvliang,116,31,31
outside_lvliang,117,31,31
outside_lvliang,118,31,31
outside_lvliang,119,31,31
outside_lvliang,120,31,31
outside_lvliang,121,31,31
outside_lvliang,122,31,31
outside_lvliang,123,31,31
outside_lvliang,124,31,31
outside_lvliang,125,31,31
outside_lvliang,126,31,31
outside_lvliang,127,31,31
outside_lvliang,128,31,31
outside_lvliang,129,31,31
outside_lvliang,130,31,31
outside_lvliang,131,31,31
outside_lvliang,132,31,31
outside_lvliang,133,31,31
outside_lvliang,134,31,31
outside_lvliang,135,31,31
outside_lvliang,136,31,31
outside_lvliang,137,31,31
outside_lvliang,138,31,31
outside_lvliang,139,31,31
outside_lvliang,140,31,31
outside_lvliang,141,31,31
outside_lvliang,142,31,31
outside_lvliang,143,31,31
outside_lvliang,144,31,31
outside_lvliang,145,31,31
outside_lvliang,146,31,31
outside_lvliang,147,31,31
outside_lvliang,148,31,31
outside_lvliang,149,31,31
outside_lvliang,150,31,31
outside_lvliang,151,31,31
outside_lvliang,152,31,31
outside_lvliang,153,31,31
outside_lvliang,154,31,31
outside_lvliang,155,31,31
outside_lvliang,156,31,31
outside_lvliang,157,31,31
outside_lvliang,158,31,31
outside_lvliang,159,31,31
outside_lvliang,160,31,31
outside_lvliang,161,31,31
outside_lvliang,162,31,31
outside_lvliang,163,31,31
outside_lvliang,164,31,31
outside_lvliang,165,31,31
outside_lvliang,166,31,31
outside_lvliang,167,31,31
outside_lvliang,168,31,31
outside_lvliang,169,31,31
outside_lvliang,170,31,31
outside_lvliang,171,31,31
outside_lvliang,172,31,31
outside_lvliang,173,31,31
outside_lvliang,174,31,31
outside_lvliang,175,31,31
outside_lvliang,176,31,31
outside_lvliang,177,31,31
outside_lvliang,178,31,31
outside_lvliang,179,31,31
outside_lvliang,180,31,31
outside_lvliang,181,31,31
outside_lvliang,182,31,31
outside_lvliang,183,31,31
outside_lvliang,184,31,31
outside_lvliang,185,31,31
outside_lvliang,186,31,31
outside_lvliang,187,31,31
outside_lvliang,188,31,31
outside_lvliang,189,31,31
outside_lvliang,190,31,31
outside_lvliang,191,31,31
outside_lvliang,192,31,31
outside_lvliang,193,31,31
outside_lvliang,194,31,31
outside_lvliang,195,31,31
outside_lvliang,196,31,31
outside_lvliang,197,31,31
outside_lvliang,198,31,31
outside_lvliang,199,31,31
outside_lvliang,200,31,31
outside_lvliang,201,31,31
outside_lvliang,202,31,31
outside_lvliang,203,31,31
outside_lvliang,204,31,31
outside_lvliang,205,31,31
outside_lvliang,206,31,31
outside_lvliang,207,31,31
outside_lvliang,208,31,31
outside_lvliang,209,31,31
outside_lvliang,210,31,31
outside_lvliang,211,31,31
outside_lvliang,212,31,31
outside_lvliang,213,31,31
outside_lvliang,214,31,31
outside_lvliang,215,31,31
outside_lvliang,216,31,31
outside_lvliang,217,31,31
outside_lvliang,218,31,31
outside_lvliang,219,31,31
outside_lvliang,220,31,31
outside_lvliang,221,31,31
outside_lvliang,222,31,31
outside_lvliang,223,31,31
outside_lvliang,224,31,31
outside_lvliang,225,31,31
outside_lvliang,226,31,31
outside_lvliang,227,31,31
outside_lvliang,228,31,31
outside_lvliang,229,31,31
outside_lvliang,230,31,31
outside_lvliang,231,31,31
outside_lvliang,232,31,31
outside_lvliang,233,31,31
outside_lvliang,234,31,31
outside_lvliang,235,31,31
outside_lvliang,236,31,31
outside_lvliang,237,31,31
outside_lvliang,238,31,31
outside_lvliang,239,31,31
outside_lvliang,240,31,31
outside_lvliang,241,31,31
outside_lvliang,242,31,31
outside_lvliang,243,31,31
outside_lvliang,244,31,31
outside_lvliang,245,31,31
outside_lvliang,246,31,31
outside_lvliang,247,31,31
outside_lvliang,248,31,31
outside_lvliang,249,31,31
outside_lvliang,250,31,31
outside_lvliang,251,31,31
outside_lvliang,252,31,31
outside_lvliang,253,31,31
outside_lvliang,254,31,31
outside_lvliang,255,31,31
outside_lvliang,256,31,31
outside_lvliang,257,31,31
outside_lvliang,258,31,31
outside_lvliang,259,31,31
outside_lvliang,260,31,31
outside_lvliang,261,31,31
outside_lvliang,262,31,31
outside_lvliang,263,31,31
outside_lvliang,264,31,31
outside_lvliang,265,31,31
outside_lvliang,266,31,31
outside_lvliang,267,31,31
outside_lvliang,268,31,31
outside_lvliang,269,31,31
outside_lvliang,270,31,31
outside_lvliang,271,31,31
outside_lvliang,272,31,31
outside_lvliang,273,31,31
outside_lvliang,274,31,31
outside_lvliang,275,31,31
outside_lvliang,276,31,31
outside_lvliang,277,31,31
outside_lvliang,278,31,31
outside_lvliang,279,31,31
outside_lvliang,280,31,31
outside_lvliang,281,31,31
outside_lvliang,282,31,31
outside_lvliang,283,31,31
outside_lvliang,284,31,31
outside_lvliang,285,31,31
outside_lvliang,286,31,31
outside_lvliang,287,31,31
outside_lvliang,288,31,31
outside_lvliang,289,31,31
outside_lvliang,290,31,31
outside_lvliang,291,31,31
outside_lvliang,292,31,31
outside_lvliang,293,31,31
outside_lvliang,294,31,31
outside_lvliang,295,31,31
outside_lvliang,296,31,31
outside_lvliang,297,31,31
outside_lvliang,298,31,31
outside_lvliang,299,31,31
outside_lvliang,300,31,31
outside_lvliang,301,31,31
outside_lvliang,302,31,31
outside_lvliang,303,31,31
outside_lvliang,304,31,31
outside_lvliang,305,31,31
outside_lvliang,306,31,31
outside_lvliang,307,31,31
outside_lvliang,308,31,31
outside_lvliang,309,31,31
outside_lvliang,310,31,31
outside_lvliang,311,31,31
outside_lvliang,312,31,31
outside_lvliang,313,31,31
outside_lvliang,314,31,31
outside_lvliang,315,31,31
outside_lvliang,316,31,31
outside_lvliang,317,31,31
outside_lvliang,318,31,31
outside_lvliang,319,31,31
outside_lvliang,320,31,31
outside_lvliang,321,31,31
outside_lvliang,322,31,31
outside_lvliang,323,31,31
outside_lvliang,324,31,31
outside_lvliang,325,31,31
outside_lvliang,326,31,31
outside_lvliang,327,31,31
outside_lvliang,328,31,31
outside_lvliang,329,31,31
outside_lvliang,330,31,31
outside_lvliang,331,31,31
outside_lvliang,332,31,31
outside_lvliang,333,31,31
outside_lvliang,334,31,31
outside_lvliang,335,31,31
outside_lvliang,336,31,31
outside_lvliang,337,31,31
outside_lvliang,338,31,31
outside_lvliang,339,31,31
outside_lvliang,340,31,31
outside_lvliang,341,31,31
outside_lvliang,342,31,31
outside_lvliang,343,31,31
outside_lvliang,344,31,31
outside_lvliang,345,31,31
outside_lvliang,346,31,31
outside_lvliang,347,31,31
outside_lvliang,348,31,31
outside_lvliang,349,31,31
outside_lvliang,350,31,31
outside_lvliang,351,31,31
outside_lvliang,352,31,31
outside_lvliang,353,31,31
outside_lvliang,354,31,31
outside_lvliang,355,31,31
outside_lvliang,356,31,31
outside_lvliang,357,31,31
outside_lvliang,358,31,31
outside_lvliang,359,31,31
outside_lvliang,360,31,31
outside_lvliang,361,31,31
outside_lvliang,362,31,31
outside_lvliang,363,31,31
outside_lvliang,364,31,31
outside_lvliang,365,31,31
outside_lvliang,366,31,31
outside_lvliang,367,31,31
outside_lvliang,368,31,31
outside_lvliang,369,31,31
outside_lvliang,370,31,31
outside_lvliang,371,31,31
outside_lvliang,372,31,31
outside_lvliang,373,31,31
outside_lvliang,374,31,31
outside_lvliang,375,31,31
outside_lvliang,376,31,31
outside_lvliang,377,31,31
outside_lvliang,378,31,31
outside_lvliang,379,31,31
outside_lvliang,380,31,31
outside_lvliang,381,31,31
outside_lvliang,382,31,31
outside_lvliang,383,31,31
outside_lvliang,384,31,31
outside_lvliang,385,31,31
outside_lvliang,386,31,31
outside_lvliang,387,31,31
outside_lvliang,388,31,31
outside_lvliang,389,31,31
outside_lvliang,390,31,31
outside_lvliang,391,31,31
outside_lvliang,392,31,31
outside_lvliang,393,31,31
outside_lvliang,394,31,31
outside_lvliang,395,31,31
outside_lvliang,396,31,31
outside_lvliang,397,31,31
outside_lvliang,398,31,31
outside_lvliang,399,31,31
outside_lvliang,400,31,31
outside_lvliang,401,31,31
outside_lvliang,402,31,31
outside_lvliang,403,31,31
outside_lvliang,404,31,31
outside_lvliang,405,31,31
outside_lvliang,406,31,31
outside_lvliang,407,31,31
outside_lvliang,408,31,31
outside_lvliang,409,31,31
outside_lvliang,410,31,31
outside_lvliang,411,31,31
outside_lvliang,412,31,31
outside_lvliang,413,31,31
outside_lvliang,414,31,31
outside_lvliang,415,31,31
outside_lvliang,416,31,31
outside_lvliang,417,31,31
outside_lvliang,418,31,31
outside_lvliang,419,31,31
outside_lvliang,420,31,31
outside_lvliang,421,31,31
outside_lvliang,422,31,31
outside_lvliang,423,31,31
outside_lvliang,424,31,31
outside_lvliang,425,31,31
outside_lvliang,426,31,31
outside_lvliang,427,31,31
outside_lvliang,428,31,31
outside_lvliang,429,31,31
outside_lvliang,430,31,31
outside_lvliang,431,31,31
outside_lvliang,432,31,31
outside_lvliang,433,31,31
outside_lvliang,434,31,31
outside_lvliang,435,31,31
outside_lvliang,436,31,31
outside_lvliang,437,31,31
outside_lvliang,438,31,31
outside_lvliang,439,31,31
outside_lvliang,440,31,31
outside_lvliang,441,31,31
outside_lvliang,442,31,31
outside_lvliang,443,31,31
outside_lvliang,444,31,31
outside_lvliang,445,31,31
outside_lvliang,446,31,31
outside_lvliang,447,31,31
outside_lvliang,448,31,31
outside_lvliang,449,31,31
outside_lvliang,450,31,31
outside_lvliang,451,31,31
outside_lvliang,452,31,31
outside_lvliang,453,31,31
outside_lvliang,454,31,31
outside_lvliang,455,31,31
outside_lvliang,456,31,31
outside_lvliang,457,31,31
outside_lvliang,458,31,31
outside_lvliang,459,31,31
outside_lvliang,460,31,31
outside_lvliang,461,31,31
outside_lvliang,462,31,31
outside_lvliang,463,31,31
outside_lvliang,464,31,31
outside_lvliang,465,31,31
outside_lvliang,466,31,31
outside_lvliang,467,31,31
outside_lvliang,468,31,31
outside_lvliang,469,31,31
outside_lvliang,470,31,31
outside_lvliang,471,31,31
outside_lvliang,472,31,31
outside_lvliang,473,31,31
outside_lvliang,474,31,31
outside_lvliang,475,31,31
outside_lvliang,476,31,31
outside_lvliang,477,31,31
outside_lvliang,478,31,31
outside_lvliang,479,31,31
outside_lvliang,480,31,31
outside_lvliang,481,31,31
outside_lvliang,482,31,31
outside_lvliang,483,31,31
outside_lvliang,484,31,31
outside_lvliang,485,31,31
outside_lvliang,486,31,31
outside_lvliang,487,31,31
outside_lvliang,488,31,31
outside_lvliang,489,31,31
outside_lvliang,490,31,31
outside_lvliang,491,31,31
outside_lvliang,492,31,31
outside_lvliang,493,31,31
outside_lvliang,494,31,31
outside_lvliang,495,31,31
outside_lvliang,496,31,31
outside_lvliang,497,31,31
outside_lvliang,498,31,31
outside_lvliang,499,31,31
outside_lvliang,500,31,31
outside_lvliang,501,31,31
outside_lvliang,502,31,31
outside_lvliang,503,31,31
outside_lvliang,504,31,31
outside_lvliang,505,31,31
outside_lvliang,506,31,31
outside_lvliang,507,31,31
outside_lvliang,508,31,31
outside_lvliang,509,31,31
outside_lvliang,510,31,31
outside_lvliang,511,31,31
outside_lvliang,512,31,31
outside_lvliang,513,31,31
outside_lvliang,514,31,31
outside_lvliang,515,31,31
outside_lvliang,516,31,31
outside_lvliang,517,31,31
outside_lvliang,518,31,31
outside_lvliang,519,31,31
outside_lvliang,520,31,31
outside_lvliang,521,31,31
outside_lvliang,522,31,31
outside_lvliang,523,31,31
outside_lvliang,524,31,31
outside_lvliang,525,31,31
outside_lvliang,526,31,31
outside_lvliang,527,31,31
outside_lvliang,528,31,31
outside_lvliang,529,31,31
outside_lvliang,530,31,31
outside_lvliang,531,31,31
outside_lvliang,532,31,31
outside_lvliang,533,31,31
outside_lvliang,534,31,31
outside_lvliang,535,31,31
outside_lvliang,536,31,31
outside_lvliang,537,31,31
outside_lvliang,538,31,31
outside_lvliang,539,31,31
outside_lvliang,540,31,31
outside_lvliang,541,31,31
outside_lvliang,542,31,31
outside_lvliang,543,31,31
outside_lvliang,544,31,31
outside_lvliang,545,31,31
outside_lvliang,546,31,31
outside_lvliang,547,31,31
outside_lvliang,548,31,31
outside_lvliang,549,31,31
outside_lvliang,550,31,31
outside_lvliang,551,31,31
outside_lvliang,552,31,31
outside_lvliang,553,31,31
outside_lvliang,554,31,31
outside_lvliang,555,31,31
outside_lvliang,556,31,31
outside_lvliang,557,31,31
outside_lvliang,558,31,31
outside_lvliang,559,31,31
outside_lvliang,560,31,31
outside_lvliang,561,31,31
outside_lvliang,562,31,31
outside_lvliang,563,31,31
outside_lvliang,564,31,31
outside_lvliang,565,31,31
outside_lvliang,566,31,31
outside_lvliang,567,31,31
outside_lvliang,568,31,31
outside_lvliang,569,31,31
outside_lvliang,570,31,31
outside_lvliang,571,31,31
outside_lvliang,572,31,31
outside_lvliang,573,31,31
outside_lvliang,574,31,31
outside_lvliang,575,31,31
outside_lvliang,576,31,31
outside_lvliang,577,31,31
outside_lvliang,578,31,31
outside_lvliang,579,31,31
outside_lvliang,580,31,31
outside_lvliang,581,31,31
outside_lvliang,582,31,31
outside_lvliang,583,31,31
outside_lvliang,584,31,31
outside_lvliang,585,31,31
outside_lvliang,586,31,31
outside_lvliang,587,31,31
outside_lvliang,588,31,31
outside_lvliang,589,31,31
outside_lvliang,590,31,31
outside_lvliang,591,31,31
outside_lvliang,592,31,31
outside_lvliang,593,31,31
outside_lvliang,594,31,31
outside_lvliang,595,31,31
outside_lvliang,596,31,31
outside_lvliang,597,31,31
outside_lvliang,598,31,31
outside_lvliang,599,31,31
outside_lvliang,600,31,31
outside_lvliang,601,31,31
outside_lvliang,602,31,31
outside_lvliang,603,31,31
outside_lvliang,604,31,31
outside_lvliang,605,31,31
outside_lvliang,606,31,31
outside_lvliang,607,31,31
outside_lvliang,608,31,31
outside_lvliang,609,31,31
outside_lvliang,610,31,31
outside_lvliang,611,31,31
outside_lvliang,612,31,31
outside_lvliang,613,31,31
outside_lvliang,614,31,31
outside_lvliang,615,31,31
outside_lvliang,616,31,31
outside_lvliang,617,31,31
outside_lvliang,618,31,31
outside_lvliang,619,31,31
outside_lvliang,620,31,31
outside_lvliang,621,31,31
outside_lvliang,622,31,31
outside_lvliang,623,31,31
outside_lvliang,624,31,31
outside_lvliang,625,31,31
outside_lvliang,626,31,31
outside_lvliang,627,31,31
outside_lvliang,628,31,31
outside_lvliang,629,31,31
outside_lvliang,630,31,31
outside_lvliang,631,31,31
outside_lvliang,632,31,31
outside_lvliang,633,31,31
outside_lvliang,634,31,31
outside_lvliang,635,31,31
outside_lvliang,636,31,31
outside_lvliang,637,31,31
outside_lvliang,638,31,31
outside_lvliang,639,31,31
outside_lvliang,640,31,31
outside_lvliang,641,31,31
outside_lvliang,642,31,31
outside_lvliang,643,31,31
outside_lvliang,644,31,31
outside_lvliang,645,31,31
outside_lvliang,646,31,31
outside_lvliang,647,31,31
outside_lvliang,648,31,31
outside_lvliang,649,31,31
outside_lvliang,650,31,31
outside_lvliang,651,31,31
outside_lvliang,652,31,31
outside_lvliang,653,31,31
outside_lvliang,654,31,31
outside_lvliang,655,31,31
outside_lvliang,656,31,31
outside_lvliang,657,31,31
outside_lvliang,658,31,31
outside_lvliang,659,31,31
outside_lvliang,660,31,31
outside_lvliang,661,31,31
outside_lvliang,662,31,31
outside_lvliang,663,31,31
outside_lvliang,664,31,31
outside_lvliang,665,31,31
outside_lvliang,666,31,31
outside_lvliang,667,31,31
outside_lvliang,668,31,31
outside_lvliang,669,31,31
outside_lvliang,670,31,31
outside_lvliang,671,31,31
outside_lvliang,672,31,31
outside_lvliang,673,31,31
outside_lvliang,674,31,31
outside_lvliang,675,31,31
outside_lvliang,676,31,31
outside_lvliang,677,31,31
outside_lvliang,678,31,31
outside_lvliang,679,31,31
outside_lvliang,680,31,31
outside_lvliang,681,31,31
outside_lvliang,682,31,31
outside_lvliang,683,31,31
outside_lvliang,684,31,31
outside_lvliang,685,31,31
outside_lvliang,686,31,31
outside_lvliang,687,31,31
outside_lvliang,688,31,31
outside_lvliang,689,31,31
outside_lvliang,690,31,31
outside_lvliang,691,31,31
outside_lvliang,692,31,31
outside_lvliang,693,31,31
outside_lvliang,694,31,31
outside_lvliang,695,31,31
outside_lvliang,696,31,31
outside_lvliang,697,31,31
outside_lvliang,698,31,31
outside_lvliang,699,31,31
outside_lvliang,700,31,31
outside_lvliang,701,31,31
outside_lvliang,702,31,31
outside_lvliang,703,31,31
outside_lvliang,704,31,31
outside_lvliang,705,31,31
outside_lvliang,706,31,31
outside_lvliang,707,31,31
outside_lvliang,708,31,31
outside_lvliang,709,31,31
outside_lvliang,710,31,31
outside_lvliang,711,31,31
outside_lvliang,712,31,31
outside_lvliang,713,31,31
outside_lvliang,714,31,31
outside_lvliang,715,31,31
outside_lvliang,716,31,31
outside_lvliang,717,31,31
outside_lvliang,718,31,31
outside_lvliang,719,31,31
outside_lvliang,720,31,31
outside_lvliang,721,31,31
outside_lvliang,722,31,31
outside_lvliang,723,31,31
outside_lvliang,724,31,31
outside_lvliang,725,31,31
outside_lvliang,726,31,31
outside_lvliang,727,31,31
outside_lvliang,728,31,31
outside_lvliang,729,31,31
outside_lvliang,730,31,31
outside_lvliang,731,31,31
outside_lvliang,732,31,31
outside_lvliang,733,31,31
outside_lvliang,734,31,31
outside_lvliang,735,31,31
outside_lvliang,736,31,31
outside_lvliang,737,31,31
outside_lvliang,738,31,31
outside_lvliang,739,31,31
outside_lvliang,740,31,31
outside_lvliang,741,31,31
outside_lvliang,742,31,31
outside_lvliang,743,31,31
outside_lvliang,744,31,31
outside_lvliang,745,31,31
outside_lvliang,746,31,31
outside_lvliang,747,31,31
outside_lvliang,748,31,31
outside_lvliang,749,31,31
outside_lvliang,750,31,31
outside_lvliang,751,31,31
outside_lvliang,752,31,31
outside_lvliang,753,31,31
outside_lvliang,754,31,31
outside_lvliang,755,31,31
outside_lvliang,756,31,31
outside_lvliang,757,31,31
outside_lvliang,758,31,31
outside_lvliang,759,31,31
outside_lvliang,760,31,31
outside_lvliang,761,31,31
outside_lvliang,762,31,31
outside_lvliang,763,31,31
outside_lvliang,764,31,31
outside_lvliang,765,31,31
outside_lvliang,766,31,31
outside_lvliang,767,31,31
outside_lvliang,768,31,31
outside_lvliang,769,31,31
outside_lvliang,770,31,31
outside_lvliang,771,31,31
outside_lvliang,772,31,31
outside_lvliang,773,31,31
outside_lvliang,774,31,31
outside_lvliang,775,31,31
outside_lvliang,776,31,31
outside_lvliang,777,31,31
outside_lvliang,778,31,31
outside_lvliang,779,31,31
outside_lvliang,780,31,31
outside_lvliang,781,31,31
outside_lvliang,782,31,31
outside_lvliang,783,31,31
outside_lvliang,784,31,31
outside_lvliang,785,31,31
outside_lvliang,786,31,31
outside_lvliang,787,31,31
outside_lvliang,788,31,31
outside_lvliang,789,31,31
outside_lvliang,790,31,31
outside_lvliang,791,31,31
outside_lvliang,792,31,31
outside_lvliang,793,31,31
outside_lvliang,794,31,31
outside_lvliang,795,31,31
outside_lvliang,796,31,31
outside_lvliang,797,31,31
outside_lvliang,798,31,31
outside_lvliang,799,31,31
outside_lvliang,800,31,31
outside_lvliang,801,31,31
outside_lvliang,802,31,31
outside_lvliang,803,31,31
outside_lvliang,804,31,31
outside_lvliang,805,31,31
outside_lvliang,806,31,31
outside_lvliang,807,31,31
outside_lvliang,808,31,31
outside_lvliang,809,31,31
outside_lvliang,810,31,31
outside_lvliang,811,31,31
outside_lvliang,812,31,31
outside_lvliang,813,31,31
outside_lvliang,814,31,31
outside_lvliang,815,31,31
outside_lvliang,816,31,31
outside_lvliang,817,31,31
outside_lvliang,818,31,31
outside_lvliang,819,31,31
outside_lvliang,820,31,31
outside_lvliang,821,31,31
outside_lvliang,822,31,31
outside_lvliang,823,31,31
outside_lvliang,824,31,31
outside_lvliang,825,31,31
outside_lvliang,826,31,31
outside_lvliang,827,31,31
outside_lvliang,828,31,31
outside_lvliang,829,31,31
outside_lvliang,830,31,31
outside_lvliang,831,31,31
outside_lvliang,832,31,31
outside_lvliang,833,31,31
outside_lvliang,834,31,31
outside_lvliang,835,31,31
outside_lvliang,836,31,31
outside_lvliang,837,31,31
outside_lvliang,838,31,31
outside_lvliang,839,31,31
outside_lvliang,840,31,31
outside_lvliang,841,31,31
outside_lvliang,842,31,31
outside_lvliang,843,31,31
outside_lvliang,844,31,31
outside_lvliang,845,31,31
outside_lvliang,846,31,31
outside_lvliang,847,31,31
outside_lvliang,848,31,31
outside_lvliang,849,31,31
outside_lvliang,850,31,31
outside_lvliang,851,31,31
outside_lvliang,852,31,31
outside_lvliang,853,31,31
outside_lvliang,854,31,31
outside_lvliang,855,31,31
outside_lvliang,856,31,31
outside_lvliang,857,31,31
outside_lvliang,858,31,31
outside_lvliang,859,31,31
outside_lvliang,860,31,31
outside_lvliang,861,31,31
outside_lvliang,862,31,31
outside_lvliang,863,31,31
outside_lvliang,864,31,31
outside_lvliang,865,31,31
outside_lvliang,866,31,31
outside_lvliang,867,31,31
outside_lvliang,868,31,31
outside_lvliang,869,31,31
outside_lvliang,870,31,31
outside_lvliang,871,31,31
outside_lvliang,872,31,31
outside_lvliang,873,31,31
outside_lvliang,874,31,31
outside_lvliang,875,31,31
outside_lvliang,876,31,31
outside_lvliang,877,31,31
outside_lvliang,878,31,31
outside_lvliang,879,31,31
outside_lvliang,880,31,31
outside_lvliang,881,31,31
outside_lvliang,882,31,31
outside_lvliang,883,31,31
outside_lvliang,884,31,31
outside_lvliang,885,31,31
outside_lvliang,886,31,31
outside_lvliang,887,31,31
outside_lvliang,888,31,31
outside_lvliang,889,31,31
outside_lvliang,890,31,31
outside_lvliang,891,31,31
outside_lvliang,892,31,31
outside_lvliang,893,31,31
outside_lvliang,894,31,31
outside_lvliang,895,31,31
outside_lvliang,896,31,31
outside_lvliang,897,31,31
outside_lvliang,898,31,31
outside_lvliang,899,31,31
outside_lvliang,900,31,31
outside_lvliang,901,31,31
outside_lvliang,902,31,31
outside_lvliang,903,31,31
outside_lvliang,904,31,31
outside_lvliang,905,31,31
outside_lvliang,906,31,31
outside_lvliang,907,31,31
outside_lvliang,908,31,31
outside_lvliang,909,31,31
outside_lvliang,910,31,31
outside_lvliang,911,31,31
outside_lvliang,912,31,31
outside_lvliang,913,31,31
outside_lvliang,914,31,31
outside_lvliang,915,31,31
outside_lvliang,916,31,31
outside_lvliang,917,31,31
outside_lvliang,918,31,31
outside_lvliang,919,31,31
outside_lvliang,920,31,31
outside_lvliang,921,31,31
outside_lvliang,922,31,31
outside_lvliang,923,31,31
outside_lvliang,924,31,31
outside_lvliang,925,31,31
outside_lvliang,926,31,31
outside_lvliang,927,31,31
outside_lvliang,928,31,31
outside_lvliang,929,31,31
outside_lvliang,930,31,31
outside_lvliang,931,31,31
outside_lvliang,932,31,31
outside_lvliang,933,31,31
outside_lvliang,934,31,31
outside_lvliang,935,31,31
outside_lvliang,936,31,31
outside_lvliang,937,31,31
outside_lvliang,938,31,31
outside_lvliang,939,31,31
outside_lvliang,940,31,31
outside_lvliang,941,31,31
outside_lvliang,942,31,31
outside_lvliang,943,31,31
outside_lvliang,944,31,31
outside_lvliang,945,31,31
outside_lvliang,946,31,31
outside_lvliang,947,31,31
outside_lvliang,948,31,31
outside_lvliang,949,31,31
outside_lvliang,950,31,31
outside_lvliang,951,31,31
outside_lvliang,952,31,31
outside_lvliang,953,31,31
outside_lvliang,954,31,31
outside_lvliang,955,31,31
outside_lvliang,956,31,31
outside_lvliang,957,31,31
outside_lvliang,958,31,31
outside_lvliang,959,31,31
outside_lvliang,960,31,31
outside_lvliang,961,31,31
outside_lvliang,962,31,31
outside_lvliang,963,31,31
outside_lvliang,964,31,31
outside_lvliang,965,31,31
outside_lvliang,966,31,31
outside_lvliang,967,31,31
outside_lvliang,968,31,31
outside_lvliang,969,31,31
outside_lvliang,970,31,31
outside_lvliang,971,31,31
outside_lvliang,972,31,31
outside_lvliang,973,31,31
outside_lvliang,974,31,31
outside_lvliang,975,31,31
outside_lvliang,976,31,31
outside_lvliang,977,31,31
outside_lvliang,978,31,31
outside_lvliang,979,31,31
outside_lvliang,980,31,31
outside_lvliang,981,31,31
outside_lvliang,982,31,31
outside_lvliang,983,31,31
outside_lvliang,984,31,31
outside_lvliang,985,31,31
outside_lvliang,986,31,31
outside_lvliang,987,31,31
outside_lvliang,988,31,31
outside_lvliang,989,31,31
outside_lvliang,990,31,31
outside_lvliang,991,31,31
outside_lvliang,992,31,31
outside_lvliang,993,31,31
outside_lvliang,994,31,31
outside_lvliang,995,31,31
outside_lvliang,996,31,31
outside_lvliang,997,31,31
outside_lvliang,998,31,31
outside_lvliang,999,31,31
outside_lvliang,1000,31,31
outside_lvliang,1001,31,31
outside_lvliang,1002,31,31
outside_lvliang,1003,31,31
outside_lvliang,1004,31,31
outside_lvliang,1005,31,31
outside_lvliang,1006,31,31
outside_lvliang,1007,31,31
outside_lvliang,1008,31,31
outside_lvliang,1009,31,31
outside_lvliang,1010,31,31
outside_lvliang,1011,31,31
outside_lvliang,1012,31,31
outside_lvliang,1013,31,31
outside_lvliang,1014,31,31
outside_lvliang,1015,31,31
outside_lvliang,1016,31,31
outside_lvliang,1017,31,31
outside_lvliang,1018,31,31
outside_lvliang,1019,31,31
outside_lvliang,1020,31,31
outside_lvliang,1021,31,31
outside_lvliang,1022,31,31
outside_lvliang,1023,31,31
outside_lvliang,1024,31,31
outside_lvliang,1025,31,31
outside_lvliang,1026,31,31
outside_lvliang,1027,31,31
outside_lvliang,1028,31,31
outside_lvliang,1029,31,31
outside_lvliang,1030,31,31
outside_lvliang,1031,31,31
outside_lvliang,1032,31,31
outside_lvliang,1033,31,31
outside_lvliang,1034,31,31
outside_lvliang,1035,31,31
outside_lvliang,1036,31,31
outside_lvliang,1037,31,31
outside_lvliang,1038,31,31
outside_lvliang,1039,31,31
outside_lvliang,1040,31,31
outside_lvliang,1041,31,31
outside_lvliang,1042,31,31
outside_lvliang,1043,31,31
outside_lvliang,1044,31,31
outside_lvliang,1045,31,31
outside_lvliang,1046,31,31
outside_lvliang,1047,31,31
outside_lvliang,1048,31,31
outside_lvliang,1049,31,31
outside_lvliang,1050,31,31
outside_lvliang,1051,31,31
outside_lvliang,1052,31,31
outside_lvliang,1053,31,31
outside_lvliang,1054,31,31
outside_lvliang,1055,31,31
outside_lvliang,1056,31,31
outside_lvliang,1057,31,31
outside_lvliang,1058,31,31
outside_lvliang,1059,31,31
outside_lvliang,1060,31,31
outside_lvliang,1061,31,31
outside_lvliang,1062,31,31
outside_lvliang,1063,31,31
outside_lvliang,1064,31,31
outside_lvliang,1065,31,31
outside_lvliang,1066,31,31
outside_lvliang,1067,31,31
outside_lvliang,1068,31,31
outside_lvliang,1069,31,31
outside_lvliang,1070,31,31
outside_lvliang,1071,31,31
outside_lvliang,1072,31,31
outside_lvliang,1073,31,31
outside_lvliang,1074,31,31
outside_lvliang,1075,31,31
outside_lvliang,1076,31,31
outside_lvliang,1077,31,31
outside_lvliang,1078,31,31
outside_lvliang,1079,31,31
outside_lvliang,1080,31,31
outside_lvliang,1081,31,31
outside_lvliang,1082,31,31
outside_lvliang,1083,31,31
outside_lvliang,1084,31,31
outside_lvliang,1085,31,31
outside_lvliang,1086,31,31
outside_lvliang,1087,31,31
outside_lvliang,1088,31,31
outside_lvliang,1089,31,31
outside_lvliang,1090,31,31
outside_lvliang,1091,31,31
outside_lvliang,1092,31,31
outside_lvliang,1093,31,31
outside_lvliang,1094,31,31
outside_lvliang,1095,31,31
outside_lvliang,1096,31,31
outside_lvliang,1097,31,31
outside_lvliang,1098,31,31
outside_lvliang,1099,31,31
outside_lvliang,1100,31,31
outside_lvliang,1101,31,31
outside_lvliang,1102,31,31
outside_lvliang,1103,31,31
outside_lvliang,1104,31,31
outside_lvliang,1105,31,31
outside_lvliang,1106,31,31
outside_lvliang,1107,31,31
outside_lvliang,1108,31,31
outside_lvliang,1109,31,31
outside_lvliang,1110,31,31
outside_lvliang,1111,31,31
outside_lvliang,1112,31,31
outside_lvliang,1113,31,31
outside_lvliang,1114,31,31
outside_lvliang,1115,31,31
outside_lvliang,1116,31,31
outside_lvliang,1117,31,31
outside_lvliang,1118,31,31
outside_lvliang,1119,31,31
outside_lvliang,1120,31,31
outside_lvliang,1121,31,31
outside_lvliang,1122,31,31
outside_lvliang,1123,31,31
outside_lvliang,1124,31,31
outside_lvliang,1125,31,31
outside_lvliang,1126,31,31
outside_lvliang,1127,31,31
outside_lvliang,1128,31,31
outside_lvliang,1129,31,31
outside_lvliang,1130,31,31
outside_lvliang,1131,31,31
outside_lvliang,1132,31,31
outside_lvliang,1133,31,31
outside_lvliang,1134,31,31
outside_lvliang,1135,31,31
outside_lvliang,1136,31,31
outside_lvliang,1137,31,31
outside_lvliang,1138,31,31
outside_lvliang,1139,31,31
outside_lvliang,1140,31,31
outside_lvliang,1141,31,31
outside_lvliang,1142,31,31
outside_lvliang,1143,31,31
outside_lvliang,1144,31,31
outside_lvliang,1145,31,31
outside_lvliang,1146,31,31
outside_lvliang,1147,31,31
outside_lvliang,1148,31,31
outside_lvliang,1149,31,31
outside_lvliang,1150,31,31
outside_lvliang,1151,31,31
outside_lvliang,1152,31,31
