LOAD_ZONE,TIMEPOINT,response_time,recovery_time
inside_lvliang,1,1,2
inside_lvliang,2,1,2
inside_lvliang,3,1,2
inside_lvliang,4,1,2
inside_lvliang,5,1,2
inside_lvliang,6,1,2
inside_lvliang,7,1,2
inside_lvliang,8,1,2
inside_lvliang,9,1,2
inside_lvliang,10,1,2
inside_lvliang,11,1,2
inside_lvliang,12,1,2
inside_lvliang,13,1,2
inside_lvliang,14,1,2
inside_lvliang,15,1,2
inside_lvliang,16,1,2
inside_lvliang,17,1,2
inside_lvliang,18,1,2
inside_lvliang,19,1,2
inside_lvliang,20,1,2
inside_lvliang,21,1,2
inside_lvliang,22,1,2
inside_lvliang,23,1,2
inside_lvliang,24,1,2
inside_lvliang,25,1,2
inside_lvliang,26,1,2
inside_lvliang,27,1,2
inside_lvliang,28,1,2
inside_lvliang,29,1,2
inside_lvliang,30,1,2
inside_lvliang,31,1,2
inside_lvliang,32,1,2
inside_lvliang,33,1,2
inside_lvliang,34,1,2
inside_lvliang,35,1,2
inside_lvliang,36,1,2
inside_lvliang,37,1,2
inside_lvliang,38,1,2
inside_lvliang,39,1,2
inside_lvliang,40,1,2
inside_lvliang,41,1,2
inside_lvliang,42,1,2
inside_lvliang,43,1,2
inside_lvliang,44,1,2
inside_lvliang,45,1,2
inside_lvliang,46,1,2
inside_lvliang,47,1,2
inside_lvliang,48,1,2
inside_lvliang,49,1,2
inside_lvliang,50,1,2
inside_lvliang,51,1,2
inside_lvliang,52,1,2
inside_lvliang,53,1,2
inside_lvliang,54,1,2
inside_lvliang,55,1,2
inside_lvliang,56,1,2
inside_lvliang,57,1,2
inside_lvliang,58,1,2
inside_lvliang,59,1,2
inside_lvliang,60,1,2
inside_lvliang,61,1,2
inside_lvliang,62,1,2
inside_lvliang,63,1,2
inside_lvliang,64,1,2
inside_lvliang,65,1,2
inside_lvliang,66,1,2
inside_lvliang,67,1,2
inside_lvliang,68,1,2
inside_lvliang,69,1,2
inside_lvliang,70,1,2
inside_lvliang,71,1,2
inside_lvliang,72,1,2
inside_lvliang,73,1,2
inside_lvliang,74,1,2
inside_lvliang,75,1,2
inside_lvliang,76,1,2
inside_lvliang,77,1,2
inside_lvliang,78,1,2
inside_lvliang,79,1,2
inside_lvliang,80,1,2
inside_lvliang,81,1,2
inside_lvliang,82,1,2
inside_lvliang,83,1,2
inside_lvliang,84,1,2
inside_lvliang,85,1,2
inside_lvliang,86,1,2
inside_lvliang,87,1,2
inside_lvliang,88,1,2
inside_lvliang,89,1,2
inside_lvliang,90,1,2
inside_lvliang,91,1,2
inside_lvliang,92,1,2
inside_lvliang,93,1,2
inside_lvliang,94,1,2
inside_lvliang,95,1,2
inside_lvliang,96,1,2
inside_lvliang,97,1,2
inside_lvliang,98,1,2
inside_lvliang,99,1,2
inside_lvliang,100,1,2
inside_lvliang,101,1,2
inside_lvliang,102,1,2
inside_lvliang,103,1,2
inside_lvliang,104,1,2
inside_lvliang,105,1,2
inside_lvliang,106,1,2
inside_lvliang,107,1,2
inside_lvliang,108,1,2
inside_lvliang,109,1,2
inside_lvliang,110,1,2
inside_lvliang,111,1,2
inside_lvliang,112,1,2
inside_lvliang,113,1,2
inside_lvliang,114,1,2
inside_lvliang,115,1,2
inside_lvliang,116,1,2
inside_lvliang,117,1,2
inside_lvliang,118,1,2
inside_lvliang,119,1,2
inside_lvliang,120,1,2
inside_lvliang,121,1,2
inside_lvliang,122,1,2
inside_lvliang,123,1,2
inside_lvliang,124,1,2
inside_lvliang,125,1,2
inside_lvliang,126,1,2
inside_lvliang,127,1,2
inside_lvliang,128,1,2
inside_lvliang,129,1,2
inside_lvliang,130,1,2
inside_lvliang,131,1,2
inside_lvliang,132,1,2
inside_lvliang,133,1,2
inside_lvliang,134,1,2
inside_lvliang,135,1,2
inside_lvliang,136,1,2
inside_lvliang,137,1,2
inside_lvliang,138,1,2
inside_lvliang,139,1,2
inside_lvliang,140,1,2
inside_lvliang,141,1,2
inside_lvliang,142,1,2
inside_lvliang,143,1,2
inside_lvliang,144,1,2
inside_lvliang,145,1,2
inside_lvliang,146,1,2
inside_lvliang,147,1,2
inside_lvliang,148,1,2
inside_lvliang,149,1,2
inside_lvliang,150,1,2
inside_lvliang,151,1,2
inside_lvliang,152,1,2
inside_lvliang,153,1,2
inside_lvliang,154,1,2
inside_lvliang,155,1,2
inside_lvliang,156,1,2
inside_lvliang,157,1,2
inside_lvliang,158,1,2
inside_lvliang,159,1,2
inside_lvliang,160,1,2
inside_lvliang,161,1,2
inside_lvliang,162,1,2
inside_lvliang,163,1,2
inside_lvliang,164,1,2
inside_lvliang,165,1,2
inside_lvliang,166,1,2
inside_lvliang,167,1,2
inside_lvliang,168,1,2
inside_lvliang,169,1,2
inside_lvliang,170,1,2
inside_lvliang,171,1,2
inside_lvliang,172,1,2
inside_lvliang,173,1,2
inside_lvliang,174,1,2
inside_lvliang,175,1,2
inside_lvliang,176,1,2
inside_lvliang,177,1,2
inside_lvliang,178,1,2
inside_lvliang,179,1,2
inside_lvliang,180,1,2
inside_lvliang,181,1,2
inside_lvliang,182,1,2
inside_lvliang,183,1,2
inside_lvliang,184,1,2
inside_lvliang,185,1,2
inside_lvliang,186,1,2
inside_lvliang,187,1,2
inside_lvliang,188,1,2
inside_lvliang,189,1,2
inside_lvliang,190,1,2
inside_lvliang,191,1,2
inside_lvliang,192,1,2
inside_lvliang,193,1,2
inside_lvliang,194,1,2
inside_lvliang,195,1,2
inside_lvliang,196,1,2
inside_lvliang,197,1,2
inside_lvliang,198,1,2
inside_lvliang,199,1,2
inside_lvliang,200,1,2
inside_lvliang,201,1,2
inside_lvliang,202,1,2
inside_lvliang,203,1,2
inside_lvliang,204,1,2
inside_lvliang,205,1,2
inside_lvliang,206,1,2
inside_lvliang,207,1,2
inside_lvliang,208,1,2
inside_lvliang,209,1,2
inside_lvliang,210,1,2
inside_lvliang,211,1,2
inside_lvliang,212,1,2
inside_lvliang,213,1,2
inside_lvliang,214,1,2
inside_lvliang,215,1,2
inside_lvliang,216,1,2
inside_lvliang,217,1,2
inside_lvliang,218,1,2
inside_lvliang,219,1,2
inside_lvliang,220,1,2
inside_lvliang,221,1,2
inside_lvliang,222,1,2
inside_lvliang,223,1,2
inside_lvliang,224,1,2
inside_lvliang,225,1,2
inside_lvliang,226,1,2
inside_lvliang,227,1,2
inside_lvliang,228,1,2
inside_lvliang,229,1,2
inside_lvliang,230,1,2
inside_lvliang,231,1,2
inside_lvliang,232,1,2
inside_lvliang,233,1,2
inside_lvliang,234,1,2
inside_lvliang,235,1,2
inside_lvliang,236,1,2
inside_lvliang,237,1,2
inside_lvliang,238,1,2
inside_lvliang,239,1,2
inside_lvliang,240,1,2
inside_lvliang,241,1,2
inside_lvliang,242,1,2
inside_lvliang,243,1,2
inside_lvliang,244,1,2
inside_lvliang,245,1,2
inside_lvliang,246,1,2
inside_lvliang,247,1,2
inside_lvliang,248,1,2
inside_lvliang,249,1,2
inside_lvliang,250,1,2
inside_lvliang,251,1,2
inside_lvliang,252,1,2
inside_lvliang,253,1,2
inside_lvliang,254,1,2
inside_lvliang,255,1,2
inside_lvliang,256,1,2
inside_lvliang,257,1,2
inside_lvliang,258,1,2
inside_lvliang,259,1,2
inside_lvliang,260,1,2
inside_lvliang,261,1,2
inside_lvliang,262,1,2
inside_lvliang,263,1,2
inside_lvliang,264,1,2
inside_lvliang,265,1,2
inside_lvliang,266,1,2
inside_lvliang,267,1,2
inside_lvliang,268,1,2
inside_lvliang,269,1,2
inside_lvliang,270,1,2
inside_lvliang,271,1,2
inside_lvliang,272,1,2
inside_lvliang,273,1,2
inside_lvliang,274,1,2
inside_lvliang,275,1,2
inside_lvliang,276,1,2
inside_lvliang,277,1,2
inside_lvliang,278,1,2
inside_lvliang,279,1,2
inside_lvliang,280,1,2
inside_lvliang,281,1,2
inside_lvliang,282,1,2
inside_lvliang,283,1,2
inside_lvliang,284,1,2
inside_lvliang,285,1,2
inside_lvliang,286,1,2
inside_lvliang,287,1,2
inside_lvliang,288,1,2
inside_lvliang,289,1,2
inside_lvliang,290,1,2
inside_lvliang,291,1,2
inside_lvliang,292,1,2
inside_lvliang,293,1,2
inside_lvliang,294,1,2
inside_lvliang,295,1,2
inside_lvliang,296,1,2
inside_lvliang,297,1,2
inside_lvliang,298,1,2
inside_lvliang,299,1,2
inside_lvliang,300,1,2
inside_lvliang,301,1,2
inside_lvliang,302,1,2
inside_lvliang,303,1,2
inside_lvliang,304,1,2
inside_lvliang,305,1,2
inside_lvliang,306,1,2
inside_lvliang,307,1,2
inside_lvliang,308,1,2
inside_lvliang,309,1,2
inside_lvliang,310,1,2
inside_lvliang,311,1,2
inside_lvliang,312,1,2
inside_lvliang,313,1,2
inside_lvliang,314,1,2
inside_lvliang,315,1,2
inside_lvliang,316,1,2
inside_lvliang,317,1,2
inside_lvliang,318,1,2
inside_lvliang,319,1,2
inside_lvliang,320,1,2
inside_lvliang,321,1,2
inside_lvliang,322,1,2
inside_lvliang,323,1,2
inside_lvliang,324,1,2
inside_lvliang,325,1,2
inside_lvliang,326,1,2
inside_lvliang,327,1,2
inside_lvliang,328,1,2
inside_lvliang,329,1,2
inside_lvliang,330,1,2
inside_lvliang,331,1,2
inside_lvliang,332,1,2
inside_lvliang,333,1,2
inside_lvliang,334,1,2
inside_lvliang,335,1,2
inside_lvliang,336,1,2
inside_lvliang,337,1,2
inside_lvliang,338,1,2
inside_lvliang,339,1,2
inside_lvliang,340,1,2
inside_lvliang,341,1,2
inside_lvliang,342,1,2
inside_lvliang,343,1,2
inside_lvliang,344,1,2
inside_lvliang,345,1,2
inside_lvliang,346,1,2
inside_lvliang,347,1,2
inside_lvliang,348,1,2
inside_lvliang,349,1,2
inside_lvliang,350,1,2
inside_lvliang,351,1,2
inside_lvliang,352,1,2
inside_lvliang,353,1,2
inside_lvliang,354,1,2
inside_lvliang,355,1,2
inside_lvliang,356,1,2
inside_lvliang,357,1,2
inside_lvliang,358,1,2
inside_lvliang,359,1,2
inside_lvliang,360,1,2
inside_lvliang,361,1,2
inside_lvliang,362,1,2
inside_lvliang,363,1,2
inside_lvliang,364,1,2
inside_lvliang,365,1,2
inside_lvliang,366,1,2
inside_lvliang,367,1,2
inside_lvliang,368,1,2
inside_lvliang,369,1,2
inside_lvliang,370,1,2
inside_lvliang,371,1,2
inside_lvliang,372,1,2
inside_lvliang,373,1,2
inside_lvliang,374,1,2
inside_lvliang,375,1,2
inside_lvliang,376,1,2
inside_lvliang,377,1,2
inside_lvliang,378,1,2
inside_lvliang,379,1,2
inside_lvliang,380,1,2
inside_lvliang,381,1,2
inside_lvliang,382,1,2
inside_lvliang,383,1,2
inside_lvliang,384,1,2
inside_lvliang,385,1,2
inside_lvliang,386,1,2
inside_lvliang,387,1,2
inside_lvliang,388,1,2
inside_lvliang,389,1,2
inside_lvliang,390,1,2
inside_lvliang,391,1,2
inside_lvliang,392,1,2
inside_lvliang,393,1,2
inside_lvliang,394,1,2
inside_lvliang,395,1,2
inside_lvliang,396,1,2
inside_lvliang,397,1,2
inside_lvliang,398,1,2
inside_lvliang,399,1,2
inside_lvliang,400,1,2
inside_lvliang,401,1,2
inside_lvliang,402,1,2
inside_lvliang,403,1,2
inside_lvliang,404,1,2
inside_lvliang,405,1,2
inside_lvliang,406,1,2
inside_lvliang,407,1,2
inside_lvliang,408,1,2
inside_lvliang,409,1,2
inside_lvliang,410,1,2
inside_lvliang,411,1,2
inside_lvliang,412,1,2
inside_lvliang,413,1,2
inside_lvliang,414,1,2
inside_lvliang,415,1,2
inside_lvliang,416,1,2
inside_lvliang,417,1,2
inside_lvliang,418,1,2
inside_lvliang,419,1,2
inside_lvliang,420,1,2
inside_lvliang,421,1,2
inside_lvliang,422,1,2
inside_lvliang,423,1,2
inside_lvliang,424,1,2
inside_lvliang,425,1,2
inside_lvliang,426,1,2
inside_lvliang,427,1,2
inside_lvliang,428,1,2
inside_lvliang,429,1,2
inside_lvliang,430,1,2
inside_lvliang,431,1,2
inside_lvliang,432,1,2
inside_lvliang,433,1,2
inside_lvliang,434,1,2
inside_lvliang,435,1,2
inside_lvliang,436,1,2
inside_lvliang,437,1,2
inside_lvliang,438,1,2
inside_lvliang,439,1,2
inside_lvliang,440,1,2
inside_lvliang,441,1,2
inside_lvliang,442,1,2
inside_lvliang,443,1,2
inside_lvliang,444,1,2
inside_lvliang,445,1,2
inside_lvliang,446,1,2
inside_lvliang,447,1,2
inside_lvliang,448,1,2
inside_lvliang,449,1,2
inside_lvliang,450,1,2
inside_lvliang,451,1,2
inside_lvliang,452,1,2
inside_lvliang,453,1,2
inside_lvliang,454,1,2
inside_lvliang,455,1,2
inside_lvliang,456,1,2
inside_lvliang,457,1,2
inside_lvliang,458,1,2
inside_lvliang,459,1,2
inside_lvliang,460,1,2
inside_lvliang,461,1,2
inside_lvliang,462,1,2
inside_lvliang,463,1,2
inside_lvliang,464,1,2
inside_lvliang,465,1,2
inside_lvliang,466,1,2
inside_lvliang,467,1,2
inside_lvliang,468,1,2
inside_lvliang,469,1,2
inside_lvliang,470,1,2
inside_lvliang,471,1,2
inside_lvliang,472,1,2
inside_lvliang,473,1,2
inside_lvliang,474,1,2
inside_lvliang,475,1,2
inside_lvliang,476,1,2
inside_lvliang,477,1,2
inside_lvliang,478,1,2
inside_lvliang,479,1,2
inside_lvliang,480,1,2
inside_lvliang,481,1,2
inside_lvliang,482,1,2
inside_lvliang,483,1,2
inside_lvliang,484,1,2
inside_lvliang,485,1,2
inside_lvliang,486,1,2
inside_lvliang,487,1,2
inside_lvliang,488,1,2
inside_lvliang,489,1,2
inside_lvliang,490,1,2
inside_lvliang,491,1,2
inside_lvliang,492,1,2
inside_lvliang,493,1,2
inside_lvliang,494,1,2
inside_lvliang,495,1,2
inside_lvliang,496,1,2
inside_lvliang,497,1,2
inside_lvliang,498,1,2
inside_lvliang,499,1,2
inside_lvliang,500,1,2
inside_lvliang,501,1,2
inside_lvliang,502,1,2
inside_lvliang,503,1,2
inside_lvliang,504,1,2
inside_lvliang,505,1,2
inside_lvliang,506,1,2
inside_lvliang,507,1,2
inside_lvliang,508,1,2
inside_lvliang,509,1,2
inside_lvliang,510,1,2
inside_lvliang,511,1,2
inside_lvliang,512,1,2
inside_lvliang,513,1,2
inside_lvliang,514,1,2
inside_lvliang,515,1,2
inside_lvliang,516,1,2
inside_lvliang,517,1,2
inside_lvliang,518,1,2
inside_lvliang,519,1,2
inside_lvliang,520,1,2
inside_lvliang,521,1,2
inside_lvliang,522,1,2
inside_lvliang,523,1,2
inside_lvliang,524,1,2
inside_lvliang,525,1,2
inside_lvliang,526,1,2
inside_lvliang,527,1,2
inside_lvliang,528,1,2
inside_lvliang,529,1,2
inside_lvliang,530,1,2
inside_lvliang,531,1,2
inside_lvliang,532,1,2
inside_lvliang,533,1,2
inside_lvliang,534,1,2
inside_lvliang,535,1,2
inside_lvliang,536,1,2
inside_lvliang,537,1,2
inside_lvliang,538,1,2
inside_lvliang,539,1,2
inside_lvliang,540,1,2
inside_lvliang,541,1,2
inside_lvliang,542,1,2
inside_lvliang,543,1,2
inside_lvliang,544,1,2
inside_lvliang,545,1,2
inside_lvliang,546,1,2
inside_lvliang,547,1,2
inside_lvliang,548,1,2
inside_lvliang,549,1,2
inside_lvliang,550,1,2
inside_lvliang,551,1,2
inside_lvliang,552,1,2
inside_lvliang,553,1,2
inside_lvliang,554,1,2
inside_lvliang,555,1,2
inside_lvliang,556,1,2
inside_lvliang,557,1,2
inside_lvliang,558,1,2
inside_lvliang,559,1,2
inside_lvliang,560,1,2
inside_lvliang,561,1,2
inside_lvliang,562,1,2
inside_lvliang,563,1,2
inside_lvliang,564,1,2
inside_lvliang,565,1,2
inside_lvliang,566,1,2
inside_lvliang,567,1,2
inside_lvliang,568,1,2
inside_lvliang,569,1,2
inside_lvliang,570,1,2
inside_lvliang,571,1,2
inside_lvliang,572,1,2
inside_lvliang,573,1,2
inside_lvliang,574,1,2
inside_lvliang,575,1,2
inside_lvliang,576,1,2
inside_lvliang,577,1,2
inside_lvliang,578,1,2
inside_lvliang,579,1,2
inside_lvliang,580,1,2
inside_lvliang,581,1,2
inside_lvliang,582,1,2
inside_lvliang,583,1,2
inside_lvliang,584,1,2
inside_lvliang,585,1,2
inside_lvliang,586,1,2
inside_lvliang,587,1,2
inside_lvliang,588,1,2
inside_lvliang,589,1,2
inside_lvliang,590,1,2
inside_lvliang,591,1,2
inside_lvliang,592,1,2
inside_lvliang,593,1,2
inside_lvliang,594,1,2
inside_lvliang,595,1,2
inside_lvliang,596,1,2
inside_lvliang,597,1,2
inside_lvliang,598,1,2
inside_lvliang,599,1,2
inside_lvliang,600,1,2
inside_lvliang,601,1,2
inside_lvliang,602,1,2
inside_lvliang,603,1,2
inside_lvliang,604,1,2
inside_lvliang,605,1,2
inside_lvliang,606,1,2
inside_lvliang,607,1,2
inside_lvliang,608,1,2
inside_lvliang,609,1,2
inside_lvliang,610,1,2
inside_lvliang,611,1,2
inside_lvliang,612,1,2
inside_lvliang,613,1,2
inside_lvliang,614,1,2
inside_lvliang,615,1,2
inside_lvliang,616,1,2
inside_lvliang,617,1,2
inside_lvliang,618,1,2
inside_lvliang,619,1,2
inside_lvliang,620,1,2
inside_lvliang,621,1,2
inside_lvliang,622,1,2
inside_lvliang,623,1,2
inside_lvliang,624,1,2
inside_lvliang,625,1,2
inside_lvliang,626,1,2
inside_lvliang,627,1,2
inside_lvliang,628,1,2
inside_lvliang,629,1,2
inside_lvliang,630,1,2
inside_lvliang,631,1,2
inside_lvliang,632,1,2
inside_lvliang,633,1,2
inside_lvliang,634,1,2
inside_lvliang,635,1,2
inside_lvliang,636,1,2
inside_lvliang,637,1,2
inside_lvliang,638,1,2
inside_lvliang,639,1,2
inside_lvliang,640,1,2
inside_lvliang,641,1,2
inside_lvliang,642,1,2
inside_lvliang,643,1,2
inside_lvliang,644,1,2
inside_lvliang,645,1,2
inside_lvliang,646,1,2
inside_lvliang,647,1,2
inside_lvliang,648,1,2
inside_lvliang,649,1,2
inside_lvliang,650,1,2
inside_lvliang,651,1,2
inside_lvliang,652,1,2
inside_lvliang,653,1,2
inside_lvliang,654,1,2
inside_lvliang,655,1,2
inside_lvliang,656,1,2
inside_lvliang,657,1,2
inside_lvliang,658,1,2
inside_lvliang,659,1,2
inside_lvliang,660,1,2
inside_lvliang,661,1,2
inside_lvliang,662,1,2
inside_lvliang,663,1,2
inside_lvliang,664,1,2
inside_lvliang,665,1,2
inside_lvliang,666,1,2
inside_lvliang,667,1,2
inside_lvliang,668,1,2
inside_lvliang,669,1,2
inside_lvliang,670,1,2
inside_lvliang,671,1,2
inside_lvliang,672,1,2
inside_lvliang,673,1,2
inside_lvliang,674,1,2
inside_lvliang,675,1,2
inside_lvliang,676,1,2
inside_lvliang,677,1,2
inside_lvliang,678,1,2
inside_lvliang,679,1,2
inside_lvliang,680,1,2
inside_lvliang,681,1,2
inside_lvliang,682,1,2
inside_lvliang,683,1,2
inside_lvliang,684,1,2
inside_lvliang,685,1,2
inside_lvliang,686,1,2
inside_lvliang,687,1,2
inside_lvliang,688,1,2
inside_lvliang,689,1,2
inside_lvliang,690,1,2
inside_lvliang,691,1,2
inside_lvliang,692,1,2
inside_lvliang,693,1,2
inside_lvliang,694,1,2
inside_lvliang,695,1,2
inside_lvliang,696,1,2
inside_lvliang,697,1,2
inside_lvliang,698,1,2
inside_lvliang,699,1,2
inside_lvliang,700,1,2
inside_lvliang,701,1,2
inside_lvliang,702,1,2
inside_lvliang,703,1,2
inside_lvliang,704,1,2
inside_lvliang,705,1,2
inside_lvliang,706,1,2
inside_lvliang,707,1,2
inside_lvliang,708,1,2
inside_lvliang,709,1,2
inside_lvliang,710,1,2
inside_lvliang,711,1,2
inside_lvliang,712,1,2
inside_lvliang,713,1,2
inside_lvliang,714,1,2
inside_lvliang,715,1,2
inside_lvliang,716,1,2
inside_lvliang,717,1,2
inside_lvliang,718,1,2
inside_lvliang,719,1,2
inside_lvliang,720,1,2
inside_lvliang,721,1,2
inside_lvliang,722,1,2
inside_lvliang,723,1,2
inside_lvliang,724,1,2
inside_lvliang,725,1,2
inside_lvliang,726,1,2
inside_lvliang,727,1,2
inside_lvliang,728,1,2
inside_lvliang,729,1,2
inside_lvliang,730,1,2
inside_lvliang,731,1,2
inside_lvliang,732,1,2
inside_lvliang,733,1,2
inside_lvliang,734,1,2
inside_lvliang,735,1,2
inside_lvliang,736,1,2
inside_lvliang,737,1,2
inside_lvliang,738,1,2
inside_lvliang,739,1,2
inside_lvliang,740,1,2
inside_lvliang,741,1,2
inside_lvliang,742,1,2
inside_lvliang,743,1,2
inside_lvliang,744,1,2
inside_lvliang,745,1,2
inside_lvliang,746,1,2
inside_lvliang,747,1,2
inside_lvliang,748,1,2
inside_lvliang,749,1,2
inside_lvliang,750,1,2
inside_lvliang,751,1,2
inside_lvliang,752,1,2
inside_lvliang,753,1,2
inside_lvliang,754,1,2
inside_lvliang,755,1,2
inside_lvliang,756,1,2
inside_lvliang,757,1,2
inside_lvliang,758,1,2
inside_lvliang,759,1,2
inside_lvliang,760,1,2
inside_lvliang,761,1,2
inside_lvliang,762,1,2
inside_lvliang,763,1,2
inside_lvliang,764,1,2
inside_lvliang,765,1,2
inside_lvliang,766,1,2
inside_lvliang,767,1,2
inside_lvliang,768,1,2
inside_lvliang,769,1,2
inside_lvliang,770,1,2
inside_lvliang,771,1,2
inside_lvliang,772,1,2
inside_lvliang,773,1,2
inside_lvliang,774,1,2
inside_lvliang,775,1,2
inside_lvliang,776,1,2
inside_lvliang,777,1,2
inside_lvliang,778,1,2
inside_lvliang,779,1,2
inside_lvliang,780,1,2
inside_lvliang,781,1,2
inside_lvliang,782,1,2
inside_lvliang,783,1,2
inside_lvliang,784,1,2
inside_lvliang,785,1,2
inside_lvliang,786,1,2
inside_lvliang,787,1,2
inside_lvliang,788,1,2
inside_lvliang,789,1,2
inside_lvliang,790,1,2
inside_lvliang,791,1,2
inside_lvliang,792,1,2
inside_lvliang,793,1,2
inside_lvliang,794,1,2
inside_lvliang,795,1,2
inside_lvliang,796,1,2
inside_lvliang,797,1,2
inside_lvliang,798,1,2
inside_lvliang,799,1,2
inside_lvliang,800,1,2
inside_lvliang,801,1,2
inside_lvliang,802,1,2
inside_lvliang,803,1,2
inside_lvliang,804,1,2
inside_lvliang,805,1,2
inside_lvliang,806,1,2
inside_lvliang,807,1,2
inside_lvliang,808,1,2
inside_lvliang,809,1,2
inside_lvliang,810,1,2
inside_lvliang,811,1,2
inside_lvliang,812,1,2
inside_lvliang,813,1,2
inside_lvliang,814,1,2
inside_lvliang,815,1,2
inside_lvliang,816,1,2
inside_lvliang,817,1,2
inside_lvliang,818,1,2
inside_lvliang,819,1,2
inside_lvliang,820,1,2
inside_lvliang,821,1,2
inside_lvliang,822,1,2
inside_lvliang,823,1,2
inside_lvliang,824,1,2
inside_lvliang,825,1,2
inside_lvliang,826,1,2
inside_lvliang,827,1,2
inside_lvliang,828,1,2
inside_lvliang,829,1,2
inside_lvliang,830,1,2
inside_lvliang,831,1,2
inside_lvliang,832,1,2
inside_lvliang,833,1,2
inside_lvliang,834,1,2
inside_lvliang,835,1,2
inside_lvliang,836,1,2
inside_lvliang,837,1,2
inside_lvliang,838,1,2
inside_lvliang,839,1,2
inside_lvliang,840,1,2
inside_lvliang,841,1,2
inside_lvliang,842,1,2
inside_lvliang,843,1,2
inside_lvliang,844,1,2
inside_lvliang,845,1,2
inside_lvliang,846,1,2
inside_lvliang,847,1,2
inside_lvliang,848,1,2
inside_lvliang,849,1,2
inside_lvliang,850,1,2
inside_lvliang,851,1,2
inside_lvliang,852,1,2
inside_lvliang,853,1,2
inside_lvliang,854,1,2
inside_lvliang,855,1,2
inside_lvliang,856,1,2
inside_lvliang,857,1,2
inside_lvliang,858,1,2
inside_lvliang,859,1,2
inside_lvliang,860,1,2
inside_lvliang,861,1,2
inside_lvliang,862,1,2
inside_lvliang,863,1,2
inside_lvliang,864,1,2
inside_lvliang,865,1,2
inside_lvliang,866,1,2
inside_lvliang,867,1,2
inside_lvliang,868,1,2
inside_lvliang,869,1,2
inside_lvliang,870,1,2
inside_lvliang,871,1,2
inside_lvliang,872,1,2
inside_lvliang,873,1,2
inside_lvliang,874,1,2
inside_lvliang,875,1,2
inside_lvliang,876,1,2
inside_lvliang,877,1,2
inside_lvliang,878,1,2
inside_lvliang,879,1,2
inside_lvliang,880,1,2
inside_lvliang,881,1,2
inside_lvliang,882,1,2
inside_lvliang,883,1,2
inside_lvliang,884,1,2
inside_lvliang,885,1,2
inside_lvliang,886,1,2
inside_lvliang,887,1,2
inside_lvliang,888,1,2
inside_lvliang,889,1,2
inside_lvliang,890,1,2
inside_lvliang,891,1,2
inside_lvliang,892,1,2
inside_lvliang,893,1,2
inside_lvliang,894,1,2
inside_lvliang,895,1,2
inside_lvliang,896,1,2
inside_lvliang,897,1,2
inside_lvliang,898,1,2
inside_lvliang,899,1,2
inside_lvliang,900,1,2
inside_lvliang,901,1,2
inside_lvliang,902,1,2
inside_lvliang,903,1,2
inside_lvliang,904,1,2
inside_lvliang,905,1,2
inside_lvliang,906,1,2
inside_lvliang,907,1,2
inside_lvliang,908,1,2
inside_lvliang,909,1,2
inside_lvliang,910,1,2
inside_lvliang,911,1,2
inside_lvliang,912,1,2
inside_lvliang,913,1,2
inside_lvliang,914,1,2
inside_lvliang,915,1,2
inside_lvliang,916,1,2
inside_lvliang,917,1,2
inside_lvliang,918,1,2
inside_lvliang,919,1,2
inside_lvliang,920,1,2
inside_lvliang,921,1,2
inside_lvliang,922,1,2
inside_lvliang,923,1,2
inside_lvliang,924,1,2
inside_lvliang,925,1,2
inside_lvliang,926,1,2
inside_lvliang,927,1,2
inside_lvliang,928,1,2
inside_lvliang,929,1,2
inside_lvliang,930,1,2
inside_lvliang,931,1,2
inside_lvliang,932,1,2
inside_lvliang,933,1,2
inside_lvliang,934,1,2
inside_lvliang,935,1,2
inside_lvliang,936,1,2
inside_lvliang,937,1,2
inside_lvliang,938,1,2
inside_lvliang,939,1,2
inside_lvliang,940,1,2
inside_lvliang,941,1,2
inside_lvliang,942,1,2
inside_lvliang,943,1,2
inside_lvliang,944,1,2
inside_lvliang,945,1,2
inside_lvliang,946,1,2
inside_lvliang,947,1,2
inside_lvliang,948,1,2
inside_lvliang,949,1,2
inside_lvliang,950,1,2
inside_lvliang,951,1,2
inside_lvliang,952,1,2
inside_lvliang,953,1,2
inside_lvliang,954,1,2
inside_lvliang,955,1,2
inside_lvliang,956,1,2
inside_lvliang,957,1,2
inside_lvliang,958,1,2
inside_lvliang,959,1,2
inside_lvliang,960,1,2
inside_lvliang,961,1,2
inside_lvliang,962,1,2
inside_lvliang,963,1,2
inside_lvliang,964,1,2
inside_lvliang,965,1,2
inside_lvliang,966,1,2
inside_lvliang,967,1,2
inside_lvliang,968,1,2
inside_lvliang,969,1,2
inside_lvliang,970,1,2
inside_lvliang,971,1,2
inside_lvliang,972,1,2
inside_lvliang,973,1,2
inside_lvliang,974,1,2
inside_lvliang,975,1,2
inside_lvliang,976,1,2
inside_lvliang,977,1,2
inside_lvliang,978,1,2
inside_lvliang,979,1,2
inside_lvliang,980,1,2
inside_lvliang,981,1,2
inside_lvliang,982,1,2
inside_lvliang,983,1,2
inside_lvliang,984,1,2
inside_lvliang,985,1,2
inside_lvliang,986,1,2
inside_lvliang,987,1,2
inside_lvliang,988,1,2
inside_lvliang,989,1,2
inside_lvliang,990,1,2
inside_lvliang,991,1,2
inside_lvliang,992,1,2
inside_lvliang,993,1,2
inside_lvliang,994,1,2
inside_lvliang,995,1,2
inside_lvliang,996,1,2
inside_lvliang,997,1,2
inside_lvliang,998,1,2
inside_lvliang,999,1,2
inside_lvliang,1000,1,2
inside_lvliang,1001,1,2
inside_lvliang,1002,1,2
inside_lvliang,1003,1,2
inside_lvliang,1004,1,2
inside_lvliang,1005,1,2
inside_lvliang,1006,1,2
inside_lvliang,1007,1,2
inside_lvliang,1008,1,2
inside_lvliang,1009,1,2
inside_lvliang,1010,1,2
inside_lvliang,1011,1,2
inside_lvliang,1012,1,2
inside_lvliang,1013,1,2
inside_lvliang,1014,1,2
inside_lvliang,1015,1,2
inside_lvliang,1016,1,2
inside_lvliang,1017,1,2
inside_lvliang,1018,1,2
inside_lvliang,1019,1,2
inside_lvliang,1020,1,2
inside_lvliang,1021,1,2
inside_lvliang,1022,1,2
inside_lvliang,1023,1,2
inside_lvliang,1024,1,2
inside_lvliang,1025,1,2
inside_lvliang,1026,1,2
inside_lvliang,1027,1,2
inside_lvliang,1028,1,2
inside_lvliang,1029,1,2
inside_lvliang,1030,1,2
inside_lvliang,1031,1,2
inside_lvliang,1032,1,2
inside_lvliang,1033,1,2
inside_lvliang,1034,1,2
inside_lvliang,1035,1,2
inside_lvliang,1036,1,2
inside_lvliang,1037,1,2
inside_lvliang,1038,1,2
inside_lvliang,1039,1,2
inside_lvliang,1040,1,2
inside_lvliang,1041,1,2
inside_lvliang,1042,1,2
inside_lvliang,1043,1,2
inside_lvliang,1044,1,2
inside_lvliang,1045,1,2
inside_lvliang,1046,1,2
inside_lvliang,1047,1,2
inside_lvliang,1048,1,2
inside_lvliang,1049,1,2
inside_lvliang,1050,1,2
inside_lvliang,1051,1,2
inside_lvliang,1052,1,2
inside_lvliang,1053,1,2
inside_lvliang,1054,1,2
inside_lvliang,1055,1,2
inside_lvliang,1056,1,2
inside_lvliang,1057,1,2
inside_lvliang,1058,1,2
inside_lvliang,1059,1,2
inside_lvliang,1060,1,2
inside_lvliang,1061,1,2
inside_lvliang,1062,1,2
inside_lvliang,1063,1,2
inside_lvliang,1064,1,2
inside_lvliang,1065,1,2
inside_lvliang,1066,1,2
inside_lvliang,1067,1,2
inside_lvliang,1068,1,2
inside_lvliang,1069,1,2
inside_lvliang,1070,1,2
inside_lvliang,1071,1,2
inside_lvliang,1072,1,2
inside_lvliang,1073,1,2
inside_lvliang,1074,1,2
inside_lvliang,1075,1,2
inside_lvliang,1076,1,2
inside_lvliang,1077,1,2
inside_lvliang,1078,1,2
inside_lvliang,1079,1,2
inside_lvliang,1080,1,2
inside_lvliang,1081,1,2
inside_lvliang,1082,1,2
inside_lvliang,1083,1,2
inside_lvliang,1084,1,2
inside_lvliang,1085,1,2
inside_lvliang,1086,1,2
inside_lvliang,1087,1,2
inside_lvliang,1088,1,2
inside_lvliang,1089,1,2
inside_lvliang,1090,1,2
inside_lvliang,1091,1,2
inside_lvliang,1092,1,2
inside_lvliang,1093,1,2
inside_lvliang,1094,1,2
inside_lvliang,1095,1,2
inside_lvliang,1096,1,2
inside_lvliang,1097,1,2
inside_lvliang,1098,1,2
inside_lvliang,1099,1,2
inside_lvliang,1100,1,2
inside_lvliang,1101,1,2
inside_lvliang,1102,1,2
inside_lvliang,1103,1,2
inside_lvliang,1104,1,2
inside_lvliang,1105,1,2
inside_lvliang,1106,1,2
inside_lvliang,1107,1,2
inside_lvliang,1108,1,2
inside_lvliang,1109,1,2
inside_lvliang,1110,1,2
inside_lvliang,1111,1,2
inside_lvliang,1112,1,2
inside_lvliang,1113,1,2
inside_lvliang,1114,1,2
inside_lvliang,1115,1,2
inside_lvliang,1116,1,2
inside_lvliang,1117,1,2
inside_lvliang,1118,1,2
inside_lvliang,1119,1,2
inside_lvliang,1120,1,2
inside_lvliang,1121,1,2
inside_lvliang,1122,1,2
inside_lvliang,1123,1,2
inside_lvliang,1124,1,2
inside_lvliang,1125,1,2
inside_lvliang,1126,1,2
inside_lvliang,1127,1,2
inside_lvliang,1128,1,2
inside_lvliang,1129,1,2
inside_lvliang,1130,1,2
inside_lvliang,1131,1,2
inside_lvliang,1132,1,2
inside_lvliang,1133,1,2
inside_lvliang,1134,1,2
inside_lvliang,1135,1,2
inside_lvliang,1136,1,2
inside_lvliang,1137,1,2
inside_lvliang,1138,1,2
inside_lvliang,1139,1,2
inside_lvliang,1140,1,2
inside_lvliang,1141,1,2
inside_lvliang,1142,1,2
inside_lvliang,1143,1,2
inside_lvliang,1144,1,2
inside_lvliang,1145,1,2
inside_lvliang,1146,1,2
inside_lvliang,1147,1,2
inside_lvliang,1148,1,2
inside_lvliang,1149,1,2
inside_lvliang,1150,1,2
inside_lvliang,1151,1,2
inside_lvliang,1152,1,2
outside_lvliang,1,1,2
outside_lvliang,2,1,2
outside_lvliang,3,1,2
outside_lvliang,4,1,2
outside_lvliang,5,1,2
outside_lvliang,6,1,2
outside_lvliang,7,1,2
outside_lvliang,8,1,2
outside_lvliang,9,1,2
outside_lvliang,10,1,2
outside_lvliang,11,1,2
outside_lvliang,12,1,2
outside_lvliang,13,1,2
outside_lvliang,14,1,2
outside_lvliang,15,1,2
outside_lvliang,16,1,2
outside_lvliang,17,1,2
outside_lvliang,18,1,2
outside_lvliang,19,1,2
outside_lvliang,20,1,2
outside_lvliang,21,1,2
outside_lvliang,22,1,2
outside_lvliang,23,1,2
outside_lvliang,24,1,2
outside_lvliang,25,1,2
outside_lvliang,26,1,2
outside_lvliang,27,1,2
outside_lvliang,28,1,2
outside_lvliang,29,1,2
outside_lvliang,30,1,2
outside_lvliang,31,1,2
outside_lvliang,32,1,2
outside_lvliang,33,1,2
outside_lvliang,34,1,2
outside_lvliang,35,1,2
outside_lvliang,36,1,2
outside_lvliang,37,1,2
outside_lvliang,38,1,2
outside_lvliang,39,1,2
outside_lvliang,40,1,2
outside_lvliang,41,1,2
outside_lvliang,42,1,2
outside_lvliang,43,1,2
outside_lvliang,44,1,2
outside_lvliang,45,1,2
outside_lvliang,46,1,2
outside_lvliang,47,1,2
outside_lvliang,48,1,2
outside_lvliang,49,1,2
outside_lvliang,50,1,2
outside_lvliang,51,1,2
outside_lvliang,52,1,2
outside_lvliang,53,1,2
outside_lvliang,54,1,2
outside_lvliang,55,1,2
outside_lvliang,56,1,2
outside_lvliang,57,1,2
outside_lvliang,58,1,2
outside_lvliang,59,1,2
outside_lvliang,60,1,2
outside_lvliang,61,1,2
outside_lvliang,62,1,2
outside_lvliang,63,1,2
outside_lvliang,64,1,2
outside_lvliang,65,1,2
outside_lvliang,66,1,2
outside_lvliang,67,1,2
outside_lvliang,68,1,2
outside_lvliang,69,1,2
outside_lvliang,70,1,2
outside_lvliang,71,1,2
outside_lvliang,72,1,2
outside_lvliang,73,1,2
outside_lvliang,74,1,2
outside_lvliang,75,1,2
outside_lvliang,76,1,2
outside_lvliang,77,1,2
outside_lvliang,78,1,2
outside_lvliang,79,1,2
outside_lvliang,80,1,2
outside_lvliang,81,1,2
outside_lvliang,82,1,2
outside_lvliang,83,1,2
outside_lvliang,84,1,2
outside_lvliang,85,1,2
outside_lvliang,86,1,2
outside_lvliang,87,1,2
outside_lvliang,88,1,2
outside_lvliang,89,1,2
outside_lvliang,90,1,2
outside_lvliang,91,1,2
outside_lvliang,92,1,2
outside_lvliang,93,1,2
outside_lvliang,94,1,2
outside_lvliang,95,1,2
outside_lvliang,96,1,2
outside_lvliang,97,1,2
outside_lvliang,98,1,2
outside_lvliang,99,1,2
outside_lvliang,100,1,2
outside_lvliang,101,1,2
outside_lvliang,102,1,2
outside_lvliang,103,1,2
outside_lvliang,104,1,2
outside_lvliang,105,1,2
outside_lvliang,106,1,2
outside_lvliang,107,1,2
outside_lvliang,108,1,2
outside_lvliang,109,1,2
outside_lvliang,110,1,2
outside_lvliang,111,1,2
outside_lvliang,112,1,2
outside_lvliang,113,1,2
outside_lvliang,114,1,2
outside_lvliang,115,1,2
outside_lvliang,116,1,2
outside_lvliang,117,1,2
outside_lvliang,118,1,2
outside_lvliang,119,1,2
outside_lvliang,120,1,2
outside_lvliang,121,1,2
outside_lvliang,122,1,2
outside_lvliang,123,1,2
outside_lvliang,124,1,2
outside_lvliang,125,1,2
outside_lvliang,126,1,2
outside_lvliang,127,1,2
outside_lvliang,128,1,2
outside_lvliang,129,1,2
outside_lvliang,130,1,2
outside_lvliang,131,1,2
outside_lvliang,132,1,2
outside_lvliang,133,1,2
outside_lvliang,134,1,2
outside_lvliang,135,1,2
outside_lvliang,136,1,2
outside_lvliang,137,1,2
outside_lvliang,138,1,2
outside_lvliang,139,1,2
outside_lvliang,140,1,2
outside_lvliang,141,1,2
outside_lvliang,142,1,2
outside_lvliang,143,1,2
outside_lvliang,144,1,2
outside_lvliang,145,1,2
outside_lvliang,146,1,2
outside_lvliang,147,1,2
outside_lvliang,148,1,2
outside_lvliang,149,1,2
outside_lvliang,150,1,2
outside_lvliang,151,1,2
outside_lvliang,152,1,2
outside_lvliang,153,1,2
outside_lvliang,154,1,2
outside_lvliang,155,1,2
outside_lvliang,156,1,2
outside_lvliang,157,1,2
outside_lvliang,158,1,2
outside_lvliang,159,1,2
outside_lvliang,160,1,2
outside_lvliang,161,1,2
outside_lvliang,162,1,2
outside_lvliang,163,1,2
outside_lvliang,164,1,2
outside_lvliang,165,1,2
outside_lvliang,166,1,2
outside_lvliang,167,1,2
outside_lvliang,168,1,2
outside_lvliang,169,1,2
outside_lvliang,170,1,2
outside_lvliang,171,1,2
outside_lvliang,172,1,2
outside_lvliang,173,1,2
outside_lvliang,174,1,2
outside_lvliang,175,1,2
outside_lvliang,176,1,2
outside_lvliang,177,1,2
outside_lvliang,178,1,2
outside_lvliang,179,1,2
outside_lvliang,180,1,2
outside_lvliang,181,1,2
outside_lvliang,182,1,2
outside_lvliang,183,1,2
outside_lvliang,184,1,2
outside_lvliang,185,1,2
outside_lvliang,186,1,2
outside_lvliang,187,1,2
outside_lvliang,188,1,2
outside_lvliang,189,1,2
outside_lvliang,190,1,2
outside_lvliang,191,1,2
outside_lvliang,192,1,2
outside_lvliang,193,1,2
outside_lvliang,194,1,2
outside_lvliang,195,1,2
outside_lvliang,196,1,2
outside_lvliang,197,1,2
outside_lvliang,198,1,2
outside_lvliang,199,1,2
outside_lvliang,200,1,2
outside_lvliang,201,1,2
outside_lvliang,202,1,2
outside_lvliang,203,1,2
outside_lvliang,204,1,2
outside_lvliang,205,1,2
outside_lvliang,206,1,2
outside_lvliang,207,1,2
outside_lvliang,208,1,2
outside_lvliang,209,1,2
outside_lvliang,210,1,2
outside_lvliang,211,1,2
outside_lvliang,212,1,2
outside_lvliang,213,1,2
outside_lvliang,214,1,2
outside_lvliang,215,1,2
outside_lvliang,216,1,2
outside_lvliang,217,1,2
outside_lvliang,218,1,2
outside_lvliang,219,1,2
outside_lvliang,220,1,2
outside_lvliang,221,1,2
outside_lvliang,222,1,2
outside_lvliang,223,1,2
outside_lvliang,224,1,2
outside_lvliang,225,1,2
outside_lvliang,226,1,2
outside_lvliang,227,1,2
outside_lvliang,228,1,2
outside_lvliang,229,1,2
outside_lvliang,230,1,2
outside_lvliang,231,1,2
outside_lvliang,232,1,2
outside_lvliang,233,1,2
outside_lvliang,234,1,2
outside_lvliang,235,1,2
outside_lvliang,236,1,2
outside_lvliang,237,1,2
outside_lvliang,238,1,2
outside_lvliang,239,1,2
outside_lvliang,240,1,2
outside_lvliang,241,1,2
outside_lvliang,242,1,2
outside_lvliang,243,1,2
outside_lvliang,244,1,2
outside_lvliang,245,1,2
outside_lvliang,246,1,2
outside_lvliang,247,1,2
outside_lvliang,248,1,2
outside_lvliang,249,1,2
outside_lvliang,250,1,2
outside_lvliang,251,1,2
outside_lvliang,252,1,2
outside_lvliang,253,1,2
outside_lvliang,254,1,2
outside_lvliang,255,1,2
outside_lvliang,256,1,2
outside_lvliang,257,1,2
outside_lvliang,258,1,2
outside_lvliang,259,1,2
outside_lvliang,260,1,2
outside_lvliang,261,1,2
outside_lvliang,262,1,2
outside_lvliang,263,1,2
outside_lvliang,264,1,2
outside_lvliang,265,1,2
outside_lvliang,266,1,2
outside_lvliang,267,1,2
outside_lvliang,268,1,2
outside_lvliang,269,1,2
outside_lvliang,270,1,2
outside_lvliang,271,1,2
outside_lvliang,272,1,2
outside_lvliang,273,1,2
outside_lvliang,274,1,2
outside_lvliang,275,1,2
outside_lvliang,276,1,2
outside_lvliang,277,1,2
outside_lvliang,278,1,2
outside_lvliang,279,1,2
outside_lvliang,280,1,2
outside_lvliang,281,1,2
outside_lvliang,282,1,2
outside_lvliang,283,1,2
outside_lvliang,284,1,2
outside_lvliang,285,1,2
outside_lvliang,286,1,2
outside_lvliang,287,1,2
outside_lvliang,288,1,2
outside_lvliang,289,1,2
outside_lvliang,290,1,2
outside_lvliang,291,1,2
outside_lvliang,292,1,2
outside_lvliang,293,1,2
outside_lvliang,294,1,2
outside_lvliang,295,1,2
outside_lvliang,296,1,2
outside_lvliang,297,1,2
outside_lvliang,298,1,2
outside_lvliang,299,1,2
outside_lvliang,300,1,2
outside_lvliang,301,1,2
outside_lvliang,302,1,2
outside_lvliang,303,1,2
outside_lvliang,304,1,2
outside_lvliang,305,1,2
outside_lvliang,306,1,2
outside_lvliang,307,1,2
outside_lvliang,308,1,2
outside_lvliang,309,1,2
outside_lvliang,310,1,2
outside_lvliang,311,1,2
outside_lvliang,312,1,2
outside_lvliang,313,1,2
outside_lvliang,314,1,2
outside_lvliang,315,1,2
outside_lvliang,316,1,2
outside_lvliang,317,1,2
outside_lvliang,318,1,2
outside_lvliang,319,1,2
outside_lvliang,320,1,2
outside_lvliang,321,1,2
outside_lvliang,322,1,2
outside_lvliang,323,1,2
outside_lvliang,324,1,2
outside_lvliang,325,1,2
outside_lvliang,326,1,2
outside_lvliang,327,1,2
outside_lvliang,328,1,2
outside_lvliang,329,1,2
outside_lvliang,330,1,2
outside_lvliang,331,1,2
outside_lvliang,332,1,2
outside_lvliang,333,1,2
outside_lvliang,334,1,2
outside_lvliang,335,1,2
outside_lvliang,336,1,2
outside_lvliang,337,1,2
outside_lvliang,338,1,2
outside_lvliang,339,1,2
outside_lvliang,340,1,2
outside_lvliang,341,1,2
outside_lvliang,342,1,2
outside_lvliang,343,1,2
outside_lvliang,344,1,2
outside_lvliang,345,1,2
outside_lvliang,346,1,2
outside_lvliang,347,1,2
outside_lvliang,348,1,2
outside_lvliang,349,1,2
outside_lvliang,350,1,2
outside_lvliang,351,1,2
outside_lvliang,352,1,2
outside_lvliang,353,1,2
outside_lvliang,354,1,2
outside_lvliang,355,1,2
outside_lvliang,356,1,2
outside_lvliang,357,1,2
outside_lvliang,358,1,2
outside_lvliang,359,1,2
outside_lvliang,360,1,2
outside_lvliang,361,1,2
outside_lvliang,362,1,2
outside_lvliang,363,1,2
outside_lvliang,364,1,2
outside_lvliang,365,1,2
outside_lvliang,366,1,2
outside_lvliang,367,1,2
outside_lvliang,368,1,2
outside_lvliang,369,1,2
outside_lvliang,370,1,2
outside_lvliang,371,1,2
outside_lvliang,372,1,2
outside_lvliang,373,1,2
outside_lvliang,374,1,2
outside_lvliang,375,1,2
outside_lvliang,376,1,2
outside_lvliang,377,1,2
outside_lvliang,378,1,2
outside_lvliang,379,1,2
outside_lvliang,380,1,2
outside_lvliang,381,1,2
outside_lvliang,382,1,2
outside_lvliang,383,1,2
outside_lvliang,384,1,2
outside_lvliang,385,1,2
outside_lvliang,386,1,2
outside_lvliang,387,1,2
outside_lvliang,388,1,2
outside_lvliang,389,1,2
outside_lvliang,390,1,2
outside_lvliang,391,1,2
outside_lvliang,392,1,2
outside_lvliang,393,1,2
outside_lvliang,394,1,2
outside_lvliang,395,1,2
outside_lvliang,396,1,2
outside_lvliang,397,1,2
outside_lvliang,398,1,2
outside_lvliang,399,1,2
outside_lvliang,400,1,2
outside_lvliang,401,1,2
outside_lvliang,402,1,2
outside_lvliang,403,1,2
outside_lvliang,404,1,2
outside_lvliang,405,1,2
outside_lvliang,406,1,2
outside_lvliang,407,1,2
outside_lvliang,408,1,2
outside_lvliang,409,1,2
outside_lvliang,410,1,2
outside_lvliang,411,1,2
outside_lvliang,412,1,2
outside_lvliang,413,1,2
outside_lvliang,414,1,2
outside_lvliang,415,1,2
outside_lvliang,416,1,2
outside_lvliang,417,1,2
outside_lvliang,418,1,2
outside_lvliang,419,1,2
outside_lvliang,420,1,2
outside_lvliang,421,1,2
outside_lvliang,422,1,2
outside_lvliang,423,1,2
outside_lvliang,424,1,2
outside_lvliang,425,1,2
outside_lvliang,426,1,2
outside_lvliang,427,1,2
outside_lvliang,428,1,2
outside_lvliang,429,1,2
outside_lvliang,430,1,2
outside_lvliang,431,1,2
outside_lvliang,432,1,2
outside_lvliang,433,1,2
outside_lvliang,434,1,2
outside_lvliang,435,1,2
outside_lvliang,436,1,2
outside_lvliang,437,1,2
outside_lvliang,438,1,2
outside_lvliang,439,1,2
outside_lvliang,440,1,2
outside_lvliang,441,1,2
outside_lvliang,442,1,2
outside_lvliang,443,1,2
outside_lvliang,444,1,2
outside_lvliang,445,1,2
outside_lvliang,446,1,2
outside_lvliang,447,1,2
outside_lvliang,448,1,2
outside_lvliang,449,1,2
outside_lvliang,450,1,2
outside_lvliang,451,1,2
outside_lvliang,452,1,2
outside_lvliang,453,1,2
outside_lvliang,454,1,2
outside_lvliang,455,1,2
outside_lvliang,456,1,2
outside_lvliang,457,1,2
outside_lvliang,458,1,2
outside_lvliang,459,1,2
outside_lvliang,460,1,2
outside_lvliang,461,1,2
outside_lvliang,462,1,2
outside_lvliang,463,1,2
outside_lvliang,464,1,2
outside_lvliang,465,1,2
outside_lvliang,466,1,2
outside_lvliang,467,1,2
outside_lvliang,468,1,2
outside_lvliang,469,1,2
outside_lvliang,470,1,2
outside_lvliang,471,1,2
outside_lvliang,472,1,2
outside_lvliang,473,1,2
outside_lvliang,474,1,2
outside_lvliang,475,1,2
outside_lvliang,476,1,2
outside_lvliang,477,1,2
outside_lvliang,478,1,2
outside_lvliang,479,1,2
outside_lvliang,480,1,2
outside_lvliang,481,1,2
outside_lvliang,482,1,2
outside_lvliang,483,1,2
outside_lvliang,484,1,2
outside_lvliang,485,1,2
outside_lvliang,486,1,2
outside_lvliang,487,1,2
outside_lvliang,488,1,2
outside_lvliang,489,1,2
outside_lvliang,490,1,2
outside_lvliang,491,1,2
outside_lvliang,492,1,2
outside_lvliang,493,1,2
outside_lvliang,494,1,2
outside_lvliang,495,1,2
outside_lvliang,496,1,2
outside_lvliang,497,1,2
outside_lvliang,498,1,2
outside_lvliang,499,1,2
outside_lvliang,500,1,2
outside_lvliang,501,1,2
outside_lvliang,502,1,2
outside_lvliang,503,1,2
outside_lvliang,504,1,2
outside_lvliang,505,1,2
outside_lvliang,506,1,2
outside_lvliang,507,1,2
outside_lvliang,508,1,2
outside_lvliang,509,1,2
outside_lvliang,510,1,2
outside_lvliang,511,1,2
outside_lvliang,512,1,2
outside_lvliang,513,1,2
outside_lvliang,514,1,2
outside_lvliang,515,1,2
outside_lvliang,516,1,2
outside_lvliang,517,1,2
outside_lvliang,518,1,2
outside_lvliang,519,1,2
outside_lvliang,520,1,2
outside_lvliang,521,1,2
outside_lvliang,522,1,2
outside_lvliang,523,1,2
outside_lvliang,524,1,2
outside_lvliang,525,1,2
outside_lvliang,526,1,2
outside_lvliang,527,1,2
outside_lvliang,528,1,2
outside_lvliang,529,1,2
outside_lvliang,530,1,2
outside_lvliang,531,1,2
outside_lvliang,532,1,2
outside_lvliang,533,1,2
outside_lvliang,534,1,2
outside_lvliang,535,1,2
outside_lvliang,536,1,2
outside_lvliang,537,1,2
outside_lvliang,538,1,2
outside_lvliang,539,1,2
outside_lvliang,540,1,2
outside_lvliang,541,1,2
outside_lvliang,542,1,2
outside_lvliang,543,1,2
outside_lvliang,544,1,2
outside_lvliang,545,1,2
outside_lvliang,546,1,2
outside_lvliang,547,1,2
outside_lvliang,548,1,2
outside_lvliang,549,1,2
outside_lvliang,550,1,2
outside_lvliang,551,1,2
outside_lvliang,552,1,2
outside_lvliang,553,1,2
outside_lvliang,554,1,2
outside_lvliang,555,1,2
outside_lvliang,556,1,2
outside_lvliang,557,1,2
outside_lvliang,558,1,2
outside_lvliang,559,1,2
outside_lvliang,560,1,2
outside_lvliang,561,1,2
outside_lvliang,562,1,2
outside_lvliang,563,1,2
outside_lvliang,564,1,2
outside_lvliang,565,1,2
outside_lvliang,566,1,2
outside_lvliang,567,1,2
outside_lvliang,568,1,2
outside_lvliang,569,1,2
outside_lvliang,570,1,2
outside_lvliang,571,1,2
outside_lvliang,572,1,2
outside_lvliang,573,1,2
outside_lvliang,574,1,2
outside_lvliang,575,1,2
outside_lvliang,576,1,2
outside_lvliang,577,1,2
outside_lvliang,578,1,2
outside_lvliang,579,1,2
outside_lvliang,580,1,2
outside_lvliang,581,1,2
outside_lvliang,582,1,2
outside_lvliang,583,1,2
outside_lvliang,584,1,2
outside_lvliang,585,1,2
outside_lvliang,586,1,2
outside_lvliang,587,1,2
outside_lvliang,588,1,2
outside_lvliang,589,1,2
outside_lvliang,590,1,2
outside_lvliang,591,1,2
outside_lvliang,592,1,2
outside_lvliang,593,1,2
outside_lvliang,594,1,2
outside_lvliang,595,1,2
outside_lvliang,596,1,2
outside_lvliang,597,1,2
outside_lvliang,598,1,2
outside_lvliang,599,1,2
outside_lvliang,600,1,2
outside_lvliang,601,1,2
outside_lvliang,602,1,2
outside_lvliang,603,1,2
outside_lvliang,604,1,2
outside_lvliang,605,1,2
outside_lvliang,606,1,2
outside_lvliang,607,1,2
outside_lvliang,608,1,2
outside_lvliang,609,1,2
outside_lvliang,610,1,2
outside_lvliang,611,1,2
outside_lvliang,612,1,2
outside_lvliang,613,1,2
outside_lvliang,614,1,2
outside_lvliang,615,1,2
outside_lvliang,616,1,2
outside_lvliang,617,1,2
outside_lvliang,618,1,2
outside_lvliang,619,1,2
outside_lvliang,620,1,2
outside_lvliang,621,1,2
outside_lvliang,622,1,2
outside_lvliang,623,1,2
outside_lvliang,624,1,2
outside_lvliang,625,1,2
outside_lvliang,626,1,2
outside_lvliang,627,1,2
outside_lvliang,628,1,2
outside_lvliang,629,1,2
outside_lvliang,630,1,2
outside_lvliang,631,1,2
outside_lvliang,632,1,2
outside_lvliang,633,1,2
outside_lvliang,634,1,2
outside_lvliang,635,1,2
outside_lvliang,636,1,2
outside_lvliang,637,1,2
outside_lvliang,638,1,2
outside_lvliang,639,1,2
outside_lvliang,640,1,2
outside_lvliang,641,1,2
outside_lvliang,642,1,2
outside_lvliang,643,1,2
outside_lvliang,644,1,2
outside_lvliang,645,1,2
outside_lvliang,646,1,2
outside_lvliang,647,1,2
outside_lvliang,648,1,2
outside_lvliang,649,1,2
outside_lvliang,650,1,2
outside_lvliang,651,1,2
outside_lvliang,652,1,2
outside_lvliang,653,1,2
outside_lvliang,654,1,2
outside_lvliang,655,1,2
outside_lvliang,656,1,2
outside_lvliang,657,1,2
outside_lvliang,658,1,2
outside_lvliang,659,1,2
outside_lvliang,660,1,2
outside_lvliang,661,1,2
outside_lvliang,662,1,2
outside_lvliang,663,1,2
outside_lvliang,664,1,2
outside_lvliang,665,1,2
outside_lvliang,666,1,2
outside_lvliang,667,1,2
outside_lvliang,668,1,2
outside_lvliang,669,1,2
outside_lvliang,670,1,2
outside_lvliang,671,1,2
outside_lvliang,672,1,2
outside_lvliang,673,1,2
outside_lvliang,674,1,2
outside_lvliang,675,1,2
outside_lvliang,676,1,2
outside_lvliang,677,1,2
outside_lvliang,678,1,2
outside_lvliang,679,1,2
outside_lvliang,680,1,2
outside_lvliang,681,1,2
outside_lvliang,682,1,2
outside_lvliang,683,1,2
outside_lvliang,684,1,2
outside_lvliang,685,1,2
outside_lvliang,686,1,2
outside_lvliang,687,1,2
outside_lvliang,688,1,2
outside_lvliang,689,1,2
outside_lvliang,690,1,2
outside_lvliang,691,1,2
outside_lvliang,692,1,2
outside_lvliang,693,1,2
outside_lvliang,694,1,2
outside_lvliang,695,1,2
outside_lvliang,696,1,2
outside_lvliang,697,1,2
outside_lvliang,698,1,2
outside_lvliang,699,1,2
outside_lvliang,700,1,2
outside_lvliang,701,1,2
outside_lvliang,702,1,2
outside_lvliang,703,1,2
outside_lvliang,704,1,2
outside_lvliang,705,1,2
outside_lvliang,706,1,2
outside_lvliang,707,1,2
outside_lvliang,708,1,2
outside_lvliang,709,1,2
outside_lvliang,710,1,2
outside_lvliang,711,1,2
outside_lvliang,712,1,2
outside_lvliang,713,1,2
outside_lvliang,714,1,2
outside_lvliang,715,1,2
outside_lvliang,716,1,2
outside_lvliang,717,1,2
outside_lvliang,718,1,2
outside_lvliang,719,1,2
outside_lvliang,720,1,2
outside_lvliang,721,1,2
outside_lvliang,722,1,2
outside_lvliang,723,1,2
outside_lvliang,724,1,2
outside_lvliang,725,1,2
outside_lvliang,726,1,2
outside_lvliang,727,1,2
outside_lvliang,728,1,2
outside_lvliang,729,1,2
outside_lvliang,730,1,2
outside_lvliang,731,1,2
outside_lvliang,732,1,2
outside_lvliang,733,1,2
outside_lvliang,734,1,2
outside_lvliang,735,1,2
outside_lvliang,736,1,2
outside_lvliang,737,1,2
outside_lvliang,738,1,2
outside_lvliang,739,1,2
outside_lvliang,740,1,2
outside_lvliang,741,1,2
outside_lvliang,742,1,2
outside_lvliang,743,1,2
outside_lvliang,744,1,2
outside_lvliang,745,1,2
outside_lvliang,746,1,2
outside_lvliang,747,1,2
outside_lvliang,748,1,2
outside_lvliang,749,1,2
outside_lvliang,750,1,2
outside_lvliang,751,1,2
outside_lvliang,752,1,2
outside_lvliang,753,1,2
outside_lvliang,754,1,2
outside_lvliang,755,1,2
outside_lvliang,756,1,2
outside_lvliang,757,1,2
outside_lvliang,758,1,2
outside_lvliang,759,1,2
outside_lvliang,760,1,2
outside_lvliang,761,1,2
outside_lvliang,762,1,2
outside_lvliang,763,1,2
outside_lvliang,764,1,2
outside_lvliang,765,1,2
outside_lvliang,766,1,2
outside_lvliang,767,1,2
outside_lvliang,768,1,2
outside_lvliang,769,1,2
outside_lvliang,770,1,2
outside_lvliang,771,1,2
outside_lvliang,772,1,2
outside_lvliang,773,1,2
outside_lvliang,774,1,2
outside_lvliang,775,1,2
outside_lvliang,776,1,2
outside_lvliang,777,1,2
outside_lvliang,778,1,2
outside_lvliang,779,1,2
outside_lvliang,780,1,2
outside_lvliang,781,1,2
outside_lvliang,782,1,2
outside_lvliang,783,1,2
outside_lvliang,784,1,2
outside_lvliang,785,1,2
outside_lvliang,786,1,2
outside_lvliang,787,1,2
outside_lvliang,788,1,2
outside_lvliang,789,1,2
outside_lvliang,790,1,2
outside_lvliang,791,1,2
outside_lvliang,792,1,2
outside_lvliang,793,1,2
outside_lvliang,794,1,2
outside_lvliang,795,1,2
outside_lvliang,796,1,2
outside_lvliang,797,1,2
outside_lvliang,798,1,2
outside_lvliang,799,1,2
outside_lvliang,800,1,2
outside_lvliang,801,1,2
outside_lvliang,802,1,2
outside_lvliang,803,1,2
outside_lvliang,804,1,2
outside_lvliang,805,1,2
outside_lvliang,806,1,2
outside_lvliang,807,1,2
outside_lvliang,808,1,2
outside_lvliang,809,1,2
outside_lvliang,810,1,2
outside_lvliang,811,1,2
outside_lvliang,812,1,2
outside_lvliang,813,1,2
outside_lvliang,814,1,2
outside_lvliang,815,1,2
outside_lvliang,816,1,2
outside_lvliang,817,1,2
outside_lvliang,818,1,2
outside_lvliang,819,1,2
outside_lvliang,820,1,2
outside_lvliang,821,1,2
outside_lvliang,822,1,2
outside_lvliang,823,1,2
outside_lvliang,824,1,2
outside_lvliang,825,1,2
outside_lvliang,826,1,2
outside_lvliang,827,1,2
outside_lvliang,828,1,2
outside_lvliang,829,1,2
outside_lvliang,830,1,2
outside_lvliang,831,1,2
outside_lvliang,832,1,2
outside_lvliang,833,1,2
outside_lvliang,834,1,2
outside_lvliang,835,1,2
outside_lvliang,836,1,2
outside_lvliang,837,1,2
outside_lvliang,838,1,2
outside_lvliang,839,1,2
outside_lvliang,840,1,2
outside_lvliang,841,1,2
outside_lvliang,842,1,2
outside_lvliang,843,1,2
outside_lvliang,844,1,2
outside_lvliang,845,1,2
outside_lvliang,846,1,2
outside_lvliang,847,1,2
outside_lvliang,848,1,2
outside_lvliang,849,1,2
outside_lvliang,850,1,2
outside_lvliang,851,1,2
outside_lvliang,852,1,2
outside_lvliang,853,1,2
outside_lvliang,854,1,2
outside_lvliang,855,1,2
outside_lvliang,856,1,2
outside_lvliang,857,1,2
outside_lvliang,858,1,2
outside_lvliang,859,1,2
outside_lvliang,860,1,2
outside_lvliang,861,1,2
outside_lvliang,862,1,2
outside_lvliang,863,1,2
outside_lvliang,864,1,2
outside_lvliang,865,1,2
outside_lvliang,866,1,2
outside_lvliang,867,1,2
outside_lvliang,868,1,2
outside_lvliang,869,1,2
outside_lvliang,870,1,2
outside_lvliang,871,1,2
outside_lvliang,872,1,2
outside_lvliang,873,1,2
outside_lvliang,874,1,2
outside_lvliang,875,1,2
outside_lvliang,876,1,2
outside_lvliang,877,1,2
outside_lvliang,878,1,2
outside_lvliang,879,1,2
outside_lvliang,880,1,2
outside_lvliang,881,1,2
outside_lvliang,882,1,2
outside_lvliang,883,1,2
outside_lvliang,884,1,2
outside_lvliang,885,1,2
outside_lvliang,886,1,2
outside_lvliang,887,1,2
outside_lvliang,888,1,2
outside_lvliang,889,1,2
outside_lvliang,890,1,2
outside_lvliang,891,1,2
outside_lvliang,892,1,2
outside_lvliang,893,1,2
outside_lvliang,894,1,2
outside_lvliang,895,1,2
outside_lvliang,896,1,2
outside_lvliang,897,1,2
outside_lvliang,898,1,2
outside_lvliang,899,1,2
outside_lvliang,900,1,2
outside_lvliang,901,1,2
outside_lvliang,902,1,2
outside_lvliang,903,1,2
outside_lvliang,904,1,2
outside_lvliang,905,1,2
outside_lvliang,906,1,2
outside_lvliang,907,1,2
outside_lvliang,908,1,2
outside_lvliang,909,1,2
outside_lvliang,910,1,2
outside_lvliang,911,1,2
outside_lvliang,912,1,2
outside_lvliang,913,1,2
outside_lvliang,914,1,2
outside_lvliang,915,1,2
outside_lvliang,916,1,2
outside_lvliang,917,1,2
outside_lvliang,918,1,2
outside_lvliang,919,1,2
outside_lvliang,920,1,2
outside_lvliang,921,1,2
outside_lvliang,922,1,2
outside_lvliang,923,1,2
outside_lvliang,924,1,2
outside_lvliang,925,1,2
outside_lvliang,926,1,2
outside_lvliang,927,1,2
outside_lvliang,928,1,2
outside_lvliang,929,1,2
outside_lvliang,930,1,2
outside_lvliang,931,1,2
outside_lvliang,932,1,2
outside_lvliang,933,1,2
outside_lvliang,934,1,2
outside_lvliang,935,1,2
outside_lvliang,936,1,2
outside_lvliang,937,1,2
outside_lvliang,938,1,2
outside_lvliang,939,1,2
outside_lvliang,940,1,2
outside_lvliang,941,1,2
outside_lvliang,942,1,2
outside_lvliang,943,1,2
outside_lvliang,944,1,2
outside_lvliang,945,1,2
outside_lvliang,946,1,2
outside_lvliang,947,1,2
outside_lvliang,948,1,2
outside_lvliang,949,1,2
outside_lvliang,950,1,2
outside_lvliang,951,1,2
outside_lvliang,952,1,2
outside_lvliang,953,1,2
outside_lvliang,954,1,2
outside_lvliang,955,1,2
outside_lvliang,956,1,2
outside_lvliang,957,1,2
outside_lvliang,958,1,2
outside_lvliang,959,1,2
outside_lvliang,960,1,2
outside_lvliang,961,1,2
outside_lvliang,962,1,2
outside_lvliang,963,1,2
outside_lvliang,964,1,2
outside_lvliang,965,1,2
outside_lvliang,966,1,2
outside_lvliang,967,1,2
outside_lvliang,968,1,2
outside_lvliang,969,1,2
outside_lvliang,970,1,2
outside_lvliang,971,1,2
outside_lvliang,972,1,2
outside_lvliang,973,1,2
outside_lvliang,974,1,2
outside_lvliang,975,1,2
outside_lvliang,976,1,2
outside_lvliang,977,1,2
outside_lvliang,978,1,2
outside_lvliang,979,1,2
outside_lvliang,980,1,2
outside_lvliang,981,1,2
outside_lvliang,982,1,2
outside_lvliang,983,1,2
outside_lvliang,984,1,2
outside_lvliang,985,1,2
outside_lvliang,986,1,2
outside_lvliang,987,1,2
outside_lvliang,988,1,2
outside_lvliang,989,1,2
outside_lvliang,990,1,2
outside_lvliang,991,1,2
outside_lvliang,992,1,2
outside_lvliang,993,1,2
outside_lvliang,994,1,2
outside_lvliang,995,1,2
outside_lvliang,996,1,2
outside_lvliang,997,1,2
outside_lvliang,998,1,2
outside_lvliang,999,1,2
outside_lvliang,1000,1,2
outside_lvliang,1001,1,2
outside_lvliang,1002,1,2
outside_lvliang,1003,1,2
outside_lvliang,1004,1,2
outside_lvliang,1005,1,2
outside_lvliang,1006,1,2
outside_lvliang,1007,1,2
outside_lvliang,1008,1,2
outside_lvliang,1009,1,2
outside_lvliang,1010,1,2
outside_lvliang,1011,1,2
outside_lvliang,1012,1,2
outside_lvliang,1013,1,2
outside_lvliang,1014,1,2
outside_lvliang,1015,1,2
outside_lvliang,1016,1,2
outside_lvliang,1017,1,2
outside_lvliang,1018,1,2
outside_lvliang,1019,1,2
outside_lvliang,1020,1,2
outside_lvliang,1021,1,2
outside_lvliang,1022,1,2
outside_lvliang,1023,1,2
outside_lvliang,1024,1,2
outside_lvliang,1025,1,2
outside_lvliang,1026,1,2
outside_lvliang,1027,1,2
outside_lvliang,1028,1,2
outside_lvliang,1029,1,2
outside_lvliang,1030,1,2
outside_lvliang,1031,1,2
outside_lvliang,1032,1,2
outside_lvliang,1033,1,2
outside_lvliang,1034,1,2
outside_lvliang,1035,1,2
outside_lvliang,1036,1,2
outside_lvliang,1037,1,2
outside_lvliang,1038,1,2
outside_lvliang,1039,1,2
outside_lvliang,1040,1,2
outside_lvliang,1041,1,2
outside_lvliang,1042,1,2
outside_lvliang,1043,1,2
outside_lvliang,1044,1,2
outside_lvliang,1045,1,2
outside_lvliang,1046,1,2
outside_lvliang,1047,1,2
outside_lvliang,1048,1,2
outside_lvliang,1049,1,2
outside_lvliang,1050,1,2
outside_lvliang,1051,1,2
outside_lvliang,1052,1,2
outside_lvliang,1053,1,2
outside_lvliang,1054,1,2
outside_lvliang,1055,1,2
outside_lvliang,1056,1,2
outside_lvliang,1057,1,2
outside_lvliang,1058,1,2
outside_lvliang,1059,1,2
outside_lvliang,1060,1,2
outside_lvliang,1061,1,2
outside_lvliang,1062,1,2
outside_lvliang,1063,1,2
outside_lvliang,1064,1,2
outside_lvliang,1065,1,2
outside_lvliang,1066,1,2
outside_lvliang,1067,1,2
outside_lvliang,1068,1,2
outside_lvliang,1069,1,2
outside_lvliang,1070,1,2
outside_lvliang,1071,1,2
outside_lvliang,1072,1,2
outside_lvliang,1073,1,2
outside_lvliang,1074,1,2
outside_lvliang,1075,1,2
outside_lvliang,1076,1,2
outside_lvliang,1077,1,2
outside_lvliang,1078,1,2
outside_lvliang,1079,1,2
outside_lvliang,1080,1,2
outside_lvliang,1081,1,2
outside_lvliang,1082,1,2
outside_lvliang,1083,1,2
outside_lvliang,1084,1,2
outside_lvliang,1085,1,2
outside_lvliang,1086,1,2
outside_lvliang,1087,1,2
outside_lvliang,1088,1,2
outside_lvliang,1089,1,2
outside_lvliang,1090,1,2
outside_lvliang,1091,1,2
outside_lvliang,1092,1,2
outside_lvliang,1093,1,2
outside_lvliang,1094,1,2
outside_lvliang,1095,1,2
outside_lvliang,1096,1,2
outside_lvliang,1097,1,2
outside_lvliang,1098,1,2
outside_lvliang,1099,1,2
outside_lvliang,1100,1,2
outside_lvliang,1101,1,2
outside_lvliang,1102,1,2
outside_lvliang,1103,1,2
outside_lvliang,1104,1,2
outside_lvliang,1105,1,2
outside_lvliang,1106,1,2
outside_lvliang,1107,1,2
outside_lvliang,1108,1,2
outside_lvliang,1109,1,2
outside_lvliang,1110,1,2
outside_lvliang,1111,1,2
outside_lvliang,1112,1,2
outside_lvliang,1113,1,2
outside_lvliang,1114,1,2
outside_lvliang,1115,1,2
outside_lvliang,1116,1,2
outside_lvliang,1117,1,2
outside_lvliang,1118,1,2
outside_lvliang,1119,1,2
outside_lvliang,1120,1,2
outside_lvliang,1121,1,2
outside_lvliang,1122,1,2
outside_lvliang,1123,1,2
outside_lvliang,1124,1,2
outside_lvliang,1125,1,2
outside_lvliang,1126,1,2
outside_lvliang,1127,1,2
outside_lvliang,1128,1,2
outside_lvliang,1129,1,2
outside_lvliang,1130,1,2
outside_lvliang,1131,1,2
outside_lvliang,1132,1,2
outside_lvliang,1133,1,2
outside_lvliang,1134,1,2
outside_lvliang,1135,1,2
outside_lvliang,1136,1,2
outside_lvliang,1137,1,2
outside_lvliang,1138,1,2
outside_lvliang,1139,1,2
outside_lvliang,1140,1,2
outside_lvliang,1141,1,2
outside_lvliang,1142,1,2
outside_lvliang,1143,1,2
outside_lvliang,1144,1,2
outside_lvliang,1145,1,2
outside_lvliang,1146,1,2
outside_lvliang,1147,1,2
outside_lvliang,1148,1,2
outside_lvliang,1149,1,2
outside_lvliang,1150,1,2
outside_lvliang,1151,1,2
outside_lvliang,1152,1,2
