GENERATION_PROJECT,build_year,gen_overnight_cost,gen_fixed_om,gen_storage_energy_overnight_cost
G106344,1995,557692,10600,.
G106345,1996,557692,10600,.
G106346,2008,557692,10600,.
G106347,2008,557692,10600,.
G106348,2012,557692,10600,.
G106349,2014,557692,10600,.
G106470,2019,557692,10600,.
G106471,2019,557692,10600,.
G109041,2015,557692,10600,.
G109042,2015,557692,10600,.
G111092,2021,557692,10600,.
G111093,2021,557692,10600,.
G112778,2007,557692,10600,.
G112779,2007,557692,10600,.
G114088,2007,557692,10600,.
G114089,2007,557692,10600,.
G114090,2007,557692,10600,.
outside_coal,2015,557692,10600,.
coal_add,2022,557692,10600,.
Shanxi-Battery_Storage-11185,2025,1328640,12000,0
Shanxi-Battery_Storage-11185,2030,1328640,12000,0
Shanxi-Battery_Storage-11185,2035,1328640,12000,0
Shanxi-Battery_Storage-11185,2040,1328640,12000,0
LL_001_w,2025,537000,26850,.
LL_001_w,2030,537000,26850,.
LL_001_w,2035,537000,26850,.
LL_001_w,2040,537000,26850,.
LL_001_s,2025,267000,13350,.
LL_001_s,2030,267000,13350,.
LL_001_s,2035,267000,13350,.
LL_001_s,2040,267000,13350,.
LL_002_w,2025,537000,26850,.
LL_002_w,2030,537000,26850,.
LL_002_w,2035,537000,26850,.
LL_002_w,2040,537000,26850,.
LL_002_s,2025,267000,13350,.
LL_002_s,2030,267000,13350,.
LL_002_s,2035,267000,13350,.
LL_002_s,2040,267000,13350,.
LL_003_w,2025,537000,26850,.
LL_003_w,2030,537000,26850,.
LL_003_w,2035,537000,26850,.
LL_003_w,2040,537000,26850,.
LL_003_s,2025,267000,13350,.
LL_003_s,2030,267000,13350,.
LL_003_s,2035,267000,13350,.
LL_003_s,2040,267000,13350,.
LL_004_w,2025,537000,26850,.
LL_004_w,2030,537000,26850,.
LL_004_w,2035,537000,26850,.
LL_004_w,2040,537000,26850,.
LL_004_s,2025,267000,13350,.
LL_004_s,2030,267000,13350,.
LL_004_s,2035,267000,13350,.
LL_004_s,2040,267000,13350,.
LL_005_w,2025,537000,26850,.
LL_005_w,2030,537000,26850,.
LL_005_w,2035,537000,26850,.
LL_005_w,2040,537000,26850,.
LL_005_s,2025,267000,13350,.
LL_005_s,2030,267000,13350,.
LL_005_s,2035,267000,13350,.
LL_005_s,2040,267000,13350,.
LL_006_w,2025,537000,26850,.
LL_006_w,2030,537000,26850,.
LL_006_w,2035,537000,26850,.
LL_006_w,2040,537000,26850,.
LL_006_s,2025,267000,13350,.
LL_006_s,2030,267000,13350,.
LL_006_s,2035,267000,13350,.
LL_006_s,2040,267000,13350,.
LL_007_w,2025,537000,26850,.
LL_007_w,2030,537000,26850,.
LL_007_w,2035,537000,26850,.
LL_007_w,2040,537000,26850,.
LL_007_s,2025,267000,13350,.
LL_007_s,2030,267000,13350,.
LL_007_s,2035,267000,13350,.
LL_007_s,2040,267000,13350,.
LL_008_w,2025,537000,26850,.
LL_008_w,2030,537000,26850,.
LL_008_w,2035,537000,26850,.
LL_008_w,2040,537000,26850,.
LL_008_s,2025,267000,13350,.
LL_008_s,2030,267000,13350,.
LL_008_s,2035,267000,13350,.
LL_008_s,2040,267000,13350,.
LL_009_w,2025,537000,26850,.
LL_009_w,2030,537000,26850,.
LL_009_w,2035,537000,26850,.
LL_009_w,2040,537000,26850,.
LL_009_s,2025,267000,13350,.
LL_009_s,2030,267000,13350,.
LL_009_s,2035,267000,13350,.
LL_009_s,2040,267000,13350,.
LL_010_w,2025,537000,26850,.
LL_010_w,2030,537000,26850,.
LL_010_w,2035,537000,26850,.
LL_010_w,2040,537000,26850,.
LL_010_s,2025,267000,13350,.
LL_010_s,2030,267000,13350,.
LL_010_s,2035,267000,13350,.
LL_010_s,2040,267000,13350,.
LL_011_w,2025,537000,26850,.
LL_011_w,2030,537000,26850,.
LL_011_w,2035,537000,26850,.
LL_011_w,2040,537000,26850,.
LL_011_s,2025,267000,13350,.
LL_011_s,2030,267000,13350,.
LL_011_s,2035,267000,13350,.
LL_011_s,2040,267000,13350,.
LL_012_w,2025,537000,26850,.
LL_012_w,2030,537000,26850,.
LL_012_w,2035,537000,26850,.
LL_012_w,2040,537000,26850,.
LL_012_s,2025,267000,13350,.
LL_012_s,2030,267000,13350,.
LL_012_s,2035,267000,13350,.
LL_012_s,2040,267000,13350,.
LL_013_w,2025,537000,26850,.
LL_013_w,2030,537000,26850,.
LL_013_w,2035,537000,26850,.
LL_013_w,2040,537000,26850,.
LL_013_s,2025,267000,13350,.
LL_013_s,2030,267000,13350,.
LL_013_s,2035,267000,13350,.
LL_013_s,2040,267000,13350,.
LL_014_w,2025,537000,26850,.
LL_014_w,2030,537000,26850,.
LL_014_w,2035,537000,26850,.
LL_014_w,2040,537000,26850,.
LL_014_s,2025,267000,13350,.
LL_014_s,2030,267000,13350,.
LL_014_s,2035,267000,13350,.
LL_014_s,2040,267000,13350,.
LL_015_w,2025,537000,26850,.
LL_015_w,2030,537000,26850,.
LL_015_w,2035,537000,26850,.
LL_015_w,2040,537000,26850,.
LL_015_s,2025,267000,13350,.
LL_015_s,2030,267000,13350,.
LL_015_s,2035,267000,13350,.
LL_015_s,2040,267000,13350,.
LL_016_w,2025,537000,26850,.
LL_016_w,2030,537000,26850,.
LL_016_w,2035,537000,26850,.
LL_016_w,2040,537000,26850,.
LL_016_s,2025,267000,13350,.
LL_016_s,2030,267000,13350,.
LL_016_s,2035,267000,13350,.
LL_016_s,2040,267000,13350,.
LL_017_w,2025,537000,26850,.
LL_017_w,2030,537000,26850,.
LL_017_w,2035,537000,26850,.
LL_017_w,2040,537000,26850,.
LL_017_s,2025,267000,13350,.
LL_017_s,2030,267000,13350,.
LL_017_s,2035,267000,13350,.
LL_017_s,2040,267000,13350,.
LL_018_w,2025,537000,26850,.
LL_018_w,2030,537000,26850,.
LL_018_w,2035,537000,26850,.
LL_018_w,2040,537000,26850,.
LL_018_s,2025,267000,13350,.
LL_018_s,2030,267000,13350,.
LL_018_s,2035,267000,13350,.
LL_018_s,2040,267000,13350,.
LL_019_w,2025,537000,26850,.
LL_019_w,2030,537000,26850,.
LL_019_w,2035,537000,26850,.
LL_019_w,2040,537000,26850,.
LL_019_s,2025,267000,13350,.
LL_019_s,2030,267000,13350,.
LL_019_s,2035,267000,13350,.
LL_019_s,2040,267000,13350,.
LL_020_w,2025,537000,26850,.
LL_020_w,2030,537000,26850,.
LL_020_w,2035,537000,26850,.
LL_020_w,2040,537000,26850,.
LL_020_s,2025,267000,13350,.
LL_020_s,2030,267000,13350,.
LL_020_s,2035,267000,13350,.
LL_020_s,2040,267000,13350,.
LL_021_w,2025,537000,26850,.
LL_021_w,2030,537000,26850,.
LL_021_w,2035,537000,26850,.
LL_021_w,2040,537000,26850,.
LL_021_s,2025,267000,13350,.
LL_021_s,2030,267000,13350,.
LL_021_s,2035,267000,13350,.
LL_021_s,2040,267000,13350,.
LL_022_w,2025,537000,26850,.
LL_022_w,2030,537000,26850,.
LL_022_w,2035,537000,26850,.
LL_022_w,2040,537000,26850,.
LL_022_s,2025,267000,13350,.
LL_022_s,2030,267000,13350,.
LL_022_s,2035,267000,13350,.
LL_022_s,2040,267000,13350,.
LL_023_w,2025,537000,26850,.
LL_023_w,2030,537000,26850,.
LL_023_w,2035,537000,26850,.
LL_023_w,2040,537000,26850,.
LL_023_s,2025,267000,13350,.
LL_023_s,2030,267000,13350,.
LL_023_s,2035,267000,13350,.
LL_023_s,2040,267000,13350,.
LL_024_w,2025,537000,26850,.
LL_024_w,2030,537000,26850,.
LL_024_w,2035,537000,26850,.
LL_024_w,2040,537000,26850,.
LL_024_s,2025,267000,13350,.
LL_024_s,2030,267000,13350,.
LL_024_s,2035,267000,13350,.
LL_024_s,2040,267000,13350,.
LL_025_w,2025,537000,26850,.
LL_025_w,2030,537000,26850,.
LL_025_w,2035,537000,26850,.
LL_025_w,2040,537000,26850,.
LL_025_s,2025,267000,13350,.
LL_025_s,2030,267000,13350,.
LL_025_s,2035,267000,13350,.
LL_025_s,2040,267000,13350,.
LL_026_w,2025,537000,26850,.
LL_026_w,2030,537000,26850,.
LL_026_w,2035,537000,26850,.
LL_026_w,2040,537000,26850,.
LL_026_s,2025,267000,13350,.
LL_026_s,2030,267000,13350,.
LL_026_s,2035,267000,13350,.
LL_026_s,2040,267000,13350,.
LL_027_w,2025,537000,26850,.
LL_027_w,2030,537000,26850,.
LL_027_w,2035,537000,26850,.
LL_027_w,2040,537000,26850,.
LL_027_s,2025,267000,13350,.
LL_027_s,2030,267000,13350,.
LL_027_s,2035,267000,13350,.
LL_027_s,2040,267000,13350,.
LL_028_w,2025,537000,26850,.
LL_028_w,2030,537000,26850,.
LL_028_w,2035,537000,26850,.
LL_028_w,2040,537000,26850,.
LL_028_s,2025,267000,13350,.
LL_028_s,2030,267000,13350,.
LL_028_s,2035,267000,13350,.
LL_028_s,2040,267000,13350,.
LL_029_w,2025,537000,26850,.
LL_029_w,2030,537000,26850,.
LL_029_w,2035,537000,26850,.
LL_029_w,2040,537000,26850,.
LL_029_s,2025,267000,13350,.
LL_029_s,2030,267000,13350,.
LL_029_s,2035,267000,13350,.
LL_029_s,2040,267000,13350,.
LL_030_w,2025,537000,26850,.
LL_030_w,2030,537000,26850,.
LL_030_w,2035,537000,26850,.
LL_030_w,2040,537000,26850,.
LL_030_s,2025,267000,13350,.
LL_030_s,2030,267000,13350,.
LL_030_s,2035,267000,13350,.
LL_030_s,2040,267000,13350,.
LL_031_w,2025,537000,26850,.
LL_031_w,2030,537000,26850,.
LL_031_w,2035,537000,26850,.
LL_031_w,2040,537000,26850,.
LL_031_s,2025,267000,13350,.
LL_031_s,2030,267000,13350,.
LL_031_s,2035,267000,13350,.
LL_031_s,2040,267000,13350,.
LL_032_w,2025,537000,26850,.
LL_032_w,2030,537000,26850,.
LL_032_w,2035,537000,26850,.
LL_032_w,2040,537000,26850,.
LL_032_s,2025,267000,13350,.
LL_032_s,2030,267000,13350,.
LL_032_s,2035,267000,13350,.
LL_032_s,2040,267000,13350,.
LL_033_w,2025,537000,26850,.
LL_033_w,2030,537000,26850,.
LL_033_w,2035,537000,26850,.
LL_033_w,2040,537000,26850,.
LL_033_s,2025,267000,13350,.
LL_033_s,2030,267000,13350,.
LL_033_s,2035,267000,13350,.
LL_033_s,2040,267000,13350,.
LL_034_w,2025,537000,26850,.
LL_034_w,2030,537000,26850,.
LL_034_w,2035,537000,26850,.
LL_034_w,2040,537000,26850,.
LL_034_s,2025,267000,13350,.
LL_034_s,2030,267000,13350,.
LL_034_s,2035,267000,13350,.
LL_034_s,2040,267000,13350,.
LL_035_w,2025,537000,26850,.
LL_035_w,2030,537000,26850,.
LL_035_w,2035,537000,26850,.
LL_035_w,2040,537000,26850,.
LL_035_s,2025,267000,13350,.
LL_035_s,2030,267000,13350,.
LL_035_s,2035,267000,13350,.
LL_035_s,2040,267000,13350,.
LL_036_w,2025,537000,26850,.
LL_036_w,2030,537000,26850,.
LL_036_w,2035,537000,26850,.
LL_036_w,2040,537000,26850,.
LL_036_s,2025,267000,13350,.
LL_036_s,2030,267000,13350,.
LL_036_s,2035,267000,13350,.
LL_036_s,2040,267000,13350,.
LL_037_w,2025,537000,26850,.
LL_037_w,2030,537000,26850,.
LL_037_w,2035,537000,26850,.
LL_037_w,2040,537000,26850,.
LL_037_s,2025,267000,13350,.
LL_037_s,2030,267000,13350,.
LL_037_s,2035,267000,13350,.
LL_037_s,2040,267000,13350,.
LL_038_w,2025,537000,26850,.
LL_038_w,2030,537000,26850,.
LL_038_w,2035,537000,26850,.
LL_038_w,2040,537000,26850,.
LL_038_s,2025,267000,13350,.
LL_038_s,2030,267000,13350,.
LL_038_s,2035,267000,13350,.
LL_038_s,2040,267000,13350,.
LL_039_w,2025,537000,26850,.
LL_039_w,2030,537000,26850,.
LL_039_w,2035,537000,26850,.
LL_039_w,2040,537000,26850,.
LL_039_s,2025,267000,13350,.
LL_039_s,2030,267000,13350,.
LL_039_s,2035,267000,13350,.
LL_039_s,2040,267000,13350,.
LL_040_w,2025,537000,26850,.
LL_040_w,2030,537000,26850,.
LL_040_w,2035,537000,26850,.
LL_040_w,2040,537000,26850,.
LL_040_s,2025,267000,13350,.
LL_040_s,2030,267000,13350,.
LL_040_s,2035,267000,13350,.
LL_040_s,2040,267000,13350,.
LL_041_w,2025,537000,26850,.
LL_041_w,2030,537000,26850,.
LL_041_w,2035,537000,26850,.
LL_041_w,2040,537000,26850,.
LL_041_s,2025,267000,13350,.
LL_041_s,2030,267000,13350,.
LL_041_s,2035,267000,13350,.
LL_041_s,2040,267000,13350,.
LL_042_w,2025,537000,26850,.
LL_042_w,2030,537000,26850,.
LL_042_w,2035,537000,26850,.
LL_042_w,2040,537000,26850,.
LL_042_s,2025,267000,13350,.
LL_042_s,2030,267000,13350,.
LL_042_s,2035,267000,13350,.
LL_042_s,2040,267000,13350,.
LL_043_w,2025,537000,26850,.
LL_043_w,2030,537000,26850,.
LL_043_w,2035,537000,26850,.
LL_043_w,2040,537000,26850,.
LL_043_s,2025,267000,13350,.
LL_043_s,2030,267000,13350,.
LL_043_s,2035,267000,13350,.
LL_043_s,2040,267000,13350,.
LL_044_w,2025,537000,26850,.
LL_044_w,2030,537000,26850,.
LL_044_w,2035,537000,26850,.
LL_044_w,2040,537000,26850,.
LL_044_s,2025,267000,13350,.
LL_044_s,2030,267000,13350,.
LL_044_s,2035,267000,13350,.
LL_044_s,2040,267000,13350,.
LL_045_w,2025,537000,26850,.
LL_045_w,2030,537000,26850,.
LL_045_w,2035,537000,26850,.
LL_045_w,2040,537000,26850,.
LL_045_s,2025,267000,13350,.
LL_045_s,2030,267000,13350,.
LL_045_s,2035,267000,13350,.
LL_045_s,2040,267000,13350,.
LL_046_w,2025,537000,26850,.
LL_046_w,2030,537000,26850,.
LL_046_w,2035,537000,26850,.
LL_046_w,2040,537000,26850,.
LL_046_s,2025,267000,13350,.
LL_046_s,2030,267000,13350,.
LL_046_s,2035,267000,13350,.
LL_046_s,2040,267000,13350,.
LL_047_w,2025,537000,26850,.
LL_047_w,2030,537000,26850,.
LL_047_w,2035,537000,26850,.
LL_047_w,2040,537000,26850,.
LL_047_s,2025,267000,13350,.
LL_047_s,2030,267000,13350,.
LL_047_s,2035,267000,13350,.
LL_047_s,2040,267000,13350,.
LL_048_w,2025,537000,26850,.
LL_048_w,2030,537000,26850,.
LL_048_w,2035,537000,26850,.
LL_048_w,2040,537000,26850,.
LL_048_s,2025,267000,13350,.
LL_048_s,2030,267000,13350,.
LL_048_s,2035,267000,13350,.
LL_048_s,2040,267000,13350,.
LL_049_w,2025,537000,26850,.
LL_049_w,2030,537000,26850,.
LL_049_w,2035,537000,26850,.
LL_049_w,2040,537000,26850,.
LL_049_s,2025,267000,13350,.
LL_049_s,2030,267000,13350,.
LL_049_s,2035,267000,13350,.
LL_049_s,2040,267000,13350,.
LL_050_w,2025,537000,26850,.
LL_050_w,2030,537000,26850,.
LL_050_w,2035,537000,26850,.
LL_050_w,2040,537000,26850,.
LL_050_s,2025,267000,13350,.
LL_050_s,2030,267000,13350,.
LL_050_s,2035,267000,13350,.
LL_050_s,2040,267000,13350,.
LL_051_w,2025,537000,26850,.
LL_051_w,2030,537000,26850,.
LL_051_w,2035,537000,26850,.
LL_051_w,2040,537000,26850,.
LL_051_s,2025,267000,13350,.
LL_051_s,2030,267000,13350,.
LL_051_s,2035,267000,13350,.
LL_051_s,2040,267000,13350,.
LL_052_w,2025,537000,26850,.
LL_052_w,2030,537000,26850,.
LL_052_w,2035,537000,26850,.
LL_052_w,2040,537000,26850,.
LL_052_s,2025,267000,13350,.
LL_052_s,2030,267000,13350,.
LL_052_s,2035,267000,13350,.
LL_052_s,2040,267000,13350,.
LL_053_w,2025,537000,26850,.
LL_053_w,2030,537000,26850,.
LL_053_w,2035,537000,26850,.
LL_053_w,2040,537000,26850,.
LL_053_s,2025,267000,13350,.
LL_053_s,2030,267000,13350,.
LL_053_s,2035,267000,13350,.
LL_053_s,2040,267000,13350,.
LL_054_w,2025,537000,26850,.
LL_054_w,2030,537000,26850,.
LL_054_w,2035,537000,26850,.
LL_054_w,2040,537000,26850,.
LL_054_s,2025,267000,13350,.
LL_054_s,2030,267000,13350,.
LL_054_s,2035,267000,13350,.
LL_054_s,2040,267000,13350,.
LL_055_w,2025,537000,26850,.
LL_055_w,2030,537000,26850,.
LL_055_w,2035,537000,26850,.
LL_055_w,2040,537000,26850,.
LL_055_s,2025,267000,13350,.
LL_055_s,2030,267000,13350,.
LL_055_s,2035,267000,13350,.
LL_055_s,2040,267000,13350,.
LL_056_w,2025,537000,26850,.
LL_056_w,2030,537000,26850,.
LL_056_w,2035,537000,26850,.
LL_056_w,2040,537000,26850,.
LL_056_s,2025,267000,13350,.
LL_056_s,2030,267000,13350,.
LL_056_s,2035,267000,13350,.
LL_056_s,2040,267000,13350,.
LL_057_w,2025,537000,26850,.
LL_057_w,2030,537000,26850,.
LL_057_w,2035,537000,26850,.
LL_057_w,2040,537000,26850,.
LL_057_s,2025,267000,13350,.
LL_057_s,2030,267000,13350,.
LL_057_s,2035,267000,13350,.
LL_057_s,2040,267000,13350,.
LL_058_w,2025,537000,26850,.
LL_058_w,2030,537000,26850,.
LL_058_w,2035,537000,26850,.
LL_058_w,2040,537000,26850,.
LL_058_s,2025,267000,13350,.
LL_058_s,2030,267000,13350,.
LL_058_s,2035,267000,13350,.
LL_058_s,2040,267000,13350,.
LL_059_w,2025,537000,26850,.
LL_059_w,2030,537000,26850,.
LL_059_w,2035,537000,26850,.
LL_059_w,2040,537000,26850,.
LL_059_s,2025,267000,13350,.
LL_059_s,2030,267000,13350,.
LL_059_s,2035,267000,13350,.
LL_059_s,2040,267000,13350,.
LL_060_w,2025,537000,26850,.
LL_060_w,2030,537000,26850,.
LL_060_w,2035,537000,26850,.
LL_060_w,2040,537000,26850,.
LL_060_s,2025,267000,13350,.
LL_060_s,2030,267000,13350,.
LL_060_s,2035,267000,13350,.
LL_060_s,2040,267000,13350,.
LL_061_w,2025,537000,26850,.
LL_061_w,2030,537000,26850,.
LL_061_w,2035,537000,26850,.
LL_061_w,2040,537000,26850,.
LL_061_s,2025,267000,13350,.
LL_061_s,2030,267000,13350,.
LL_061_s,2035,267000,13350,.
LL_061_s,2040,267000,13350,.
LL_062_w,2025,537000,26850,.
LL_062_w,2030,537000,26850,.
LL_062_w,2035,537000,26850,.
LL_062_w,2040,537000,26850,.
LL_062_s,2025,267000,13350,.
LL_062_s,2030,267000,13350,.
LL_062_s,2035,267000,13350,.
LL_062_s,2040,267000,13350,.
LL_063_w,2025,537000,26850,.
LL_063_w,2030,537000,26850,.
LL_063_w,2035,537000,26850,.
LL_063_w,2040,537000,26850,.
LL_063_s,2025,267000,13350,.
LL_063_s,2030,267000,13350,.
LL_063_s,2035,267000,13350,.
LL_063_s,2040,267000,13350,.
LL_064_w,2025,537000,26850,.
LL_064_w,2030,537000,26850,.
LL_064_w,2035,537000,26850,.
LL_064_w,2040,537000,26850,.
LL_064_s,2025,267000,13350,.
LL_064_s,2030,267000,13350,.
LL_064_s,2035,267000,13350,.
LL_064_s,2040,267000,13350,.
LL_065_w,2025,537000,26850,.
LL_065_w,2030,537000,26850,.
LL_065_w,2035,537000,26850,.
LL_065_w,2040,537000,26850,.
LL_065_s,2025,267000,13350,.
LL_065_s,2030,267000,13350,.
LL_065_s,2035,267000,13350,.
LL_065_s,2040,267000,13350,.
LL_066_w,2025,537000,26850,.
LL_066_w,2030,537000,26850,.
LL_066_w,2035,537000,26850,.
LL_066_w,2040,537000,26850,.
LL_066_s,2025,267000,13350,.
LL_066_s,2030,267000,13350,.
LL_066_s,2035,267000,13350,.
LL_066_s,2040,267000,13350,.
LL_067_w,2025,537000,26850,.
LL_067_w,2030,537000,26850,.
LL_067_w,2035,537000,26850,.
LL_067_w,2040,537000,26850,.
LL_067_s,2025,267000,13350,.
LL_067_s,2030,267000,13350,.
LL_067_s,2035,267000,13350,.
LL_067_s,2040,267000,13350,.
LL_068_w,2025,537000,26850,.
LL_068_w,2030,537000,26850,.
LL_068_w,2035,537000,26850,.
LL_068_w,2040,537000,26850,.
LL_068_s,2025,267000,13350,.
LL_068_s,2030,267000,13350,.
LL_068_s,2035,267000,13350,.
LL_068_s,2040,267000,13350,.
LL_069_w,2025,537000,26850,.
LL_069_w,2030,537000,26850,.
LL_069_w,2035,537000,26850,.
LL_069_w,2040,537000,26850,.
LL_069_s,2025,267000,13350,.
LL_069_s,2030,267000,13350,.
LL_069_s,2035,267000,13350,.
LL_069_s,2040,267000,13350,.
LL_070_w,2025,537000,26850,.
LL_070_w,2030,537000,26850,.
LL_070_w,2035,537000,26850,.
LL_070_w,2040,537000,26850,.
LL_070_s,2025,267000,13350,.
LL_070_s,2030,267000,13350,.
LL_070_s,2035,267000,13350,.
LL_070_s,2040,267000,13350,.
LL_071_w,2025,537000,26850,.
LL_071_w,2030,537000,26850,.
LL_071_w,2035,537000,26850,.
LL_071_w,2040,537000,26850,.
LL_071_s,2025,267000,13350,.
LL_071_s,2030,267000,13350,.
LL_071_s,2035,267000,13350,.
LL_071_s,2040,267000,13350,.
LL_072_w,2025,537000,26850,.
LL_072_w,2030,537000,26850,.
LL_072_w,2035,537000,26850,.
LL_072_w,2040,537000,26850,.
LL_072_s,2025,267000,13350,.
LL_072_s,2030,267000,13350,.
LL_072_s,2035,267000,13350,.
LL_072_s,2040,267000,13350,.
LL_073_w,2025,537000,26850,.
LL_073_w,2030,537000,26850,.
LL_073_w,2035,537000,26850,.
LL_073_w,2040,537000,26850,.
LL_073_s,2025,267000,13350,.
LL_073_s,2030,267000,13350,.
LL_073_s,2035,267000,13350,.
LL_073_s,2040,267000,13350,.
LL_074_w,2025,537000,26850,.
LL_074_w,2030,537000,26850,.
LL_074_w,2035,537000,26850,.
LL_074_w,2040,537000,26850,.
LL_074_s,2025,267000,13350,.
LL_074_s,2030,267000,13350,.
LL_074_s,2035,267000,13350,.
LL_074_s,2040,267000,13350,.
LL_075_w,2025,537000,26850,.
LL_075_w,2030,537000,26850,.
LL_075_w,2035,537000,26850,.
LL_075_w,2040,537000,26850,.
LL_075_s,2025,267000,13350,.
LL_075_s,2030,267000,13350,.
LL_075_s,2035,267000,13350,.
LL_075_s,2040,267000,13350,.
LL_076_w,2025,537000,26850,.
LL_076_w,2030,537000,26850,.
LL_076_w,2035,537000,26850,.
LL_076_w,2040,537000,26850,.
LL_076_s,2025,267000,13350,.
LL_076_s,2030,267000,13350,.
LL_076_s,2035,267000,13350,.
LL_076_s,2040,267000,13350,.
LL_077_w,2025,537000,26850,.
LL_077_w,2030,537000,26850,.
LL_077_w,2035,537000,26850,.
LL_077_w,2040,537000,26850,.
LL_077_s,2025,267000,13350,.
LL_077_s,2030,267000,13350,.
LL_077_s,2035,267000,13350,.
LL_077_s,2040,267000,13350,.
LL_078_w,2025,537000,26850,.
LL_078_w,2030,537000,26850,.
LL_078_w,2035,537000,26850,.
LL_078_w,2040,537000,26850,.
LL_078_s,2025,267000,13350,.
LL_078_s,2030,267000,13350,.
LL_078_s,2035,267000,13350,.
LL_078_s,2040,267000,13350,.
LL_079_w,2025,537000,26850,.
LL_079_w,2030,537000,26850,.
LL_079_w,2035,537000,26850,.
LL_079_w,2040,537000,26850,.
LL_079_s,2025,267000,13350,.
LL_079_s,2030,267000,13350,.
LL_079_s,2035,267000,13350,.
LL_079_s,2040,267000,13350,.
LL_080_w,2025,537000,26850,.
LL_080_w,2030,537000,26850,.
LL_080_w,2035,537000,26850,.
LL_080_w,2040,537000,26850,.
LL_080_s,2025,267000,13350,.
LL_080_s,2030,267000,13350,.
LL_080_s,2035,267000,13350,.
LL_080_s,2040,267000,13350,.
LL_081_w,2025,537000,26850,.
LL_081_w,2030,537000,26850,.
LL_081_w,2035,537000,26850,.
LL_081_w,2040,537000,26850,.
LL_081_s,2025,267000,13350,.
LL_081_s,2030,267000,13350,.
LL_081_s,2035,267000,13350,.
LL_081_s,2040,267000,13350,.
LL_082_w,2025,537000,26850,.
LL_082_w,2030,537000,26850,.
LL_082_w,2035,537000,26850,.
LL_082_w,2040,537000,26850,.
LL_082_s,2025,267000,13350,.
LL_082_s,2030,267000,13350,.
LL_082_s,2035,267000,13350,.
LL_082_s,2040,267000,13350,.
LL_083_w,2025,537000,26850,.
LL_083_w,2030,537000,26850,.
LL_083_w,2035,537000,26850,.
LL_083_w,2040,537000,26850,.
LL_083_s,2025,267000,13350,.
LL_083_s,2030,267000,13350,.
LL_083_s,2035,267000,13350,.
LL_083_s,2040,267000,13350,.
LL_084_w,2025,537000,26850,.
LL_084_w,2030,537000,26850,.
LL_084_w,2035,537000,26850,.
LL_084_w,2040,537000,26850,.
LL_084_s,2025,267000,13350,.
LL_084_s,2030,267000,13350,.
LL_084_s,2035,267000,13350,.
LL_084_s,2040,267000,13350,.
LL_085_w,2025,537000,26850,.
LL_085_w,2030,537000,26850,.
LL_085_w,2035,537000,26850,.
LL_085_w,2040,537000,26850,.
LL_085_s,2025,267000,13350,.
LL_085_s,2030,267000,13350,.
LL_085_s,2035,267000,13350,.
LL_085_s,2040,267000,13350,.
LL_086_w,2025,537000,26850,.
LL_086_w,2030,537000,26850,.
LL_086_w,2035,537000,26850,.
LL_086_w,2040,537000,26850,.
LL_086_s,2025,267000,13350,.
LL_086_s,2030,267000,13350,.
LL_086_s,2035,267000,13350,.
LL_086_s,2040,267000,13350,.
LL_087_w,2025,537000,26850,.
LL_087_w,2030,537000,26850,.
LL_087_w,2035,537000,26850,.
LL_087_w,2040,537000,26850,.
LL_087_s,2025,267000,13350,.
LL_087_s,2030,267000,13350,.
LL_087_s,2035,267000,13350,.
LL_087_s,2040,267000,13350,.
LL_088_w,2025,537000,26850,.
LL_088_w,2030,537000,26850,.
LL_088_w,2035,537000,26850,.
LL_088_w,2040,537000,26850,.
LL_088_s,2025,267000,13350,.
LL_088_s,2030,267000,13350,.
LL_088_s,2035,267000,13350,.
LL_088_s,2040,267000,13350,.
LL_089_w,2025,537000,26850,.
LL_089_w,2030,537000,26850,.
LL_089_w,2035,537000,26850,.
LL_089_w,2040,537000,26850,.
LL_089_s,2025,267000,13350,.
LL_089_s,2030,267000,13350,.
LL_089_s,2035,267000,13350,.
LL_089_s,2040,267000,13350,.
LL_090_w,2025,537000,26850,.
LL_090_w,2030,537000,26850,.
LL_090_w,2035,537000,26850,.
LL_090_w,2040,537000,26850,.
LL_090_s,2025,267000,13350,.
LL_090_s,2030,267000,13350,.
LL_090_s,2035,267000,13350,.
LL_090_s,2040,267000,13350,.
LL_091_w,2025,537000,26850,.
LL_091_w,2030,537000,26850,.
LL_091_w,2035,537000,26850,.
LL_091_w,2040,537000,26850,.
LL_091_s,2025,267000,13350,.
LL_091_s,2030,267000,13350,.
LL_091_s,2035,267000,13350,.
LL_091_s,2040,267000,13350,.
LL_092_w,2025,537000,26850,.
LL_092_w,2030,537000,26850,.
LL_092_w,2035,537000,26850,.
LL_092_w,2040,537000,26850,.
LL_092_s,2025,267000,13350,.
LL_092_s,2030,267000,13350,.
LL_092_s,2035,267000,13350,.
LL_092_s,2040,267000,13350,.
LL_093_w,2025,537000,26850,.
LL_093_w,2030,537000,26850,.
LL_093_w,2035,537000,26850,.
LL_093_w,2040,537000,26850,.
LL_093_s,2025,267000,13350,.
LL_093_s,2030,267000,13350,.
LL_093_s,2035,267000,13350,.
LL_093_s,2040,267000,13350,.
LL_094_w,2025,537000,26850,.
LL_094_w,2030,537000,26850,.
LL_094_w,2035,537000,26850,.
LL_094_w,2040,537000,26850,.
LL_094_s,2025,267000,13350,.
LL_094_s,2030,267000,13350,.
LL_094_s,2035,267000,13350,.
LL_094_s,2040,267000,13350,.
LL_095_w,2025,537000,26850,.
LL_095_w,2030,537000,26850,.
LL_095_w,2035,537000,26850,.
LL_095_w,2040,537000,26850,.
LL_095_s,2025,267000,13350,.
LL_095_s,2030,267000,13350,.
LL_095_s,2035,267000,13350,.
LL_095_s,2040,267000,13350,.
LL_096_w,2025,537000,26850,.
LL_096_w,2030,537000,26850,.
LL_096_w,2035,537000,26850,.
LL_096_w,2040,537000,26850,.
LL_096_s,2025,267000,13350,.
LL_096_s,2030,267000,13350,.
LL_096_s,2035,267000,13350,.
LL_096_s,2040,267000,13350,.
LL_097_w,2025,537000,26850,.
LL_097_w,2030,537000,26850,.
LL_097_w,2035,537000,26850,.
LL_097_w,2040,537000,26850,.
LL_097_s,2025,267000,13350,.
LL_097_s,2030,267000,13350,.
LL_097_s,2035,267000,13350,.
LL_097_s,2040,267000,13350,.
LL_098_w,2025,537000,26850,.
LL_098_w,2030,537000,26850,.
LL_098_w,2035,537000,26850,.
LL_098_w,2040,537000,26850,.
LL_098_s,2025,267000,13350,.
LL_098_s,2030,267000,13350,.
LL_098_s,2035,267000,13350,.
LL_098_s,2040,267000,13350,.
LL_099_w,2025,537000,26850,.
LL_099_w,2030,537000,26850,.
LL_099_w,2035,537000,26850,.
LL_099_w,2040,537000,26850,.
LL_099_s,2025,267000,13350,.
LL_099_s,2030,267000,13350,.
LL_099_s,2035,267000,13350,.
LL_099_s,2040,267000,13350,.
LL_100_w,2025,537000,26850,.
LL_100_w,2030,537000,26850,.
LL_100_w,2035,537000,26850,.
LL_100_w,2040,537000,26850,.
LL_100_s,2025,267000,13350,.
LL_100_s,2030,267000,13350,.
LL_100_s,2035,267000,13350,.
LL_100_s,2040,267000,13350,.
LL_101_w,2025,537000,26850,.
LL_101_w,2030,537000,26850,.
LL_101_w,2035,537000,26850,.
LL_101_w,2040,537000,26850,.
LL_101_s,2025,267000,13350,.
LL_101_s,2030,267000,13350,.
LL_101_s,2035,267000,13350,.
LL_101_s,2040,267000,13350,.
LL_102_w,2025,537000,26850,.
LL_102_w,2030,537000,26850,.
LL_102_w,2035,537000,26850,.
LL_102_w,2040,537000,26850,.
LL_102_s,2025,267000,13350,.
LL_102_s,2030,267000,13350,.
LL_102_s,2035,267000,13350,.
LL_102_s,2040,267000,13350,.
LL_103_w,2025,537000,26850,.
LL_103_w,2030,537000,26850,.
LL_103_w,2035,537000,26850,.
LL_103_w,2040,537000,26850,.
LL_103_s,2025,267000,13350,.
LL_103_s,2030,267000,13350,.
LL_103_s,2035,267000,13350,.
LL_103_s,2040,267000,13350,.
LL_104_w,2025,537000,26850,.
LL_104_w,2030,537000,26850,.
LL_104_w,2035,537000,26850,.
LL_104_w,2040,537000,26850,.
LL_104_s,2025,267000,13350,.
LL_104_s,2030,267000,13350,.
LL_104_s,2035,267000,13350,.
LL_104_s,2040,267000,13350,.
LL_105_w,2025,537000,26850,.
LL_105_w,2030,537000,26850,.
LL_105_w,2035,537000,26850,.
LL_105_w,2040,537000,26850,.
LL_105_s,2025,267000,13350,.
LL_105_s,2030,267000,13350,.
LL_105_s,2035,267000,13350,.
LL_105_s,2040,267000,13350,.
LL_106_w,2025,537000,26850,.
LL_106_w,2030,537000,26850,.
LL_106_w,2035,537000,26850,.
LL_106_w,2040,537000,26850,.
LL_106_s,2025,267000,13350,.
LL_106_s,2030,267000,13350,.
LL_106_s,2035,267000,13350,.
LL_106_s,2040,267000,13350,.
LL_107_w,2025,537000,26850,.
LL_107_w,2030,537000,26850,.
LL_107_w,2035,537000,26850,.
LL_107_w,2040,537000,26850,.
LL_107_s,2025,267000,13350,.
LL_107_s,2030,267000,13350,.
LL_107_s,2035,267000,13350,.
LL_107_s,2040,267000,13350,.
LL_108_w,2025,537000,26850,.
LL_108_w,2030,537000,26850,.
LL_108_w,2035,537000,26850,.
LL_108_w,2040,537000,26850,.
LL_108_s,2025,267000,13350,.
LL_108_s,2030,267000,13350,.
LL_108_s,2035,267000,13350,.
LL_108_s,2040,267000,13350,.
LL_109_w,2025,537000,26850,.
LL_109_w,2030,537000,26850,.
LL_109_w,2035,537000,26850,.
LL_109_w,2040,537000,26850,.
LL_109_s,2025,267000,13350,.
LL_109_s,2030,267000,13350,.
LL_109_s,2035,267000,13350,.
LL_109_s,2040,267000,13350,.
LL_110_w,2025,537000,26850,.
LL_110_w,2030,537000,26850,.
LL_110_w,2035,537000,26850,.
LL_110_w,2040,537000,26850,.
LL_110_s,2025,267000,13350,.
LL_110_s,2030,267000,13350,.
LL_110_s,2035,267000,13350,.
LL_110_s,2040,267000,13350,.
LL_111_w,2025,537000,26850,.
LL_111_w,2030,537000,26850,.
LL_111_w,2035,537000,26850,.
LL_111_w,2040,537000,26850,.
LL_111_s,2025,267000,13350,.
LL_111_s,2030,267000,13350,.
LL_111_s,2035,267000,13350,.
LL_111_s,2040,267000,13350,.
LL_112_w,2025,537000,26850,.
LL_112_w,2030,537000,26850,.
LL_112_w,2035,537000,26850,.
LL_112_w,2040,537000,26850,.
LL_112_s,2025,267000,13350,.
LL_112_s,2030,267000,13350,.
LL_112_s,2035,267000,13350,.
LL_112_s,2040,267000,13350,.
LL_113_w,2025,537000,26850,.
LL_113_w,2030,537000,26850,.
LL_113_w,2035,537000,26850,.
LL_113_w,2040,537000,26850,.
LL_113_s,2025,267000,13350,.
LL_113_s,2030,267000,13350,.
LL_113_s,2035,267000,13350,.
LL_113_s,2040,267000,13350,.
LL_114_w,2025,537000,26850,.
LL_114_w,2030,537000,26850,.
LL_114_w,2035,537000,26850,.
LL_114_w,2040,537000,26850,.
LL_114_s,2025,267000,13350,.
LL_114_s,2030,267000,13350,.
LL_114_s,2035,267000,13350,.
LL_114_s,2040,267000,13350,.
LL_115_w,2025,537000,26850,.
LL_115_w,2030,537000,26850,.
LL_115_w,2035,537000,26850,.
LL_115_w,2040,537000,26850,.
LL_115_s,2025,267000,13350,.
LL_115_s,2030,267000,13350,.
LL_115_s,2035,267000,13350,.
LL_115_s,2040,267000,13350,.
LL_116_w,2025,537000,26850,.
LL_116_w,2030,537000,26850,.
LL_116_w,2035,537000,26850,.
LL_116_w,2040,537000,26850,.
LL_116_s,2025,267000,13350,.
LL_116_s,2030,267000,13350,.
LL_116_s,2035,267000,13350,.
LL_116_s,2040,267000,13350,.
LL_117_w,2025,537000,26850,.
LL_117_w,2030,537000,26850,.
LL_117_w,2035,537000,26850,.
LL_117_w,2040,537000,26850,.
LL_117_s,2025,267000,13350,.
LL_117_s,2030,267000,13350,.
LL_117_s,2035,267000,13350,.
LL_117_s,2040,267000,13350,.
LL_118_w,2025,537000,26850,.
LL_118_w,2030,537000,26850,.
LL_118_w,2035,537000,26850,.
LL_118_w,2040,537000,26850,.
LL_118_s,2025,267000,13350,.
LL_118_s,2030,267000,13350,.
LL_118_s,2035,267000,13350,.
LL_118_s,2040,267000,13350,.
LL_119_w,2025,537000,26850,.
LL_119_w,2030,537000,26850,.
LL_119_w,2035,537000,26850,.
LL_119_w,2040,537000,26850,.
LL_119_s,2025,267000,13350,.
LL_119_s,2030,267000,13350,.
LL_119_s,2035,267000,13350,.
LL_119_s,2040,267000,13350,.
LL_120_w,2025,537000,26850,.
LL_120_w,2030,537000,26850,.
LL_120_w,2035,537000,26850,.
LL_120_w,2040,537000,26850,.
LL_120_s,2025,267000,13350,.
LL_120_s,2030,267000,13350,.
LL_120_s,2035,267000,13350,.
LL_120_s,2040,267000,13350,.
LL_121_w,2025,537000,26850,.
LL_121_w,2030,537000,26850,.
LL_121_w,2035,537000,26850,.
LL_121_w,2040,537000,26850,.
LL_121_s,2025,267000,13350,.
LL_121_s,2030,267000,13350,.
LL_121_s,2035,267000,13350,.
LL_121_s,2040,267000,13350,.
LL_122_w,2025,537000,26850,.
LL_122_w,2030,537000,26850,.
LL_122_w,2035,537000,26850,.
LL_122_w,2040,537000,26850,.
LL_122_s,2025,267000,13350,.
LL_122_s,2030,267000,13350,.
LL_122_s,2035,267000,13350,.
LL_122_s,2040,267000,13350,.
LL_123_w,2025,537000,26850,.
LL_123_w,2030,537000,26850,.
LL_123_w,2035,537000,26850,.
LL_123_w,2040,537000,26850,.
LL_123_s,2025,267000,13350,.
LL_123_s,2030,267000,13350,.
LL_123_s,2035,267000,13350,.
LL_123_s,2040,267000,13350,.
LL_124_w,2025,537000,26850,.
LL_124_w,2030,537000,26850,.
LL_124_w,2035,537000,26850,.
LL_124_w,2040,537000,26850,.
LL_124_s,2025,267000,13350,.
LL_124_s,2030,267000,13350,.
LL_124_s,2035,267000,13350,.
LL_124_s,2040,267000,13350,.
LL_125_w,2025,537000,26850,.
LL_125_w,2030,537000,26850,.
LL_125_w,2035,537000,26850,.
LL_125_w,2040,537000,26850,.
LL_125_s,2025,267000,13350,.
LL_125_s,2030,267000,13350,.
LL_125_s,2035,267000,13350,.
LL_125_s,2040,267000,13350,.
LL_126_w,2025,537000,26850,.
LL_126_w,2030,537000,26850,.
LL_126_w,2035,537000,26850,.
LL_126_w,2040,537000,26850,.
LL_126_s,2025,267000,13350,.
LL_126_s,2030,267000,13350,.
LL_126_s,2035,267000,13350,.
LL_126_s,2040,267000,13350,.
LL_127_w,2025,537000,26850,.
LL_127_w,2030,537000,26850,.
LL_127_w,2035,537000,26850,.
LL_127_w,2040,537000,26850,.
LL_127_s,2025,267000,13350,.
LL_127_s,2030,267000,13350,.
LL_127_s,2035,267000,13350,.
LL_127_s,2040,267000,13350,.
LL_128_w,2025,537000,26850,.
LL_128_w,2030,537000,26850,.
LL_128_w,2035,537000,26850,.
LL_128_w,2040,537000,26850,.
LL_128_s,2025,267000,13350,.
LL_128_s,2030,267000,13350,.
LL_128_s,2035,267000,13350,.
LL_128_s,2040,267000,13350,.
LL_129_w,2025,537000,26850,.
LL_129_w,2030,537000,26850,.
LL_129_w,2035,537000,26850,.
LL_129_w,2040,537000,26850,.
LL_129_s,2025,267000,13350,.
LL_129_s,2030,267000,13350,.
LL_129_s,2035,267000,13350,.
LL_129_s,2040,267000,13350,.
LL_130_w,2025,537000,26850,.
LL_130_w,2030,537000,26850,.
LL_130_w,2035,537000,26850,.
LL_130_w,2040,537000,26850,.
LL_130_s,2025,267000,13350,.
LL_130_s,2030,267000,13350,.
LL_130_s,2035,267000,13350,.
LL_130_s,2040,267000,13350,.
LL_131_w,2025,537000,26850,.
LL_131_w,2030,537000,26850,.
LL_131_w,2035,537000,26850,.
LL_131_w,2040,537000,26850,.
LL_131_s,2025,267000,13350,.
LL_131_s,2030,267000,13350,.
LL_131_s,2035,267000,13350,.
LL_131_s,2040,267000,13350,.
LL_132_w,2025,537000,26850,.
LL_132_w,2030,537000,26850,.
LL_132_w,2035,537000,26850,.
LL_132_w,2040,537000,26850,.
LL_132_s,2025,267000,13350,.
LL_132_s,2030,267000,13350,.
LL_132_s,2035,267000,13350,.
LL_132_s,2040,267000,13350,.
LL_133_w,2025,537000,26850,.
LL_133_w,2030,537000,26850,.
LL_133_w,2035,537000,26850,.
LL_133_w,2040,537000,26850,.
LL_133_s,2025,267000,13350,.
LL_133_s,2030,267000,13350,.
LL_133_s,2035,267000,13350,.
LL_133_s,2040,267000,13350,.
LL_134_w,2025,537000,26850,.
LL_134_w,2030,537000,26850,.
LL_134_w,2035,537000,26850,.
LL_134_w,2040,537000,26850,.
LL_134_s,2025,267000,13350,.
LL_134_s,2030,267000,13350,.
LL_134_s,2035,267000,13350,.
LL_134_s,2040,267000,13350,.
LL_135_w,2025,537000,26850,.
LL_135_w,2030,537000,26850,.
LL_135_w,2035,537000,26850,.
LL_135_w,2040,537000,26850,.
LL_135_s,2025,267000,13350,.
LL_135_s,2030,267000,13350,.
LL_135_s,2035,267000,13350,.
LL_135_s,2040,267000,13350,.
LL_136_w,2025,537000,26850,.
LL_136_w,2030,537000,26850,.
LL_136_w,2035,537000,26850,.
LL_136_w,2040,537000,26850,.
LL_136_s,2025,267000,13350,.
LL_136_s,2030,267000,13350,.
LL_136_s,2035,267000,13350,.
LL_136_s,2040,267000,13350,.
LL_137_w,2025,537000,26850,.
LL_137_w,2030,537000,26850,.
LL_137_w,2035,537000,26850,.
LL_137_w,2040,537000,26850,.
LL_137_s,2025,267000,13350,.
LL_137_s,2030,267000,13350,.
LL_137_s,2035,267000,13350,.
LL_137_s,2040,267000,13350,.
LL_138_w,2025,537000,26850,.
LL_138_w,2030,537000,26850,.
LL_138_w,2035,537000,26850,.
LL_138_w,2040,537000,26850,.
LL_138_s,2025,267000,13350,.
LL_138_s,2030,267000,13350,.
LL_138_s,2035,267000,13350,.
LL_138_s,2040,267000,13350,.
LL_139_w,2025,537000,26850,.
LL_139_w,2030,537000,26850,.
LL_139_w,2035,537000,26850,.
LL_139_w,2040,537000,26850,.
LL_139_s,2025,267000,13350,.
LL_139_s,2030,267000,13350,.
LL_139_s,2035,267000,13350,.
LL_139_s,2040,267000,13350,.
LL_140_w,2025,537000,26850,.
LL_140_w,2030,537000,26850,.
LL_140_w,2035,537000,26850,.
LL_140_w,2040,537000,26850,.
LL_140_s,2025,267000,13350,.
LL_140_s,2030,267000,13350,.
LL_140_s,2035,267000,13350,.
LL_140_s,2040,267000,13350,.
LL_141_w,2025,537000,26850,.
LL_141_w,2030,537000,26850,.
LL_141_w,2035,537000,26850,.
LL_141_w,2040,537000,26850,.
LL_141_s,2025,267000,13350,.
LL_141_s,2030,267000,13350,.
LL_141_s,2035,267000,13350,.
LL_141_s,2040,267000,13350,.
LL_142_w,2025,537000,26850,.
LL_142_w,2030,537000,26850,.
LL_142_w,2035,537000,26850,.
LL_142_w,2040,537000,26850,.
LL_142_s,2025,267000,13350,.
LL_142_s,2030,267000,13350,.
LL_142_s,2035,267000,13350,.
LL_142_s,2040,267000,13350,.
LL_143_w,2025,537000,26850,.
LL_143_w,2030,537000,26850,.
LL_143_w,2035,537000,26850,.
LL_143_w,2040,537000,26850,.
LL_143_s,2025,267000,13350,.
LL_143_s,2030,267000,13350,.
LL_143_s,2035,267000,13350,.
LL_143_s,2040,267000,13350,.
LL_144_w,2025,537000,26850,.
LL_144_w,2030,537000,26850,.
LL_144_w,2035,537000,26850,.
LL_144_w,2040,537000,26850,.
LL_144_s,2025,267000,13350,.
LL_144_s,2030,267000,13350,.
LL_144_s,2035,267000,13350,.
LL_144_s,2040,267000,13350,.
LL_145_w,2025,537000,26850,.
LL_145_w,2030,537000,26850,.
LL_145_w,2035,537000,26850,.
LL_145_w,2040,537000,26850,.
LL_145_s,2025,267000,13350,.
LL_145_s,2030,267000,13350,.
LL_145_s,2035,267000,13350,.
LL_145_s,2040,267000,13350,.
LL_146_w,2025,537000,26850,.
LL_146_w,2030,537000,26850,.
LL_146_w,2035,537000,26850,.
LL_146_w,2040,537000,26850,.
LL_146_s,2025,267000,13350,.
LL_146_s,2030,267000,13350,.
LL_146_s,2035,267000,13350,.
LL_146_s,2040,267000,13350,.
LL_147_w,2025,537000,26850,.
LL_147_w,2030,537000,26850,.
LL_147_w,2035,537000,26850,.
LL_147_w,2040,537000,26850,.
LL_147_s,2025,267000,13350,.
LL_147_s,2030,267000,13350,.
LL_147_s,2035,267000,13350,.
LL_147_s,2040,267000,13350,.
LL_148_w,2025,537000,26850,.
LL_148_w,2030,537000,26850,.
LL_148_w,2035,537000,26850,.
LL_148_w,2040,537000,26850,.
LL_148_s,2025,267000,13350,.
LL_148_s,2030,267000,13350,.
LL_148_s,2035,267000,13350,.
LL_148_s,2040,267000,13350,.
LL_149_w,2025,537000,26850,.
LL_149_w,2030,537000,26850,.
LL_149_w,2035,537000,26850,.
LL_149_w,2040,537000,26850,.
LL_149_s,2025,267000,13350,.
LL_149_s,2030,267000,13350,.
LL_149_s,2035,267000,13350,.
LL_149_s,2040,267000,13350,.
LL_150_w,2025,537000,26850,.
LL_150_w,2030,537000,26850,.
LL_150_w,2035,537000,26850,.
LL_150_w,2040,537000,26850,.
LL_150_s,2025,267000,13350,.
LL_150_s,2030,267000,13350,.
LL_150_s,2035,267000,13350,.
LL_150_s,2040,267000,13350,.
LL_151_w,2025,537000,26850,.
LL_151_w,2030,537000,26850,.
LL_151_w,2035,537000,26850,.
LL_151_w,2040,537000,26850,.
LL_151_s,2025,267000,13350,.
LL_151_s,2030,267000,13350,.
LL_151_s,2035,267000,13350,.
LL_151_s,2040,267000,13350,.
LL_152_w,2025,537000,26850,.
LL_152_w,2030,537000,26850,.
LL_152_w,2035,537000,26850,.
LL_152_w,2040,537000,26850,.
LL_152_s,2025,267000,13350,.
LL_152_s,2030,267000,13350,.
LL_152_s,2035,267000,13350,.
LL_152_s,2040,267000,13350,.
LL_153_w,2025,537000,26850,.
LL_153_w,2030,537000,26850,.
LL_153_w,2035,537000,26850,.
LL_153_w,2040,537000,26850,.
LL_153_s,2025,267000,13350,.
LL_153_s,2030,267000,13350,.
LL_153_s,2035,267000,13350,.
LL_153_s,2040,267000,13350,.
LL_154_w,2025,537000,26850,.
LL_154_w,2030,537000,26850,.
LL_154_w,2035,537000,26850,.
LL_154_w,2040,537000,26850,.
LL_154_s,2025,267000,13350,.
LL_154_s,2030,267000,13350,.
LL_154_s,2035,267000,13350,.
LL_154_s,2040,267000,13350,.
LL_155_w,2025,537000,26850,.
LL_155_w,2030,537000,26850,.
LL_155_w,2035,537000,26850,.
LL_155_w,2040,537000,26850,.
LL_155_s,2025,267000,13350,.
LL_155_s,2030,267000,13350,.
LL_155_s,2035,267000,13350,.
LL_155_s,2040,267000,13350,.
LL_156_w,2025,537000,26850,.
LL_156_w,2030,537000,26850,.
LL_156_w,2035,537000,26850,.
LL_156_w,2040,537000,26850,.
LL_156_s,2025,267000,13350,.
LL_156_s,2030,267000,13350,.
LL_156_s,2035,267000,13350,.
LL_156_s,2040,267000,13350,.
LL_157_w,2025,537000,26850,.
LL_157_w,2030,537000,26850,.
LL_157_w,2035,537000,26850,.
LL_157_w,2040,537000,26850,.
LL_157_s,2025,267000,13350,.
LL_157_s,2030,267000,13350,.
LL_157_s,2035,267000,13350,.
LL_157_s,2040,267000,13350,.
LL_158_w,2025,537000,26850,.
LL_158_w,2030,537000,26850,.
LL_158_w,2035,537000,26850,.
LL_158_w,2040,537000,26850,.
LL_158_s,2025,267000,13350,.
LL_158_s,2030,267000,13350,.
LL_158_s,2035,267000,13350,.
LL_158_s,2040,267000,13350,.
LL_159_w,2025,537000,26850,.
LL_159_w,2030,537000,26850,.
LL_159_w,2035,537000,26850,.
LL_159_w,2040,537000,26850,.
LL_159_s,2025,267000,13350,.
LL_159_s,2030,267000,13350,.
LL_159_s,2035,267000,13350,.
LL_159_s,2040,267000,13350,.
LL_160_w,2025,537000,26850,.
LL_160_w,2030,537000,26850,.
LL_160_w,2035,537000,26850,.
LL_160_w,2040,537000,26850,.
LL_160_s,2025,267000,13350,.
LL_160_s,2030,267000,13350,.
LL_160_s,2035,267000,13350,.
LL_160_s,2040,267000,13350,.
LL_161_w,2025,537000,26850,.
LL_161_w,2030,537000,26850,.
LL_161_w,2035,537000,26850,.
LL_161_w,2040,537000,26850,.
LL_161_s,2025,267000,13350,.
LL_161_s,2030,267000,13350,.
LL_161_s,2035,267000,13350,.
LL_161_s,2040,267000,13350,.
LL_162_w,2025,537000,26850,.
LL_162_w,2030,537000,26850,.
LL_162_w,2035,537000,26850,.
LL_162_w,2040,537000,26850,.
LL_162_s,2025,267000,13350,.
LL_162_s,2030,267000,13350,.
LL_162_s,2035,267000,13350,.
LL_162_s,2040,267000,13350,.
LL_163_w,2025,537000,26850,.
LL_163_w,2030,537000,26850,.
LL_163_w,2035,537000,26850,.
LL_163_w,2040,537000,26850,.
LL_163_s,2025,267000,13350,.
LL_163_s,2030,267000,13350,.
LL_163_s,2035,267000,13350,.
LL_163_s,2040,267000,13350,.
LL_164_w,2025,537000,26850,.
LL_164_w,2030,537000,26850,.
LL_164_w,2035,537000,26850,.
LL_164_w,2040,537000,26850,.
LL_164_s,2025,267000,13350,.
LL_164_s,2030,267000,13350,.
LL_164_s,2035,267000,13350,.
LL_164_s,2040,267000,13350,.
LL_165_w,2025,537000,26850,.
LL_165_w,2030,537000,26850,.
LL_165_w,2035,537000,26850,.
LL_165_w,2040,537000,26850,.
LL_165_s,2025,267000,13350,.
LL_165_s,2030,267000,13350,.
LL_165_s,2035,267000,13350,.
LL_165_s,2040,267000,13350,.
LL_166_w,2025,537000,26850,.
LL_166_w,2030,537000,26850,.
LL_166_w,2035,537000,26850,.
LL_166_w,2040,537000,26850,.
LL_166_s,2025,267000,13350,.
LL_166_s,2030,267000,13350,.
LL_166_s,2035,267000,13350,.
LL_166_s,2040,267000,13350,.
LL_167_w,2025,537000,26850,.
LL_167_w,2030,537000,26850,.
LL_167_w,2035,537000,26850,.
LL_167_w,2040,537000,26850,.
LL_167_s,2025,267000,13350,.
LL_167_s,2030,267000,13350,.
LL_167_s,2035,267000,13350,.
LL_167_s,2040,267000,13350,.
LL_168_w,2025,537000,26850,.
LL_168_w,2030,537000,26850,.
LL_168_w,2035,537000,26850,.
LL_168_w,2040,537000,26850,.
LL_168_s,2025,267000,13350,.
LL_168_s,2030,267000,13350,.
LL_168_s,2035,267000,13350,.
LL_168_s,2040,267000,13350,.
LL_169_w,2025,537000,26850,.
LL_169_w,2030,537000,26850,.
LL_169_w,2035,537000,26850,.
LL_169_w,2040,537000,26850,.
LL_169_s,2025,267000,13350,.
LL_169_s,2030,267000,13350,.
LL_169_s,2035,267000,13350,.
LL_169_s,2040,267000,13350,.
LL_170_w,2025,537000,26850,.
LL_170_w,2030,537000,26850,.
LL_170_w,2035,537000,26850,.
LL_170_w,2040,537000,26850,.
LL_170_s,2025,267000,13350,.
LL_170_s,2030,267000,13350,.
LL_170_s,2035,267000,13350,.
LL_170_s,2040,267000,13350,.
LL_171_w,2025,537000,26850,.
LL_171_w,2030,537000,26850,.
LL_171_w,2035,537000,26850,.
LL_171_w,2040,537000,26850,.
LL_171_s,2025,267000,13350,.
LL_171_s,2030,267000,13350,.
LL_171_s,2035,267000,13350,.
LL_171_s,2040,267000,13350,.
LL_172_w,2025,537000,26850,.
LL_172_w,2030,537000,26850,.
LL_172_w,2035,537000,26850,.
LL_172_w,2040,537000,26850,.
LL_172_s,2025,267000,13350,.
LL_172_s,2030,267000,13350,.
LL_172_s,2035,267000,13350,.
LL_172_s,2040,267000,13350,.
LL_173_w,2025,537000,26850,.
LL_173_w,2030,537000,26850,.
LL_173_w,2035,537000,26850,.
LL_173_w,2040,537000,26850,.
LL_173_s,2025,267000,13350,.
LL_173_s,2030,267000,13350,.
LL_173_s,2035,267000,13350,.
LL_173_s,2040,267000,13350,.
LL_174_w,2025,537000,26850,.
LL_174_w,2030,537000,26850,.
LL_174_w,2035,537000,26850,.
LL_174_w,2040,537000,26850,.
LL_174_s,2025,267000,13350,.
LL_174_s,2030,267000,13350,.
LL_174_s,2035,267000,13350,.
LL_174_s,2040,267000,13350,.
LL_175_w,2025,537000,26850,.
LL_175_w,2030,537000,26850,.
LL_175_w,2035,537000,26850,.
LL_175_w,2040,537000,26850,.
LL_175_s,2025,267000,13350,.
LL_175_s,2030,267000,13350,.
LL_175_s,2035,267000,13350,.
LL_175_s,2040,267000,13350,.
LL_176_w,2025,537000,26850,.
LL_176_w,2030,537000,26850,.
LL_176_w,2035,537000,26850,.
LL_176_w,2040,537000,26850,.
LL_176_s,2025,267000,13350,.
LL_176_s,2030,267000,13350,.
LL_176_s,2035,267000,13350,.
LL_176_s,2040,267000,13350,.
LL_177_w,2025,537000,26850,.
LL_177_w,2030,537000,26850,.
LL_177_w,2035,537000,26850,.
LL_177_w,2040,537000,26850,.
LL_177_s,2025,267000,13350,.
LL_177_s,2030,267000,13350,.
LL_177_s,2035,267000,13350,.
LL_177_s,2040,267000,13350,.
LL_178_w,2025,537000,26850,.
LL_178_w,2030,537000,26850,.
LL_178_w,2035,537000,26850,.
LL_178_w,2040,537000,26850,.
LL_178_s,2025,267000,13350,.
LL_178_s,2030,267000,13350,.
LL_178_s,2035,267000,13350,.
LL_178_s,2040,267000,13350,.
LL_179_w,2025,537000,26850,.
LL_179_w,2030,537000,26850,.
LL_179_w,2035,537000,26850,.
LL_179_w,2040,537000,26850,.
LL_179_s,2025,267000,13350,.
LL_179_s,2030,267000,13350,.
LL_179_s,2035,267000,13350,.
LL_179_s,2040,267000,13350,.
LL_180_w,2025,537000,26850,.
LL_180_w,2030,537000,26850,.
LL_180_w,2035,537000,26850,.
LL_180_w,2040,537000,26850,.
LL_180_s,2025,267000,13350,.
LL_180_s,2030,267000,13350,.
LL_180_s,2035,267000,13350,.
LL_180_s,2040,267000,13350,.
LL_181_w,2025,537000,26850,.
LL_181_w,2030,537000,26850,.
LL_181_w,2035,537000,26850,.
LL_181_w,2040,537000,26850,.
LL_181_s,2025,267000,13350,.
LL_181_s,2030,267000,13350,.
LL_181_s,2035,267000,13350,.
LL_181_s,2040,267000,13350,.
LL_182_w,2025,537000,26850,.
LL_182_w,2030,537000,26850,.
LL_182_w,2035,537000,26850,.
LL_182_w,2040,537000,26850,.
LL_182_s,2025,267000,13350,.
LL_182_s,2030,267000,13350,.
LL_182_s,2035,267000,13350,.
LL_182_s,2040,267000,13350,.
LL_183_w,2025,537000,26850,.
LL_183_w,2030,537000,26850,.
LL_183_w,2035,537000,26850,.
LL_183_w,2040,537000,26850,.
LL_183_s,2025,267000,13350,.
LL_183_s,2030,267000,13350,.
LL_183_s,2035,267000,13350,.
LL_183_s,2040,267000,13350,.
LL_184_w,2025,537000,26850,.
LL_184_w,2030,537000,26850,.
LL_184_w,2035,537000,26850,.
LL_184_w,2040,537000,26850,.
LL_184_s,2025,267000,13350,.
LL_184_s,2030,267000,13350,.
LL_184_s,2035,267000,13350,.
LL_184_s,2040,267000,13350,.
LL_185_w,2025,537000,26850,.
LL_185_w,2030,537000,26850,.
LL_185_w,2035,537000,26850,.
LL_185_w,2040,537000,26850,.
LL_185_s,2025,267000,13350,.
LL_185_s,2030,267000,13350,.
LL_185_s,2035,267000,13350,.
LL_185_s,2040,267000,13350,.
LL_186_w,2025,537000,26850,.
LL_186_w,2030,537000,26850,.
LL_186_w,2035,537000,26850,.
LL_186_w,2040,537000,26850,.
LL_186_s,2025,267000,13350,.
LL_186_s,2030,267000,13350,.
LL_186_s,2035,267000,13350,.
LL_186_s,2040,267000,13350,.
LL_187_w,2025,537000,26850,.
LL_187_w,2030,537000,26850,.
LL_187_w,2035,537000,26850,.
LL_187_w,2040,537000,26850,.
LL_187_s,2025,267000,13350,.
LL_187_s,2030,267000,13350,.
LL_187_s,2035,267000,13350,.
LL_187_s,2040,267000,13350,.
LL_188_w,2025,537000,26850,.
LL_188_w,2030,537000,26850,.
LL_188_w,2035,537000,26850,.
LL_188_w,2040,537000,26850,.
LL_188_s,2025,267000,13350,.
LL_188_s,2030,267000,13350,.
LL_188_s,2035,267000,13350,.
LL_188_s,2040,267000,13350,.
LL_189_w,2025,537000,26850,.
LL_189_w,2030,537000,26850,.
LL_189_w,2035,537000,26850,.
LL_189_w,2040,537000,26850,.
LL_189_s,2025,267000,13350,.
LL_189_s,2030,267000,13350,.
LL_189_s,2035,267000,13350,.
LL_189_s,2040,267000,13350,.
LL_190_w,2025,537000,26850,.
LL_190_w,2030,537000,26850,.
LL_190_w,2035,537000,26850,.
LL_190_w,2040,537000,26850,.
LL_190_s,2025,267000,13350,.
LL_190_s,2030,267000,13350,.
LL_190_s,2035,267000,13350,.
LL_190_s,2040,267000,13350,.
LL_191_w,2025,537000,26850,.
LL_191_w,2030,537000,26850,.
LL_191_w,2035,537000,26850,.
LL_191_w,2040,537000,26850,.
LL_191_s,2025,267000,13350,.
LL_191_s,2030,267000,13350,.
LL_191_s,2035,267000,13350,.
LL_191_s,2040,267000,13350,.
LL_192_w,2025,537000,26850,.
LL_192_w,2030,537000,26850,.
LL_192_w,2035,537000,26850,.
LL_192_w,2040,537000,26850,.
LL_192_s,2025,267000,13350,.
LL_192_s,2030,267000,13350,.
LL_192_s,2035,267000,13350,.
LL_192_s,2040,267000,13350,.
LL_193_w,2025,537000,26850,.
LL_193_w,2030,537000,26850,.
LL_193_w,2035,537000,26850,.
LL_193_w,2040,537000,26850,.
LL_193_s,2025,267000,13350,.
LL_193_s,2030,267000,13350,.
LL_193_s,2035,267000,13350,.
LL_193_s,2040,267000,13350,.
LL_194_w,2025,537000,26850,.
LL_194_w,2030,537000,26850,.
LL_194_w,2035,537000,26850,.
LL_194_w,2040,537000,26850,.
LL_194_s,2025,267000,13350,.
LL_194_s,2030,267000,13350,.
LL_194_s,2035,267000,13350,.
LL_194_s,2040,267000,13350,.
LL_195_w,2025,537000,26850,.
LL_195_w,2030,537000,26850,.
LL_195_w,2035,537000,26850,.
LL_195_w,2040,537000,26850,.
LL_195_s,2025,267000,13350,.
LL_195_s,2030,267000,13350,.
LL_195_s,2035,267000,13350,.
LL_195_s,2040,267000,13350,.
LL_196_w,2025,537000,26850,.
LL_196_w,2030,537000,26850,.
LL_196_w,2035,537000,26850,.
LL_196_w,2040,537000,26850,.
LL_196_s,2025,267000,13350,.
LL_196_s,2030,267000,13350,.
LL_196_s,2035,267000,13350,.
LL_196_s,2040,267000,13350,.
LL_197_w,2025,537000,26850,.
LL_197_w,2030,537000,26850,.
LL_197_w,2035,537000,26850,.
LL_197_w,2040,537000,26850,.
LL_197_s,2025,267000,13350,.
LL_197_s,2030,267000,13350,.
LL_197_s,2035,267000,13350,.
LL_197_s,2040,267000,13350,.
LL_198_w,2025,537000,26850,.
LL_198_w,2030,537000,26850,.
LL_198_w,2035,537000,26850,.
LL_198_w,2040,537000,26850,.
LL_198_s,2025,267000,13350,.
LL_198_s,2030,267000,13350,.
LL_198_s,2035,267000,13350,.
LL_198_s,2040,267000,13350,.
LL_199_w,2025,537000,26850,.
LL_199_w,2030,537000,26850,.
LL_199_w,2035,537000,26850,.
LL_199_w,2040,537000,26850,.
LL_199_s,2025,267000,13350,.
LL_199_s,2030,267000,13350,.
LL_199_s,2035,267000,13350,.
LL_199_s,2040,267000,13350,.
LL_200_w,2025,537000,26850,.
LL_200_w,2030,537000,26850,.
LL_200_w,2035,537000,26850,.
LL_200_w,2040,537000,26850,.
LL_200_s,2025,267000,13350,.
LL_200_s,2030,267000,13350,.
LL_200_s,2035,267000,13350,.
LL_200_s,2040,267000,13350,.
LL_201_w,2025,537000,26850,.
LL_201_w,2030,537000,26850,.
LL_201_w,2035,537000,26850,.
LL_201_w,2040,537000,26850,.
LL_201_s,2025,267000,13350,.
LL_201_s,2030,267000,13350,.
LL_201_s,2035,267000,13350,.
LL_201_s,2040,267000,13350,.
LL_202_w,2025,537000,26850,.
LL_202_w,2030,537000,26850,.
LL_202_w,2035,537000,26850,.
LL_202_w,2040,537000,26850,.
LL_202_s,2025,267000,13350,.
LL_202_s,2030,267000,13350,.
LL_202_s,2035,267000,13350,.
LL_202_s,2040,267000,13350,.
LL_203_w,2025,537000,26850,.
LL_203_w,2030,537000,26850,.
LL_203_w,2035,537000,26850,.
LL_203_w,2040,537000,26850,.
LL_203_s,2025,267000,13350,.
LL_203_s,2030,267000,13350,.
LL_203_s,2035,267000,13350,.
LL_203_s,2040,267000,13350,.
LL_204_w,2025,537000,26850,.
LL_204_w,2030,537000,26850,.
LL_204_w,2035,537000,26850,.
LL_204_w,2040,537000,26850,.
LL_204_s,2025,267000,13350,.
LL_204_s,2030,267000,13350,.
LL_204_s,2035,267000,13350,.
LL_204_s,2040,267000,13350,.
LL_205_w,2025,537000,26850,.
LL_205_w,2030,537000,26850,.
LL_205_w,2035,537000,26850,.
LL_205_w,2040,537000,26850,.
LL_205_s,2025,267000,13350,.
LL_205_s,2030,267000,13350,.
LL_205_s,2035,267000,13350,.
LL_205_s,2040,267000,13350,.
LL_206_w,2025,537000,26850,.
LL_206_w,2030,537000,26850,.
LL_206_w,2035,537000,26850,.
LL_206_w,2040,537000,26850,.
LL_206_s,2025,267000,13350,.
LL_206_s,2030,267000,13350,.
LL_206_s,2035,267000,13350,.
LL_206_s,2040,267000,13350,.
LL_207_w,2025,537000,26850,.
LL_207_w,2030,537000,26850,.
LL_207_w,2035,537000,26850,.
LL_207_w,2040,537000,26850,.
LL_207_s,2025,267000,13350,.
LL_207_s,2030,267000,13350,.
LL_207_s,2035,267000,13350,.
LL_207_s,2040,267000,13350,.
LL_208_w,2025,537000,26850,.
LL_208_w,2030,537000,26850,.
LL_208_w,2035,537000,26850,.
LL_208_w,2040,537000,26850,.
LL_208_s,2025,267000,13350,.
LL_208_s,2030,267000,13350,.
LL_208_s,2035,267000,13350,.
LL_208_s,2040,267000,13350,.
LL_209_w,2025,537000,26850,.
LL_209_w,2030,537000,26850,.
LL_209_w,2035,537000,26850,.
LL_209_w,2040,537000,26850,.
LL_209_s,2025,267000,13350,.
LL_209_s,2030,267000,13350,.
LL_209_s,2035,267000,13350,.
LL_209_s,2040,267000,13350,.
LL_210_w,2025,537000,26850,.
LL_210_w,2030,537000,26850,.
LL_210_w,2035,537000,26850,.
LL_210_w,2040,537000,26850,.
LL_210_s,2025,267000,13350,.
LL_210_s,2030,267000,13350,.
LL_210_s,2035,267000,13350,.
LL_210_s,2040,267000,13350,.
LL_211_w,2025,537000,26850,.
LL_211_w,2030,537000,26850,.
LL_211_w,2035,537000,26850,.
LL_211_w,2040,537000,26850,.
LL_211_s,2025,267000,13350,.
LL_211_s,2030,267000,13350,.
LL_211_s,2035,267000,13350,.
LL_211_s,2040,267000,13350,.
LL_212_w,2025,537000,26850,.
LL_212_w,2030,537000,26850,.
LL_212_w,2035,537000,26850,.
LL_212_w,2040,537000,26850,.
LL_212_s,2025,267000,13350,.
LL_212_s,2030,267000,13350,.
LL_212_s,2035,267000,13350,.
LL_212_s,2040,267000,13350,.
LL_213_w,2025,537000,26850,.
LL_213_w,2030,537000,26850,.
LL_213_w,2035,537000,26850,.
LL_213_w,2040,537000,26850,.
LL_213_s,2025,267000,13350,.
LL_213_s,2030,267000,13350,.
LL_213_s,2035,267000,13350,.
LL_213_s,2040,267000,13350,.
LL_214_w,2025,537000,26850,.
LL_214_w,2030,537000,26850,.
LL_214_w,2035,537000,26850,.
LL_214_w,2040,537000,26850,.
LL_214_s,2025,267000,13350,.
LL_214_s,2030,267000,13350,.
LL_214_s,2035,267000,13350,.
LL_214_s,2040,267000,13350,.
LL_215_w,2025,537000,26850,.
LL_215_w,2030,537000,26850,.
LL_215_w,2035,537000,26850,.
LL_215_w,2040,537000,26850,.
LL_215_s,2025,267000,13350,.
LL_215_s,2030,267000,13350,.
LL_215_s,2035,267000,13350,.
LL_215_s,2040,267000,13350,.
LL_216_w,2025,537000,26850,.
LL_216_w,2030,537000,26850,.
LL_216_w,2035,537000,26850,.
LL_216_w,2040,537000,26850,.
LL_216_s,2025,267000,13350,.
LL_216_s,2030,267000,13350,.
LL_216_s,2035,267000,13350,.
LL_216_s,2040,267000,13350,.
LL_217_w,2025,537000,26850,.
LL_217_w,2030,537000,26850,.
LL_217_w,2035,537000,26850,.
LL_217_w,2040,537000,26850,.
LL_217_s,2025,267000,13350,.
LL_217_s,2030,267000,13350,.
LL_217_s,2035,267000,13350,.
LL_217_s,2040,267000,13350,.
LL_218_w,2025,537000,26850,.
LL_218_w,2030,537000,26850,.
LL_218_w,2035,537000,26850,.
LL_218_w,2040,537000,26850,.
LL_218_s,2025,267000,13350,.
LL_218_s,2030,267000,13350,.
LL_218_s,2035,267000,13350,.
LL_218_s,2040,267000,13350,.
LL_219_w,2025,537000,26850,.
LL_219_w,2030,537000,26850,.
LL_219_w,2035,537000,26850,.
LL_219_w,2040,537000,26850,.
LL_219_s,2025,267000,13350,.
LL_219_s,2030,267000,13350,.
LL_219_s,2035,267000,13350,.
LL_219_s,2040,267000,13350,.
LL_220_w,2025,537000,26850,.
LL_220_w,2030,537000,26850,.
LL_220_w,2035,537000,26850,.
LL_220_w,2040,537000,26850,.
LL_220_s,2025,267000,13350,.
LL_220_s,2030,267000,13350,.
LL_220_s,2035,267000,13350,.
LL_220_s,2040,267000,13350,.
LL_221_w,2025,537000,26850,.
LL_221_w,2030,537000,26850,.
LL_221_w,2035,537000,26850,.
LL_221_w,2040,537000,26850,.
LL_221_s,2025,267000,13350,.
LL_221_s,2030,267000,13350,.
LL_221_s,2035,267000,13350,.
LL_221_s,2040,267000,13350,.
LL_222_w,2025,537000,26850,.
LL_222_w,2030,537000,26850,.
LL_222_w,2035,537000,26850,.
LL_222_w,2040,537000,26850,.
LL_222_s,2025,267000,13350,.
LL_222_s,2030,267000,13350,.
LL_222_s,2035,267000,13350,.
LL_222_s,2040,267000,13350,.
LL_020_w,2019,537000,26850,.
LL_040_w,2019,537000,26850,.
LL_060_w,2019,537000,26850,.
LL_080_w,2019,537000,26850,.
LL_100_w,2019,537000,26850,.
LL_120_w,2019,537000,26850,.
LL_140_w,2019,537000,26850,.
LL_160_w,2019,537000,26850,.
LL_180_w,2019,537000,26850,.
LL_200_w,2019,537000,26850,.
LL_220_w,2019,537000,26850,.
LL_020_s,2019,267000,13350,.
LL_040_s,2019,267000,13350,.
LL_060_s,2019,267000,13350,.
LL_080_s,2019,267000,13350,.
LL_100_s,2019,267000,13350,.
LL_120_s,2019,267000,13350,.
LL_140_s,2019,267000,13350,.
LL_160_s,2019,267000,13350,.
LL_180_s,2019,267000,13350,.
LL_200_s,2019,267000,13350,.
LL_220_s,2019,267000,13350,.
