GENERATION_PROJECT,build_year,build_gen_predetermined
G109041,2015,300
G109042,2015,300
G106470,2019,350
G106471,2019,350
G106348,2012,300
G106349,2014,300
G106344,1995,100
G106345,1996,100
G106346,2008,600
G106347,2008,600
G114088,2007,135
G114089,2007,135
G114090,2007,135
G112778,2007,50
G112779,2007,50
G111092,2021,350
G111093,2021,350
outside_coal,2015,0
LL_020_w,2019,127.6580465
LL_040_w,2019,17.15994669
LL_060_w,2019,238.6823722
LL_080_w,2019,39.33305145
LL_100_w,2019,265.684923
LL_120_w,2019,62.60842823
LL_140_w,2019,62.85752925
LL_160_w,2019,116.560596
LL_180_w,2019,108.7543927
LL_200_w,2019,28.31344496
LL_220_w,2019,11.66726914
LL_020_s,2019,162.5696891
LL_040_s,2019,0.092629635
LL_060_s,2019,291.221961
LL_080_s,2019,53.800041
LL_100_s,2019,160.2305569
LL_120_s,2019,0.092871903
LL_140_s,2019,39.18046463
LL_160_s,2019,77.19136315
LL_180_s,2019,16.95870857
LL_200_s,2019,71.92831568
LL_220_s,2019,0.093607059
coal_add,2022,1158.736
