GENERATION_PROJECT,gen_tech,gen_load_zone,gen_connect_cost_per_mw,gen_capacity_limit_mw,gen_full_load_heat_rate,gen_variable_om,gen_max_age,gen_min_build_capacity,gen_scheduled_outage_rate,gen_forced_outage_rate,gen_is_variable,gen_is_baseload,gen_is_cogen,gen_energy_source,gen_unit_size,gen_ccs_capture_efficiency,gen_ccs_energy_load,gen_storage_efficiency,gen_store_to_release_ratio,gen_can_retire_early,gen_can_suspend
G109041,coal1,inside_lvliang,3000,300,9.258,0.457,33,0,0.08,0.12,0,1,0,Coal,.,.,.,.,.,1,1
G109042,coal2,inside_lvliang,3000,300,9.258,0.457,33,0,0.08,0.12,0,1,0,Coal,.,.,.,.,.,1,1
G106470,coal3,inside_lvliang,3000,350,9.258,0.457,37,0,0.08,0.12,0,1,0,Coal,.,.,.,.,.,1,1
G106471,coal4,inside_lvliang,3000,350,9.258,0.457,37,0,0.08,0.12,0,1,0,Coal,.,.,.,.,.,1,1
G106348,coal5,inside_lvliang,3000,300,10.438,0.457,30,0,0.08,0.12,0,1,0,Coal,.,.,.,.,.,1,1
G106349,coal6,inside_lvliang,3000,300,9.579,0.457,32,0,0.08,0.12,0,1,0,Coal,.,.,.,.,.,1,1
G106344,coal7,inside_lvliang,3000,100,12.184,0.457,13,0,0.08,0.12,0,1,0,Coal,.,.,.,.,.,1,1
G106345,coal8,inside_lvliang,3000,100,12.184,0.457,14,0,0.08,0.12,0,1,0,Coal,.,.,.,.,.,1,1
G106346,coal9,inside_lvliang,3000,600,9.579,0.457,26,0,0.08,0.12,0,1,0,Coal,.,.,.,.,.,1,1
G106347,coal10,inside_lvliang,3000,600,9.579,0.457,26,0,0.08,0.12,0,1,0,Coal,.,.,.,.,.,1,1
G114088,coal11,inside_lvliang,3000,135,11.315,0.457,25,0,0.08,0.12,0,1,0,Coal,.,.,.,.,.,1,1
G114089,coal12,inside_lvliang,3000,135,12.315,0.457,25,0,0.08,0.12,0,1,0,Coal,.,.,.,.,.,1,1
G114090,coal13,inside_lvliang,3000,135,13.315,0.457,25,0,0.08,0.12,0,1,0,Coal,.,.,.,.,.,1,1
G112778,coal14,inside_lvliang,3000,50,14.315,0.457,25,0,0.08,0.12,0,1,0,Coal,.,.,.,.,.,1,1
G112779,coal15,inside_lvliang,3000,50,15.315,0.457,25,0,0.08,0.12,0,1,0,Coal,.,.,.,.,.,1,1
G111092,coal16,inside_lvliang,3000,350,9.258,0.457,39,0,0.08,0.12,0,1,0,Coal,.,.,.,.,.,1,1
G111093,coal17,inside_lvliang,3000,350,9.258,0.457,39,0,0.08,0.12,0,1,0,Coal,.,.,.,.,.,1,1
outside_coal,outside,outside_lvliang,3000,.,9.258,4.57,41,0,0.08,0.12,0,1,0,Coal,.,.,.,.,.,1,1
H2,hydrogen,inside_lvliang,396.88,.,9.258,0.457,41,0,0.08,0.12,0,1,0,Hydrogen,.,.,.,.,.,1,1
G109041_H2,hydrogen1,inside_lvliang,3000,300,9.258,0.457,41,0,0.08,0.12,0,1,0,Hydrogen,.,.,.,.,.,1,1
G109042_H2,hydrogen2,inside_lvliang,3000,300,9.258,0.457,41,0,0.08,0.12,0,1,0,Hydrogen,.,.,.,.,.,1,1
G106470_H2,hydrogen3,inside_lvliang,3000,350,9.258,0.457,41,0,0.08,0.12,0,1,0,Hydrogen,.,.,.,.,.,1,1
outside_coal_H2,hydrogen_outside,outside_lvliang,3000,100,9.258,4.57,41,0,0.08,0.12,0,1,0,Hydrogen,.,.,.,.,.,1,1
coal_add,coal_add,inside_lvliang,3000,3361.3,9.258,4.57,41,0,0.08,0.12,0,1,0,Coal,.,.,.,.,.,1,1
Shanxi-Battery_Storage-11185,storage,inside_lvliang,3000,5000,.,0,15,0,0.0055,0.02,0,0,0,Storage,.,.,.,0.767,1,1,1
LL_001_w,wind1,inside_lvliang,2500,369.5845,.,0,20,0,0.05,0.006,1,0,0,Wind,.,.,.,.,.,1,1
LL_001_s,PV1,inside_lvliang,2500,898.4827,.,0,20,0,0,0.02,1,0,0,Solar,.,.,.,.,.,1,1
LL_002_w,wind2,inside_lvliang,2500,399.14,.,0,20,0,0.05,0.006,1,0,0,Wind,.,.,.,.,.,1,1
LL_002_s,PV2,inside_lvliang,2500,1101.1195,.,0,20,0,0,0.02,1,0,0,Solar,.,.,.,.,.,1,1
LL_003_w,wind3,inside_lvliang,2500,398.884,.,0,20,0,0.05,0.006,1,0,0,Wind,.,.,.,.,.,1,1
LL_003_s,PV3,inside_lvliang,2500,1344.2614,.,0,20,0,0,0.02,1,0,0,Solar,.,.,.,.,.,1,1
LL_004_w,wind4,inside_lvliang,2500,387.9135,.,0,20,0,0.05,0.006,1,0,0,Wind,.,.,.,.,.,1,1
LL_004_s,PV4,inside_lvliang,2500,1319.2081,.,0,20,0,0,0.02,1,0,0,Solar,.,.,.,.,.,1,1
LL_005_w,wind5,inside_lvliang,2500,361.079,.,0,20,0,0.05,0.006,1,0,0,Wind,.,.,.,.,.,1,1
LL_005_s,PV5,inside_lvliang,2500,1045.631,.,0,20,0,0,0.02,1,0,0,Solar,.,.,.,.,.,1,1
LL_006_w,wind6,inside_lvliang,2500,375.2845,.,0,20,0,0.05,0.006,1,0,0,Wind,.,.,.,.,.,1,1
LL_006_s,PV6,inside_lvliang,2500,1090.6121,.,0,20,0,0,0.02,1,0,0,Solar,.,.,.,.,.,1,1
LL_007_w,wind7,inside_lvliang,2500,361.0755,.,0,20,0,0.05,0.006,1,0,0,Wind,.,.,.,.,.,1,1
LL_007_s,PV7,inside_lvliang,2500,1095.4691,.,0,20,0,0,0.02,1,0,0,Solar,.,.,.,.,.,1,1
LL_008_w,wind8,inside_lvliang,2500,399.916,.,0,20,0,0.05,0.006,1,0,0,Wind,.,.,.,.,.,1,1
LL_008_s,PV8,inside_lvliang,2500,1106.9604,.,0,20,0,0,0.02,1,0,0,Solar,.,.,.,.,.,1,1
LL_009_w,wind9,inside_lvliang,2500,399.564,.,0,20,0,0.05,0.006,1,0,0,Wind,.,.,.,.,.,1,1
LL_009_s,PV9,inside_lvliang,2500,1256.7232,.,0,20,0,0,0.02,1,0,0,Solar,.,.,.,.,.,1,1
LL_010_w,wind10,inside_lvliang,2500,399.568,.,0,20,0,0.05,0.006,1,0,0,Wind,.,.,.,.,.,1,1
LL_010_s,PV10,inside_lvliang,2500,1382.871,.,0,20,0,0,0.02,1,0,0,Solar,.,.,.,.,.,1,1
LL_011_w,wind11,inside_lvliang,2500,386.498,.,0,20,0,0.05,0.006,1,0,0,Wind,.,.,.,.,.,1,1
LL_011_s,PV11,inside_lvliang,2500,1356.1037,.,0,20,0,0,0.02,1,0,0,Solar,.,.,.,.,.,1,1
LL_012_w,wind12,inside_lvliang,2500,360.7045,.,0,20,0,0.05,0.006,1,0,0,Wind,.,.,.,.,.,1,1
LL_012_s,PV12,inside_lvliang,2500,948.6641,.,0,20,0,0,0.02,1,0,0,Solar,.,.,.,.,.,1,1
LL_013_w,wind13,inside_lvliang,2500,398.636,.,0,20,0,0.05,0.006,1,0,0,Wind,.,.,.,.,.,1,1
LL_013_s,PV13,inside_lvliang,2500,1152.3151,.,0,20,0,0,0.02,1,0,0,Solar,.,.,.,.,.,1,1
LL_014_w,wind14,inside_lvliang,2500,398.1935,.,0,20,0,0.05,0.006,1,0,0,Wind,.,.,.,.,.,1,1
LL_014_s,PV14,inside_lvliang,2500,1174.8033,.,0,20,0,0,0.02,1,0,0,Solar,.,.,.,.,.,1,1
LL_015_w,wind15,inside_lvliang,2500,397.8,.,0,20,0,0.05,0.006,1,0,0,Wind,.,.,.,.,.,1,1
LL_015_s,PV15,inside_lvliang,2500,1242.6574,.,0,20,0,0,0.02,1,0,0,Solar,.,.,.,.,.,1,1
LL_016_w,wind16,inside_lvliang,2500,369.017,.,0,20,0,0.05,0.006,1,0,0,Wind,.,.,.,.,.,1,1
LL_016_s,PV16,inside_lvliang,2500,1140.7275,.,0,20,0,0,0.02,1,0,0,Solar,.,.,.,.,.,1,1
LL_017_w,wind17,inside_lvliang,2500,399.896,.,0,20,0,0.05,0.006,1,0,0,Wind,.,.,.,.,.,1,1
LL_017_s,PV17,inside_lvliang,2500,1204.6662,.,0,20,0,0,0.02,1,0,0,Solar,.,.,.,.,.,1,1
LL_018_w,wind18,inside_lvliang,2500,399.36,.,0,20,0,0.05,0.006,1,0,0,Wind,.,.,.,.,.,1,1
LL_018_s,PV18,inside_lvliang,2500,1247.9286,.,0,20,0,0,0.02,1,0,0,Solar,.,.,.,.,.,1,1
LL_019_w,wind19,inside_lvliang,2500,393.324,.,0,20,0,0.05,0.006,1,0,0,Wind,.,.,.,.,.,1,1
LL_019_s,PV19,inside_lvliang,2500,1409.3974,.,0,20,0,0,0.02,1,0,0,Solar,.,.,.,.,.,1,1
LL_020_w,wind20,inside_lvliang,2500,374.2525,.,0,20,0,0.05,0.006,1,0,0,Wind,.,.,.,.,.,1,1
LL_020_s,PV20,inside_lvliang,2500,1185.925,.,0,20,0,0,0.02,1,0,0,Solar,.,.,.,.,.,1,1
LL_021_w,wind21,inside_lvliang,2500,378.5085,.,0,20,0,0.05,0.006,1,0,0,Wind,.,.,.,.,.,1,1
LL_021_s,PV21,inside_lvliang,2500,1213.8848,.,0,20,0,0,0.02,1,0,0,Solar,.,.,.,.,.,1,1
LL_022_w,wind22,inside_lvliang,2500,361.798,.,0,20,0,0.05,0.006,1,0,0,Wind,.,.,.,.,.,1,1
LL_022_s,PV22,inside_lvliang,2500,1057.0295,.,0,20,0,0,0.02,1,0,0,Solar,.,.,.,.,.,1,1
LL_023_w,wind23,inside_lvliang,2500,398.0565,.,0,20,0,0.05,0.006,1,0,0,Wind,.,.,.,.,.,1,1
LL_023_s,PV23,inside_lvliang,2500,1106.6149,.,0,20,0,0,0.02,1,0,0,Solar,.,.,.,.,.,1,1
LL_024_w,wind24,inside_lvliang,2500,399.532,.,0,20,0,0.05,0.006,1,0,0,Wind,.,.,.,.,.,1,1
LL_024_s,PV24,inside_lvliang,2500,1108.2701,.,0,20,0,0,0.02,1,0,0,Solar,.,.,.,.,.,1,1
LL_025_w,wind25,inside_lvliang,2500,399.0065,.,0,20,0,0.05,0.006,1,0,0,Wind,.,.,.,.,.,1,1
LL_025_s,PV25,inside_lvliang,2500,1102.6369,.,0,20,0,0,0.02,1,0,0,Solar,.,.,.,.,.,1,1
LL_026_w,wind26,inside_lvliang,2500,397.996,.,0,20,0,0.05,0.006,1,0,0,Wind,.,.,.,.,.,1,1
LL_026_s,PV26,inside_lvliang,2500,1172.8995,.,0,20,0,0,0.02,1,0,0,Solar,.,.,.,.,.,1,1
LL_027_w,wind27,inside_lvliang,2500,393.5475,.,0,20,0,0.05,0.006,1,0,0,Wind,.,.,.,.,.,1,1
LL_027_s,PV27,inside_lvliang,2500,1409.0603,.,0,20,0,0,0.02,1,0,0,Solar,.,.,.,.,.,1,1
LL_028_w,wind28,inside_lvliang,2500,399.924,.,0,20,0,0.05,0.006,1,0,0,Wind,.,.,.,.,.,1,1
LL_028_s,PV28,inside_lvliang,2500,1159.1459,.,0,20,0,0,0.02,1,0,0,Solar,.,.,.,.,.,1,1
LL_029_w,wind29,inside_lvliang,2500,388.4865,.,0,20,0,0.05,0.006,1,0,0,Wind,.,.,.,.,.,1,1
LL_029_s,PV29,inside_lvliang,2500,1194.7142,.,0,20,0,0,0.02,1,0,0,Solar,.,.,.,.,.,1,1
LL_030_w,wind30,inside_lvliang,2500,396.664,.,0,20,0,0.05,0.006,1,0,0,Wind,.,.,.,.,.,1,1
LL_030_s,PV30,inside_lvliang,2500,1218.9473,.,0,20,0,0,0.02,1,0,0,Solar,.,.,.,.,.,1,1
LL_031_w,wind31,inside_lvliang,2500,396.936,.,0,20,0,0.05,0.006,1,0,0,Wind,.,.,.,.,.,1,1
LL_031_s,PV31,inside_lvliang,2500,1445.4458,.,0,20,0,0,0.02,1,0,0,Solar,.,.,.,.,.,1,1
LL_032_w,wind32,inside_lvliang,2500,396.988,.,0,20,0,0.05,0.006,1,0,0,Wind,.,.,.,.,.,1,1
LL_032_s,PV32,inside_lvliang,2500,1433.8995,.,0,20,0,0,0.02,1,0,0,Solar,.,.,.,.,.,1,1
LL_033_w,wind33,inside_lvliang,2500,360.236,.,0,20,0,0.05,0.006,1,0,0,Wind,.,.,.,.,.,1,1
LL_033_s,PV33,inside_lvliang,2500,1201.0995,.,0,20,0,0,0.02,1,0,0,Solar,.,.,.,.,.,1,1
LL_034_w,wind34,inside_lvliang,2500,387.072,.,0,20,0,0.05,0.006,1,0,0,Wind,.,.,.,.,.,1,1
LL_034_s,PV34,inside_lvliang,2500,1209.315,.,0,20,0,0,0.02,1,0,0,Solar,.,.,.,.,.,1,1
LL_035_w,wind35,inside_lvliang,2500,359.456,.,0,20,0,0.05,0.006,1,0,0,Wind,.,.,.,.,.,1,1
LL_035_s,PV35,inside_lvliang,2500,1085.094,.,0,20,0,0,0.02,1,0,0,Solar,.,.,.,.,.,1,1
LL_036_w,wind36,inside_lvliang,2500,367.49,.,0,20,0,0.05,0.006,1,0,0,Wind,.,.,.,.,.,1,1
LL_036_s,PV36,inside_lvliang,2500,1005.6342,.,0,20,0,0,0.02,1,0,0,Solar,.,.,.,.,.,1,1
LL_037_w,wind37,inside_lvliang,2500,395.988,.,0,20,0,0.05,0.006,1,0,0,Wind,.,.,.,.,.,1,1
LL_037_s,PV37,inside_lvliang,2500,1132.8672,.,0,20,0,0,0.02,1,0,0,Solar,.,.,.,.,.,1,1
LL_038_w,wind38,inside_lvliang,2500,398.228,.,0,20,0,0.05,0.006,1,0,0,Wind,.,.,.,.,.,1,1
LL_038_s,PV38,inside_lvliang,2500,1174.0264,.,0,20,0,0,0.02,1,0,0,Solar,.,.,.,.,.,1,1
LL_039_w,wind39,inside_lvliang,2500,399.164,.,0,20,0,0.05,0.006,1,0,0,Wind,.,.,.,.,.,1,1
LL_039_s,PV39,inside_lvliang,2500,1111.7189,.,0,20,0,0,0.02,1,0,0,Solar,.,.,.,.,.,1,1
LL_040_w,wind40,inside_lvliang,2500,399.7325,.,0,20,0,0.05,0.006,1,0,0,Wind,.,.,.,.,.,1,1
LL_040_s,PV40,inside_lvliang,2500,1017.9314,.,0,20,0,0,0.02,1,0,0,Solar,.,.,.,.,.,1,1
LL_041_w,wind41,inside_lvliang,2500,399.648,.,0,20,0,0.05,0.006,1,0,0,Wind,.,.,.,.,.,1,1
LL_041_s,PV41,inside_lvliang,2500,1171.0469,.,0,20,0,0,0.02,1,0,0,Solar,.,.,.,.,.,1,1
LL_042_w,wind42,inside_lvliang,2500,399.196,.,0,20,0,0.05,0.006,1,0,0,Wind,.,.,.,.,.,1,1
LL_042_s,PV42,inside_lvliang,2500,1392.2709,.,0,20,0,0,0.02,1,0,0,Solar,.,.,.,.,.,1,1
LL_043_w,wind43,inside_lvliang,2500,398.0865,.,0,20,0,0.05,0.006,1,0,0,Wind,.,.,.,.,.,1,1
LL_043_s,PV43,inside_lvliang,2500,1358.3184,.,0,20,0,0,0.02,1,0,0,Solar,.,.,.,.,.,1,1
LL_044_w,wind44,inside_lvliang,2500,398.6735,.,0,20,0,0.05,0.006,1,0,0,Wind,.,.,.,.,.,1,1
LL_044_s,PV44,inside_lvliang,2500,1206.8439,.,0,20,0,0,0.02,1,0,0,Solar,.,.,.,.,.,1,1
LL_045_w,wind45,inside_lvliang,2500,398.668,.,0,20,0,0.05,0.006,1,0,0,Wind,.,.,.,.,.,1,1
LL_045_s,PV45,inside_lvliang,2500,1181.9885,.,0,20,0,0,0.02,1,0,0,Solar,.,.,.,.,.,1,1
LL_046_w,wind46,inside_lvliang,2500,398.888,.,0,20,0,0.05,0.006,1,0,0,Wind,.,.,.,.,.,1,1
LL_046_s,PV46,inside_lvliang,2500,1283.843,.,0,20,0,0,0.02,1,0,0,Solar,.,.,.,.,.,1,1
LL_047_w,wind47,inside_lvliang,2500,396.004,.,0,20,0,0.05,0.006,1,0,0,Wind,.,.,.,.,.,1,1
LL_047_s,PV47,inside_lvliang,2500,1341.5916,.,0,20,0,0,0.02,1,0,0,Solar,.,.,.,.,.,1,1
LL_048_w,wind48,inside_lvliang,2500,375.064,.,0,20,0,0.05,0.006,1,0,0,Wind,.,.,.,.,.,1,1
LL_048_s,PV48,inside_lvliang,2500,1227.7691,.,0,20,0,0,0.02,1,0,0,Solar,.,.,.,.,.,1,1
LL_049_w,wind49,inside_lvliang,2500,368.2,.,0,20,0,0.05,0.006,1,0,0,Wind,.,.,.,.,.,1,1
LL_049_s,PV49,inside_lvliang,2500,1213.0619,.,0,20,0,0,0.02,1,0,0,Solar,.,.,.,.,.,1,1
LL_050_w,wind50,inside_lvliang,2500,387.4245,.,0,20,0,0.05,0.006,1,0,0,Wind,.,.,.,.,.,1,1
LL_050_s,PV50,inside_lvliang,2500,1124.4254,.,0,20,0,0,0.02,1,0,0,Solar,.,.,.,.,.,1,1
LL_051_w,wind51,inside_lvliang,2500,377.0605,.,0,20,0,0.05,0.006,1,0,0,Wind,.,.,.,.,.,1,1
LL_051_s,PV51,inside_lvliang,2500,1053.7369,.,0,20,0,0,0.02,1,0,0,Solar,.,.,.,.,.,1,1
LL_052_w,wind52,inside_lvliang,2500,383.408,.,0,20,0,0.05,0.006,1,0,0,Wind,.,.,.,.,.,1,1
LL_052_s,PV52,inside_lvliang,2500,1029.8832,.,0,20,0,0,0.02,1,0,0,Solar,.,.,.,.,.,1,1
LL_053_w,wind53,inside_lvliang,2500,398.5805,.,0,20,0,0.05,0.006,1,0,0,Wind,.,.,.,.,.,1,1
LL_053_s,PV53,inside_lvliang,2500,1084.4082,.,0,20,0,0,0.02,1,0,0,Solar,.,.,.,.,.,1,1
LL_054_w,wind54,inside_lvliang,2500,397.8,.,0,20,0,0.05,0.006,1,0,0,Wind,.,.,.,.,.,1,1
LL_054_s,PV54,inside_lvliang,2500,1126.8271,.,0,20,0,0,0.02,1,0,0,Solar,.,.,.,.,.,1,1
LL_055_w,wind55,inside_lvliang,2500,399.868,.,0,20,0,0.05,0.006,1,0,0,Wind,.,.,.,.,.,1,1
LL_055_s,PV55,inside_lvliang,2500,990.8427,.,0,20,0,0,0.02,1,0,0,Solar,.,.,.,.,.,1,1
LL_056_w,wind56,inside_lvliang,2500,399.724,.,0,20,0,0.05,0.006,1,0,0,Wind,.,.,.,.,.,1,1
LL_056_s,PV56,inside_lvliang,2500,1267.7822,.,0,20,0,0,0.02,1,0,0,Solar,.,.,.,.,.,1,1
LL_057_w,wind57,inside_lvliang,2500,399.5275,.,0,20,0,0.05,0.006,1,0,0,Wind,.,.,.,.,.,1,1
LL_057_s,PV57,inside_lvliang,2500,1393.48,.,0,20,0,0,0.02,1,0,0,Solar,.,.,.,.,.,1,1
LL_058_w,wind58,inside_lvliang,2500,399.572,.,0,20,0,0.05,0.006,1,0,0,Wind,.,.,.,.,.,1,1
LL_058_s,PV58,inside_lvliang,2500,1426.7924,.,0,20,0,0,0.02,1,0,0,Solar,.,.,.,.,.,1,1
LL_059_w,wind59,inside_lvliang,2500,386.3105,.,0,20,0,0.05,0.006,1,0,0,Wind,.,.,.,.,.,1,1
LL_059_s,PV59,inside_lvliang,2500,1280.4546,.,0,20,0,0,0.02,1,0,0,Solar,.,.,.,.,.,1,1
LL_060_w,wind60,inside_lvliang,2500,377.8125,.,0,20,0,0.05,0.006,1,0,0,Wind,.,.,.,.,.,1,1
LL_060_s,PV60,inside_lvliang,2500,1291.154,.,0,20,0,0,0.02,1,0,0,Solar,.,.,.,.,.,1,1
LL_061_w,wind61,inside_lvliang,2500,374.346,.,0,20,0,0.05,0.006,1,0,0,Wind,.,.,.,.,.,1,1
LL_061_s,PV61,inside_lvliang,2500,1249.3092,.,0,20,0,0,0.02,1,0,0,Solar,.,.,.,.,.,1,1
LL_062_w,wind62,inside_lvliang,2500,399.582,.,0,20,0,0.05,0.006,1,0,0,Wind,.,.,.,.,.,1,1
LL_062_s,PV62,inside_lvliang,2500,1086.0321,.,0,20,0,0,0.02,1,0,0,Solar,.,.,.,.,.,1,1
LL_063_w,wind63,inside_lvliang,2500,399.036,.,0,20,0,0.05,0.006,1,0,0,Wind,.,.,.,.,.,1,1
LL_063_s,PV63,inside_lvliang,2500,1069.0682,.,0,20,0,0,0.02,1,0,0,Solar,.,.,.,.,.,1,1
LL_064_w,wind64,inside_lvliang,2500,399.508,.,0,20,0,0.05,0.006,1,0,0,Wind,.,.,.,.,.,1,1
LL_064_s,PV64,inside_lvliang,2500,1096.2429,.,0,20,0,0,0.02,1,0,0,Solar,.,.,.,.,.,1,1
LL_065_w,wind65,inside_lvliang,2500,398.333,.,0,20,0,0.05,0.006,1,0,0,Wind,.,.,.,.,.,1,1
LL_065_s,PV65,inside_lvliang,2500,1263.902,.,0,20,0,0,0.02,1,0,0,Solar,.,.,.,.,.,1,1
LL_066_w,wind66,inside_lvliang,2500,394.884,.,0,20,0,0.05,0.006,1,0,0,Wind,.,.,.,.,.,1,1
LL_066_s,PV66,inside_lvliang,2500,1213.7052,.,0,20,0,0,0.02,1,0,0,Solar,.,.,.,.,.,1,1
LL_067_w,wind67,inside_lvliang,2500,383.081,.,0,20,0,0.05,0.006,1,0,0,Wind,.,.,.,.,.,1,1
LL_067_s,PV67,inside_lvliang,2500,1152.9998,.,0,20,0,0,0.02,1,0,0,Solar,.,.,.,.,.,1,1
LL_068_w,wind68,inside_lvliang,2500,399.035,.,0,20,0,0.05,0.006,1,0,0,Wind,.,.,.,.,.,1,1
LL_068_s,PV68,inside_lvliang,2500,1063.4038,.,0,20,0,0,0.02,1,0,0,Solar,.,.,.,.,.,1,1
LL_069_w,wind69,inside_lvliang,2500,398.036,.,0,20,0,0.05,0.006,1,0,0,Wind,.,.,.,.,.,1,1
LL_069_s,PV69,inside_lvliang,2500,1109.5497,.,0,20,0,0,0.02,1,0,0,Solar,.,.,.,.,.,1,1
LL_070_w,wind70,inside_lvliang,2500,386.095,.,0,20,0,0.05,0.006,1,0,0,Wind,.,.,.,.,.,1,1
LL_070_s,PV70,inside_lvliang,2500,1054.6128,.,0,20,0,0,0.02,1,0,0,Solar,.,.,.,.,.,1,1
LL_071_w,wind71,inside_lvliang,2500,376.3365,.,0,20,0,0.05,0.006,1,0,0,Wind,.,.,.,.,.,1,1
LL_071_s,PV71,inside_lvliang,2500,897.8861,.,0,20,0,0,0.02,1,0,0,Solar,.,.,.,.,.,1,1
LL_072_w,wind72,inside_lvliang,2500,369.379,.,0,20,0,0.05,0.006,1,0,0,Wind,.,.,.,.,.,1,1
LL_072_s,PV72,inside_lvliang,2500,922.306,.,0,20,0,0,0.02,1,0,0,Solar,.,.,.,.,.,1,1
LL_073_w,wind73,inside_lvliang,2500,386.2255,.,0,20,0,0.05,0.006,1,0,0,Wind,.,.,.,.,.,1,1
LL_073_s,PV73,inside_lvliang,2500,1045.5511,.,0,20,0,0,0.02,1,0,0,Solar,.,.,.,.,.,1,1
LL_074_w,wind74,inside_lvliang,2500,399.208,.,0,20,0,0.05,0.006,1,0,0,Wind,.,.,.,.,.,1,1
LL_074_s,PV74,inside_lvliang,2500,1327.4933,.,0,20,0,0,0.02,1,0,0,Solar,.,.,.,.,.,1,1
LL_075_w,wind75,inside_lvliang,2500,398.248,.,0,20,0,0.05,0.006,1,0,0,Wind,.,.,.,.,.,1,1
LL_075_s,PV75,inside_lvliang,2500,1444.9956,.,0,20,0,0,0.02,1,0,0,Solar,.,.,.,.,.,1,1
LL_076_w,wind76,inside_lvliang,2500,396.248,.,0,20,0,0.05,0.006,1,0,0,Wind,.,.,.,.,.,1,1
LL_076_s,PV76,inside_lvliang,2500,1354.1289,.,0,20,0,0,0.02,1,0,0,Solar,.,.,.,.,.,1,1
LL_077_w,wind77,inside_lvliang,2500,382.684,.,0,20,0,0.05,0.006,1,0,0,Wind,.,.,.,.,.,1,1
LL_077_s,PV77,inside_lvliang,2500,1223.5255,.,0,20,0,0,0.02,1,0,0,Solar,.,.,.,.,.,1,1
LL_078_w,wind78,inside_lvliang,2500,397.549,.,0,20,0,0.05,0.006,1,0,0,Wind,.,.,.,.,.,1,1
LL_078_s,PV78,inside_lvliang,2500,1428.3727,.,0,20,0,0,0.02,1,0,0,Solar,.,.,.,.,.,1,1
LL_079_w,wind79,inside_lvliang,2500,399.237,.,0,20,0,0.05,0.006,1,0,0,Wind,.,.,.,.,.,1,1
LL_079_s,PV79,inside_lvliang,2500,442.0651,.,0,20,0,0,0.02,1,0,0,Solar,.,.,.,.,.,1,1
LL_080_w,wind80,inside_lvliang,2500,396.0985,.,0,20,0,0.05,0.006,1,0,0,Wind,.,.,.,.,.,1,1
LL_080_s,PV80,inside_lvliang,2500,451.7433,.,0,20,0,0,0.02,1,0,0,Solar,.,.,.,.,.,1,1
LL_081_w,wind81,inside_lvliang,2500,399.878,.,0,20,0,0.05,0.006,1,0,0,Wind,.,.,.,.,.,1,1
LL_081_s,PV81,inside_lvliang,2500,376.1176,.,0,20,0,0,0.02,1,0,0,Solar,.,.,.,.,.,1,1
LL_082_w,wind82,inside_lvliang,2500,399.964,.,0,20,0,0.05,0.006,1,0,0,Wind,.,.,.,.,.,1,1
LL_082_s,PV82,inside_lvliang,2500,404.3378,.,0,20,0,0,0.02,1,0,0,Solar,.,.,.,.,.,1,1
LL_083_w,wind83,inside_lvliang,2500,399.521,.,0,20,0,0.05,0.006,1,0,0,Wind,.,.,.,.,.,1,1
LL_083_s,PV83,inside_lvliang,2500,875.2481,.,0,20,0,0,0.02,1,0,0,Solar,.,.,.,.,.,1,1
LL_084_w,wind84,inside_lvliang,2500,368.2955,.,0,20,0,0.05,0.006,1,0,0,Wind,.,.,.,.,.,1,1
LL_084_s,PV84,inside_lvliang,2500,865.3034,.,0,20,0,0,0.02,1,0,0,Solar,.,.,.,.,.,1,1
LL_085_w,wind85,inside_lvliang,2500,296.115,.,0,20,0,0.05,0.006,1,0,0,Wind,.,.,.,.,.,1,1
LL_085_s,PV85,inside_lvliang,2500,900.2086,.,0,20,0,0,0.02,1,0,0,Solar,.,.,.,.,.,1,1
LL_086_w,wind86,inside_lvliang,2500,344.408,.,0,20,0,0.05,0.006,1,0,0,Wind,.,.,.,.,.,1,1
LL_086_s,PV86,inside_lvliang,2500,1036.2823,.,0,20,0,0,0.02,1,0,0,Solar,.,.,.,.,.,1,1
LL_087_w,wind87,inside_lvliang,2500,382.283,.,0,20,0,0.05,0.006,1,0,0,Wind,.,.,.,.,.,1,1
LL_087_s,PV87,inside_lvliang,2500,1196.5361,.,0,20,0,0,0.02,1,0,0,Solar,.,.,.,.,.,1,1
LL_088_w,wind88,inside_lvliang,2500,397.4765,.,0,20,0,0.05,0.006,1,0,0,Wind,.,.,.,.,.,1,1
LL_088_s,PV88,inside_lvliang,2500,1176.0204,.,0,20,0,0,0.02,1,0,0,Solar,.,.,.,.,.,1,1
LL_089_w,wind89,inside_lvliang,2500,398.586,.,0,20,0,0.05,0.006,1,0,0,Wind,.,.,.,.,.,1,1
LL_089_s,PV89,inside_lvliang,2500,1055.2368,.,0,20,0,0,0.02,1,0,0,Solar,.,.,.,.,.,1,1
LL_090_w,wind90,inside_lvliang,2500,398.636,.,0,20,0,0.05,0.006,1,0,0,Wind,.,.,.,.,.,1,1
LL_090_s,PV90,inside_lvliang,2500,1153.2943,.,0,20,0,0,0.02,1,0,0,Solar,.,.,.,.,.,1,1
LL_091_w,wind91,inside_lvliang,2500,396.0525,.,0,20,0,0.05,0.006,1,0,0,Wind,.,.,.,.,.,1,1
LL_091_s,PV91,inside_lvliang,2500,1274.7973,.,0,20,0,0,0.02,1,0,0,Solar,.,.,.,.,.,1,1
LL_092_w,wind92,inside_lvliang,2500,395.8385,.,0,20,0,0.05,0.006,1,0,0,Wind,.,.,.,.,.,1,1
LL_092_s,PV92,inside_lvliang,2500,1239.1409,.,0,20,0,0,0.02,1,0,0,Solar,.,.,.,.,.,1,1
LL_093_w,wind93,inside_lvliang,2500,398.668,.,0,20,0,0.05,0.006,1,0,0,Wind,.,.,.,.,.,1,1
LL_093_s,PV93,inside_lvliang,2500,1374.9107,.,0,20,0,0,0.02,1,0,0,Solar,.,.,.,.,.,1,1
LL_094_w,wind94,inside_lvliang,2500,398.2285,.,0,20,0,0.05,0.006,1,0,0,Wind,.,.,.,.,.,1,1
LL_094_s,PV94,inside_lvliang,2500,1413.9492,.,0,20,0,0,0.02,1,0,0,Solar,.,.,.,.,.,1,1
LL_095_w,wind95,inside_lvliang,2500,368.988,.,0,20,0,0.05,0.006,1,0,0,Wind,.,.,.,.,.,1,1
LL_095_s,PV95,inside_lvliang,2500,1153.4873,.,0,20,0,0,0.02,1,0,0,Solar,.,.,.,.,.,1,1
LL_096_w,wind96,inside_lvliang,2500,398.852,.,0,20,0,0.05,0.006,1,0,0,Wind,.,.,.,.,.,1,1
LL_096_s,PV96,inside_lvliang,2500,1489.5655,.,0,20,0,0,0.02,1,0,0,Solar,.,.,.,.,.,1,1
LL_097_w,wind97,inside_lvliang,2500,387.621,.,0,20,0,0.05,0.006,1,0,0,Wind,.,.,.,.,.,1,1
LL_097_s,PV97,inside_lvliang,2500,1350.7696,.,0,20,0,0,0.02,1,0,0,Solar,.,.,.,.,.,1,1
LL_098_w,wind98,inside_lvliang,2500,399.496,.,0,20,0,0.05,0.006,1,0,0,Wind,.,.,.,.,.,1,1
LL_098_s,PV98,inside_lvliang,2500,505.5225,.,0,20,0,0,0.02,1,0,0,Solar,.,.,.,.,.,1,1
LL_099_w,wind99,inside_lvliang,2500,399.596,.,0,20,0,0.05,0.006,1,0,0,Wind,.,.,.,.,.,1,1
LL_099_s,PV99,inside_lvliang,2500,861.748,.,0,20,0,0,0.02,1,0,0,Solar,.,.,.,.,.,1,1
LL_100_w,wind100,inside_lvliang,2500,393.489,.,0,20,0,0.05,0.006,1,0,0,Wind,.,.,.,.,.,1,1
LL_100_s,PV100,inside_lvliang,2500,683.3618,.,0,20,0,0,0.02,1,0,0,Solar,.,.,.,.,.,1,1
LL_101_w,wind101,inside_lvliang,2500,399.936,.,0,20,0,0.05,0.006,1,0,0,Wind,.,.,.,.,.,1,1
LL_101_s,PV101,inside_lvliang,2500,356.0497,.,0,20,0,0,0.02,1,0,0,Solar,.,.,.,.,.,1,1
LL_102_w,wind102,inside_lvliang,2500,398.2145,.,0,20,0,0.05,0.006,1,0,0,Wind,.,.,.,.,.,1,1
LL_102_s,PV102,inside_lvliang,2500,391.4645,.,0,20,0,0,0.02,1,0,0,Solar,.,.,.,.,.,1,1
LL_103_w,wind103,inside_lvliang,2500,391.0085,.,0,20,0,0.05,0.006,1,0,0,Wind,.,.,.,.,.,1,1
LL_103_s,PV103,inside_lvliang,2500,455.5375,.,0,20,0,0,0.02,1,0,0,Solar,.,.,.,.,.,1,1
LL_104_w,wind104,inside_lvliang,2500,385.98,.,0,20,0,0.05,0.006,1,0,0,Wind,.,.,.,.,.,1,1
LL_104_s,PV104,inside_lvliang,2500,864.2575,.,0,20,0,0,0.02,1,0,0,Solar,.,.,.,.,.,1,1
LL_105_w,wind105,inside_lvliang,2500,368.3655,.,0,20,0,0.05,0.006,1,0,0,Wind,.,.,.,.,.,1,1
LL_105_s,PV105,inside_lvliang,2500,992.8037,.,0,20,0,0,0.02,1,0,0,Solar,.,.,.,.,.,1,1
LL_106_w,wind106,inside_lvliang,2500,396.5435,.,0,20,0,0.05,0.006,1,0,0,Wind,.,.,.,.,.,1,1
LL_106_s,PV106,inside_lvliang,2500,1319.9736,.,0,20,0,0,0.02,1,0,0,Solar,.,.,.,.,.,1,1
LL_107_w,wind107,inside_lvliang,2500,385.2615,.,0,20,0,0.05,0.006,1,0,0,Wind,.,.,.,.,.,1,1
LL_107_s,PV107,inside_lvliang,2500,959.008,.,0,20,0,0,0.02,1,0,0,Solar,.,.,.,.,.,1,1
LL_108_w,wind108,inside_lvliang,2500,375.709,.,0,20,0,0.05,0.006,1,0,0,Wind,.,.,.,.,.,1,1
LL_108_s,PV108,inside_lvliang,2500,766.3217,.,0,20,0,0,0.02,1,0,0,Solar,.,.,.,.,.,1,1
LL_109_w,wind109,inside_lvliang,2500,379.131,.,0,20,0,0.05,0.006,1,0,0,Wind,.,.,.,.,.,1,1
LL_109_s,PV109,inside_lvliang,2500,833.8498,.,0,20,0,0,0.02,1,0,0,Solar,.,.,.,.,.,1,1
LL_110_w,wind110,inside_lvliang,2500,398.4815,.,0,20,0,0.05,0.006,1,0,0,Wind,.,.,.,.,.,1,1
LL_110_s,PV110,inside_lvliang,2500,685.9311,.,0,20,0,0,0.02,1,0,0,Solar,.,.,.,.,.,1,1
LL_111_w,wind111,inside_lvliang,2500,399.424,.,0,20,0,0.05,0.006,1,0,0,Wind,.,.,.,.,.,1,1
LL_111_s,PV111,inside_lvliang,2500,693.9284,.,0,20,0,0,0.02,1,0,0,Solar,.,.,.,.,.,1,1
LL_112_w,wind112,inside_lvliang,2500,397.1645,.,0,20,0,0.05,0.006,1,0,0,Wind,.,.,.,.,.,1,1
LL_112_s,PV112,inside_lvliang,2500,837.6029,.,0,20,0,0,0.02,1,0,0,Solar,.,.,.,.,.,1,1
LL_113_w,wind113,inside_lvliang,2500,399.676,.,0,20,0,0.05,0.006,1,0,0,Wind,.,.,.,.,.,1,1
LL_113_s,PV113,inside_lvliang,2500,1221.2172,.,0,20,0,0,0.02,1,0,0,Solar,.,.,.,.,.,1,1
LL_114_w,wind114,inside_lvliang,2500,399.624,.,0,20,0,0.05,0.006,1,0,0,Wind,.,.,.,.,.,1,1
LL_114_s,PV114,inside_lvliang,2500,1273.8515,.,0,20,0,0,0.02,1,0,0,Solar,.,.,.,.,.,1,1
LL_115_w,wind115,inside_lvliang,2500,391.557,.,0,20,0,0.05,0.006,1,0,0,Wind,.,.,.,.,.,1,1
LL_115_s,PV115,inside_lvliang,2500,1205.5431,.,0,20,0,0,0.02,1,0,0,Solar,.,.,.,.,.,1,1
LL_116_w,wind116,inside_lvliang,2500,399.956,.,0,20,0,0.05,0.006,1,0,0,Wind,.,.,.,.,.,1,1
LL_116_s,PV116,inside_lvliang,2500,1193.948,.,0,20,0,0,0.02,1,0,0,Solar,.,.,.,.,.,1,1
LL_117_w,wind117,inside_lvliang,2500,399.26,.,0,20,0,0.05,0.006,1,0,0,Wind,.,.,.,.,.,1,1
LL_117_s,PV117,inside_lvliang,2500,1239.5387,.,0,20,0,0,0.02,1,0,0,Solar,.,.,.,.,.,1,1
LL_118_w,wind118,inside_lvliang,2500,395.735,.,0,20,0,0.05,0.006,1,0,0,Wind,.,.,.,.,.,1,1
LL_118_s,PV118,inside_lvliang,2500,908.1555,.,0,20,0,0,0.02,1,0,0,Solar,.,.,.,.,.,1,1
LL_119_w,wind119,inside_lvliang,2500,399.868,.,0,20,0,0.05,0.006,1,0,0,Wind,.,.,.,.,.,1,1
LL_119_s,PV119,inside_lvliang,2500,1032.8418,.,0,20,0,0,0.02,1,0,0,Solar,.,.,.,.,.,1,1
LL_120_w,wind120,inside_lvliang,2500,399.996,.,0,20,0,0.05,0.006,1,0,0,Wind,.,.,.,.,.,1,1
LL_120_s,PV120,inside_lvliang,2500,643.4767,.,0,20,0,0,0.02,1,0,0,Solar,.,.,.,.,.,1,1
LL_121_w,wind121,inside_lvliang,2500,399.963,.,0,20,0,0.05,0.006,1,0,0,Wind,.,.,.,.,.,1,1
LL_121_s,PV121,inside_lvliang,2500,453.6306,.,0,20,0,0,0.02,1,0,0,Solar,.,.,.,.,.,1,1
LL_122_w,wind122,inside_lvliang,2500,399.7445,.,0,20,0,0.05,0.006,1,0,0,Wind,.,.,.,.,.,1,1
LL_122_s,PV122,inside_lvliang,2500,426.4687,.,0,20,0,0,0.02,1,0,0,Solar,.,.,.,.,.,1,1
LL_123_w,wind123,inside_lvliang,2500,392.2945,.,0,20,0,0.05,0.006,1,0,0,Wind,.,.,.,.,.,1,1
LL_123_s,PV123,inside_lvliang,2500,693.7591,.,0,20,0,0,0.02,1,0,0,Solar,.,.,.,.,.,1,1
LL_124_w,wind124,inside_lvliang,2500,399.888,.,0,20,0,0.05,0.006,1,0,0,Wind,.,.,.,.,.,1,1
LL_124_s,PV124,inside_lvliang,2500,450.37,.,0,20,0,0,0.02,1,0,0,Solar,.,.,.,.,.,1,1
LL_125_w,wind125,inside_lvliang,2500,397.8945,.,0,20,0,0.05,0.006,1,0,0,Wind,.,.,.,.,.,1,1
LL_125_s,PV125,inside_lvliang,2500,690.6642,.,0,20,0,0,0.02,1,0,0,Solar,.,.,.,.,.,1,1
LL_126_w,wind126,inside_lvliang,2500,391.7295,.,0,20,0,0.05,0.006,1,0,0,Wind,.,.,.,.,.,1,1
LL_126_s,PV126,inside_lvliang,2500,884.0605,.,0,20,0,0,0.02,1,0,0,Solar,.,.,.,.,.,1,1
LL_127_w,wind127,inside_lvliang,2500,399.396,.,0,20,0,0.05,0.006,1,0,0,Wind,.,.,.,.,.,1,1
LL_127_s,PV127,inside_lvliang,2500,557.0371,.,0,20,0,0,0.02,1,0,0,Solar,.,.,.,.,.,1,1
LL_128_w,wind128,inside_lvliang,2500,399.369,.,0,20,0,0.05,0.006,1,0,0,Wind,.,.,.,.,.,1,1
LL_128_s,PV128,inside_lvliang,2500,532.7122,.,0,20,0,0,0.02,1,0,0,Solar,.,.,.,.,.,1,1
LL_129_w,wind129,inside_lvliang,2500,399.7885,.,0,20,0,0.05,0.006,1,0,0,Wind,.,.,.,.,.,1,1
LL_129_s,PV129,inside_lvliang,2500,459.5704,.,0,20,0,0,0.02,1,0,0,Solar,.,.,.,.,.,1,1
LL_130_w,wind130,inside_lvliang,2500,396.263,.,0,20,0,0.05,0.006,1,0,0,Wind,.,.,.,.,.,1,1
LL_130_s,PV130,inside_lvliang,2500,782.2848,.,0,20,0,0,0.02,1,0,0,Solar,.,.,.,.,.,1,1
LL_131_w,wind131,inside_lvliang,2500,400,.,0,20,0,0.05,0.006,1,0,0,Wind,.,.,.,.,.,1,1
LL_131_s,PV131,inside_lvliang,2500,492.7362,.,0,20,0,0,0.02,1,0,0,Solar,.,.,.,.,.,1,1
LL_132_w,wind132,inside_lvliang,2500,399.956,.,0,20,0,0.05,0.006,1,0,0,Wind,.,.,.,.,.,1,1
LL_132_s,PV132,inside_lvliang,2500,496.0151,.,0,20,0,0,0.02,1,0,0,Solar,.,.,.,.,.,1,1
LL_133_w,wind133,inside_lvliang,2500,399.988,.,0,20,0,0.05,0.006,1,0,0,Wind,.,.,.,.,.,1,1
LL_133_s,PV133,inside_lvliang,2500,386.9043,.,0,20,0,0,0.02,1,0,0,Solar,.,.,.,.,.,1,1
LL_134_w,wind134,inside_lvliang,2500,399.368,.,0,20,0,0.05,0.006,1,0,0,Wind,.,.,.,.,.,1,1
LL_134_s,PV134,inside_lvliang,2500,798.4233,.,0,20,0,0,0.02,1,0,0,Solar,.,.,.,.,.,1,1
LL_135_w,wind135,inside_lvliang,2500,396.888,.,0,20,0,0.05,0.006,1,0,0,Wind,.,.,.,.,.,1,1
LL_135_s,PV135,inside_lvliang,2500,753.8205,.,0,20,0,0,0.02,1,0,0,Solar,.,.,.,.,.,1,1
LL_136_w,wind136,inside_lvliang,2500,399.98,.,0,20,0,0.05,0.006,1,0,0,Wind,.,.,.,.,.,1,1
LL_136_s,PV136,inside_lvliang,2500,782.617,.,0,20,0,0,0.02,1,0,0,Solar,.,.,.,.,.,1,1
LL_137_w,wind137,inside_lvliang,2500,383.146,.,0,20,0,0.05,0.006,1,0,0,Wind,.,.,.,.,.,1,1
LL_137_s,PV137,inside_lvliang,2500,1075.3304,.,0,20,0,0,0.02,1,0,0,Solar,.,.,.,.,.,1,1
LL_138_w,wind138,inside_lvliang,2500,390.6565,.,0,20,0,0.05,0.006,1,0,0,Wind,.,.,.,.,.,1,1
LL_138_s,PV138,inside_lvliang,2500,950.6936,.,0,20,0,0,0.02,1,0,0,Solar,.,.,.,.,.,1,1
LL_139_w,wind139,inside_lvliang,2500,394.9555,.,0,20,0,0.05,0.006,1,0,0,Wind,.,.,.,.,.,1,1
LL_139_s,PV139,inside_lvliang,2500,845.946,.,0,20,0,0,0.02,1,0,0,Solar,.,.,.,.,.,1,1
LL_140_w,wind140,inside_lvliang,2500,399.291,.,0,20,0,0.05,0.006,1,0,0,Wind,.,.,.,.,.,1,1
LL_140_s,PV140,inside_lvliang,2500,669.6678,.,0,20,0,0,0.02,1,0,0,Solar,.,.,.,.,.,1,1
LL_141_w,wind141,inside_lvliang,2500,399.996,.,0,20,0,0.05,0.006,1,0,0,Wind,.,.,.,.,.,1,1
LL_141_s,PV141,inside_lvliang,2500,553.5916,.,0,20,0,0,0.02,1,0,0,Solar,.,.,.,.,.,1,1
LL_142_w,wind142,inside_lvliang,2500,398.864,.,0,20,0,0.05,0.006,1,0,0,Wind,.,.,.,.,.,1,1
LL_142_s,PV142,inside_lvliang,2500,449.762,.,0,20,0,0,0.02,1,0,0,Solar,.,.,.,.,.,1,1
LL_143_w,wind143,inside_lvliang,2500,396.152,.,0,20,0,0.05,0.006,1,0,0,Wind,.,.,.,.,.,1,1
LL_143_s,PV143,inside_lvliang,2500,633.8662,.,0,20,0,0,0.02,1,0,0,Solar,.,.,.,.,.,1,1
LL_144_w,wind144,inside_lvliang,2500,398.916,.,0,20,0,0.05,0.006,1,0,0,Wind,.,.,.,.,.,1,1
LL_144_s,PV144,inside_lvliang,2500,598.2574,.,0,20,0,0,0.02,1,0,0,Solar,.,.,.,.,.,1,1
LL_145_w,wind145,inside_lvliang,2500,398.74,.,0,20,0,0.05,0.006,1,0,0,Wind,.,.,.,.,.,1,1
LL_145_s,PV145,inside_lvliang,2500,220.4361,.,0,20,0,0,0.02,1,0,0,Solar,.,.,.,.,.,1,1
LL_146_w,wind146,inside_lvliang,2500,400,.,0,20,0,0.05,0.006,1,0,0,Wind,.,.,.,.,.,1,1
LL_146_s,PV146,inside_lvliang,2500,195.942,.,0,20,0,0,0.02,1,0,0,Solar,.,.,.,.,.,1,1
LL_147_w,wind147,inside_lvliang,2500,399.977,.,0,20,0,0.05,0.006,1,0,0,Wind,.,.,.,.,.,1,1
LL_147_s,PV147,inside_lvliang,2500,121.763,.,0,20,0,0,0.02,1,0,0,Solar,.,.,.,.,.,1,1
LL_148_w,wind148,inside_lvliang,2500,397.422,.,0,20,0,0.05,0.006,1,0,0,Wind,.,.,.,.,.,1,1
LL_148_s,PV148,inside_lvliang,2500,471.1674,.,0,20,0,0,0.02,1,0,0,Solar,.,.,.,.,.,1,1
LL_149_w,wind149,inside_lvliang,2500,398.552,.,0,20,0,0.05,0.006,1,0,0,Wind,.,.,.,.,.,1,1
LL_149_s,PV149,inside_lvliang,2500,713.1837,.,0,20,0,0,0.02,1,0,0,Solar,.,.,.,.,.,1,1
LL_150_w,wind150,inside_lvliang,2500,398.704,.,0,20,0,0.05,0.006,1,0,0,Wind,.,.,.,.,.,1,1
LL_150_s,PV150,inside_lvliang,2500,859.6284,.,0,20,0,0,0.02,1,0,0,Solar,.,.,.,.,.,1,1
LL_151_w,wind151,inside_lvliang,2500,399.984,.,0,20,0,0.05,0.006,1,0,0,Wind,.,.,.,.,.,1,1
LL_151_s,PV151,inside_lvliang,2500,311.2396,.,0,20,0,0,0.02,1,0,0,Solar,.,.,.,.,.,1,1
LL_152_w,wind152,inside_lvliang,2500,399.736,.,0,20,0,0.05,0.006,1,0,0,Wind,.,.,.,.,.,1,1
LL_152_s,PV152,inside_lvliang,2500,293.9265,.,0,20,0,0,0.02,1,0,0,Solar,.,.,.,.,.,1,1
LL_153_w,wind153,inside_lvliang,2500,397.605,.,0,20,0,0.05,0.006,1,0,0,Wind,.,.,.,.,.,1,1
LL_153_s,PV153,inside_lvliang,2500,738.2114,.,0,20,0,0,0.02,1,0,0,Solar,.,.,.,.,.,1,1
LL_154_w,wind154,inside_lvliang,2500,373.064,.,0,20,0,0.05,0.006,1,0,0,Wind,.,.,.,.,.,1,1
LL_154_s,PV154,inside_lvliang,2500,908.5657,.,0,20,0,0,0.02,1,0,0,Solar,.,.,.,.,.,1,1
LL_155_w,wind155,inside_lvliang,2500,378.1105,.,0,20,0,0.05,0.006,1,0,0,Wind,.,.,.,.,.,1,1
LL_155_s,PV155,inside_lvliang,2500,818.6683,.,0,20,0,0,0.02,1,0,0,Solar,.,.,.,.,.,1,1
LL_156_w,wind156,inside_lvliang,2500,389.373,.,0,20,0,0.05,0.006,1,0,0,Wind,.,.,.,.,.,1,1
LL_156_s,PV156,inside_lvliang,2500,780.2486,.,0,20,0,0,0.02,1,0,0,Solar,.,.,.,.,.,1,1
LL_157_w,wind157,inside_lvliang,2500,399.88,.,0,20,0,0.05,0.006,1,0,0,Wind,.,.,.,.,.,1,1
LL_157_s,PV157,inside_lvliang,2500,736.8461,.,0,20,0,0,0.02,1,0,0,Solar,.,.,.,.,.,1,1
LL_158_w,wind158,inside_lvliang,2500,399.252,.,0,20,0,0.05,0.006,1,0,0,Wind,.,.,.,.,.,1,1
LL_158_s,PV158,inside_lvliang,2500,569.6493,.,0,20,0,0,0.02,1,0,0,Solar,.,.,.,.,.,1,1
LL_159_w,wind159,inside_lvliang,2500,399.731,.,0,20,0,0.05,0.006,1,0,0,Wind,.,.,.,.,.,1,1
LL_159_s,PV159,inside_lvliang,2500,432.5265,.,0,20,0,0,0.02,1,0,0,Solar,.,.,.,.,.,1,1
LL_160_w,wind160,inside_lvliang,2500,399.992,.,0,20,0,0.05,0.006,1,0,0,Wind,.,.,.,.,.,1,1
LL_160_s,PV160,inside_lvliang,2500,315.8832,.,0,20,0,0,0.02,1,0,0,Solar,.,.,.,.,.,1,1
LL_161_w,wind161,inside_lvliang,2500,399.464,.,0,20,0,0.05,0.006,1,0,0,Wind,.,.,.,.,.,1,1
LL_161_s,PV161,inside_lvliang,2500,177.6546,.,0,20,0,0,0.02,1,0,0,Solar,.,.,.,.,.,1,1
LL_162_w,wind162,inside_lvliang,2500,399.632,.,0,20,0,0.05,0.006,1,0,0,Wind,.,.,.,.,.,1,1
LL_162_s,PV162,inside_lvliang,2500,213.5422,.,0,20,0,0,0.02,1,0,0,Solar,.,.,.,.,.,1,1
LL_163_w,wind163,inside_lvliang,2500,399.9415,.,0,20,0,0.05,0.006,1,0,0,Wind,.,.,.,.,.,1,1
LL_163_s,PV163,inside_lvliang,2500,151.7926,.,0,20,0,0,0.02,1,0,0,Solar,.,.,.,.,.,1,1
LL_164_w,wind164,inside_lvliang,2500,399.6,.,0,20,0,0.05,0.006,1,0,0,Wind,.,.,.,.,.,1,1
LL_164_s,PV164,inside_lvliang,2500,480.866,.,0,20,0,0,0.02,1,0,0,Solar,.,.,.,.,.,1,1
LL_165_w,wind165,inside_lvliang,2500,399.228,.,0,20,0,0.05,0.006,1,0,0,Wind,.,.,.,.,.,1,1
LL_165_s,PV165,inside_lvliang,2500,380.7245,.,0,20,0,0,0.02,1,0,0,Solar,.,.,.,.,.,1,1
LL_166_w,wind166,inside_lvliang,2500,389.612,.,0,20,0,0.05,0.006,1,0,0,Wind,.,.,.,.,.,1,1
LL_166_s,PV166,inside_lvliang,2500,553.8491,.,0,20,0,0,0.02,1,0,0,Solar,.,.,.,.,.,1,1
LL_167_w,wind167,inside_lvliang,2500,390.116,.,0,20,0,0.05,0.006,1,0,0,Wind,.,.,.,.,.,1,1
LL_167_s,PV167,inside_lvliang,2500,692.8811,.,0,20,0,0,0.02,1,0,0,Solar,.,.,.,.,.,1,1
LL_168_w,wind168,inside_lvliang,2500,399.672,.,0,20,0,0.05,0.006,1,0,0,Wind,.,.,.,.,.,1,1
LL_168_s,PV168,inside_lvliang,2500,723.6366,.,0,20,0,0,0.02,1,0,0,Solar,.,.,.,.,.,1,1
LL_169_w,wind169,inside_lvliang,2500,399.992,.,0,20,0,0.05,0.006,1,0,0,Wind,.,.,.,.,.,1,1
LL_169_s,PV169,inside_lvliang,2500,426.1158,.,0,20,0,0,0.02,1,0,0,Solar,.,.,.,.,.,1,1
LL_170_w,wind170,inside_lvliang,2500,393.48,.,0,20,0,0.05,0.006,1,0,0,Wind,.,.,.,.,.,1,1
LL_170_s,PV170,inside_lvliang,2500,966.3444,.,0,20,0,0,0.02,1,0,0,Solar,.,.,.,.,.,1,1
LL_171_w,wind171,inside_lvliang,2500,364.476,.,0,20,0,0.05,0.006,1,0,0,Wind,.,.,.,.,.,1,1
LL_171_s,PV171,inside_lvliang,2500,726.2607,.,0,20,0,0,0.02,1,0,0,Solar,.,.,.,.,.,1,1
LL_172_w,wind172,inside_lvliang,2500,346.444,.,0,20,0,0.05,0.006,1,0,0,Wind,.,.,.,.,.,1,1
LL_172_s,PV172,inside_lvliang,2500,524.5488,.,0,20,0,0,0.02,1,0,0,Solar,.,.,.,.,.,1,1
LL_173_w,wind173,inside_lvliang,2500,391.768,.,0,20,0,0.05,0.006,1,0,0,Wind,.,.,.,.,.,1,1
LL_173_s,PV173,inside_lvliang,2500,755.9254,.,0,20,0,0,0.02,1,0,0,Solar,.,.,.,.,.,1,1
LL_174_w,wind174,inside_lvliang,2500,399.988,.,0,20,0,0.05,0.006,1,0,0,Wind,.,.,.,.,.,1,1
LL_174_s,PV174,inside_lvliang,2500,383.9497,.,0,20,0,0,0.02,1,0,0,Solar,.,.,.,.,.,1,1
LL_175_w,wind175,inside_lvliang,2500,399.928,.,0,20,0,0.05,0.006,1,0,0,Wind,.,.,.,.,.,1,1
LL_175_s,PV175,inside_lvliang,2500,300.9921,.,0,20,0,0,0.02,1,0,0,Solar,.,.,.,.,.,1,1
LL_176_w,wind176,inside_lvliang,2500,399.996,.,0,20,0,0.05,0.006,1,0,0,Wind,.,.,.,.,.,1,1
LL_176_s,PV176,inside_lvliang,2500,303.9565,.,0,20,0,0,0.02,1,0,0,Solar,.,.,.,.,.,1,1
LL_177_w,wind177,inside_lvliang,2500,398.632,.,0,20,0,0.05,0.006,1,0,0,Wind,.,.,.,.,.,1,1
LL_177_s,PV177,inside_lvliang,2500,313.3199,.,0,20,0,0,0.02,1,0,0,Solar,.,.,.,.,.,1,1
LL_178_w,wind178,inside_lvliang,2500,399.988,.,0,20,0,0.05,0.006,1,0,0,Wind,.,.,.,.,.,1,1
LL_178_s,PV178,inside_lvliang,2500,253.7475,.,0,20,0,0,0.02,1,0,0,Solar,.,.,.,.,.,1,1
LL_179_w,wind179,inside_lvliang,2500,386.1515,.,0,20,0,0.05,0.006,1,0,0,Wind,.,.,.,.,.,1,1
LL_179_s,PV179,inside_lvliang,2500,985.732,.,0,20,0,0,0.02,1,0,0,Solar,.,.,.,.,.,1,1
LL_180_w,wind180,inside_lvliang,2500,359.8165,.,0,20,0,0.05,0.006,1,0,0,Wind,.,.,.,.,.,1,1
LL_180_s,PV180,inside_lvliang,2500,531.0159,.,0,20,0,0,0.02,1,0,0,Solar,.,.,.,.,.,1,1
LL_181_w,wind181,inside_lvliang,2500,396.678,.,0,20,0,0.05,0.006,1,0,0,Wind,.,.,.,.,.,1,1
LL_181_s,PV181,inside_lvliang,2500,972.4251,.,0,20,0,0,0.02,1,0,0,Solar,.,.,.,.,.,1,1
LL_182_w,wind182,inside_lvliang,2500,399.66,.,0,20,0,0.05,0.006,1,0,0,Wind,.,.,.,.,.,1,1
LL_182_s,PV182,inside_lvliang,2500,586.9814,.,0,20,0,0,0.02,1,0,0,Solar,.,.,.,.,.,1,1
LL_183_w,wind183,inside_lvliang,2500,310.244,.,0,20,0,0.05,0.006,1,0,0,Wind,.,.,.,.,.,1,1
LL_183_s,PV183,inside_lvliang,2500,536.2834,.,0,20,0,0,0.02,1,0,0,Solar,.,.,.,.,.,1,1
LL_184_w,wind184,inside_lvliang,2500,271.056,.,0,20,0,0.05,0.006,1,0,0,Wind,.,.,.,.,.,1,1
LL_184_s,PV184,inside_lvliang,2500,431.4329,.,0,20,0,0,0.02,1,0,0,Solar,.,.,.,.,.,1,1
LL_185_w,wind185,inside_lvliang,2500,334.072,.,0,20,0,0.05,0.006,1,0,0,Wind,.,.,.,.,.,1,1
LL_185_s,PV185,inside_lvliang,2500,470.2912,.,0,20,0,0,0.02,1,0,0,Solar,.,.,.,.,.,1,1
LL_186_w,wind186,inside_lvliang,2500,397.604,.,0,20,0,0.05,0.006,1,0,0,Wind,.,.,.,.,.,1,1
LL_186_s,PV186,inside_lvliang,2500,424.6665,.,0,20,0,0,0.02,1,0,0,Solar,.,.,.,.,.,1,1
LL_187_w,wind187,inside_lvliang,2500,399.7,.,0,20,0,0.05,0.006,1,0,0,Wind,.,.,.,.,.,1,1
LL_187_s,PV187,inside_lvliang,2500,322.8321,.,0,20,0,0,0.02,1,0,0,Solar,.,.,.,.,.,1,1
LL_188_w,wind188,inside_lvliang,2500,399.956,.,0,20,0,0.05,0.006,1,0,0,Wind,.,.,.,.,.,1,1
LL_188_s,PV188,inside_lvliang,2500,215.9063,.,0,20,0,0,0.02,1,0,0,Solar,.,.,.,.,.,1,1
LL_189_w,wind189,inside_lvliang,2500,398.276,.,0,20,0,0.05,0.006,1,0,0,Wind,.,.,.,.,.,1,1
LL_189_s,PV189,inside_lvliang,2500,619.9087,.,0,20,0,0,0.02,1,0,0,Solar,.,.,.,.,.,1,1
LL_190_w,wind190,inside_lvliang,2500,399.832,.,0,20,0,0.05,0.006,1,0,0,Wind,.,.,.,.,.,1,1
LL_190_s,PV190,inside_lvliang,2500,379.0877,.,0,20,0,0,0.02,1,0,0,Solar,.,.,.,.,.,1,1
LL_191_w,wind191,inside_lvliang,2500,390.501,.,0,20,0,0.05,0.006,1,0,0,Wind,.,.,.,.,.,1,1
LL_191_s,PV191,inside_lvliang,2500,1183.1937,.,0,20,0,0,0.02,1,0,0,Solar,.,.,.,.,.,1,1
LL_192_w,wind192,inside_lvliang,2500,376.066,.,0,20,0,0.05,0.006,1,0,0,Wind,.,.,.,.,.,1,1
LL_192_s,PV192,inside_lvliang,2500,1036.5525,.,0,20,0,0,0.02,1,0,0,Solar,.,.,.,.,.,1,1
LL_193_w,wind193,inside_lvliang,2500,392.784,.,0,20,0,0.05,0.006,1,0,0,Wind,.,.,.,.,.,1,1
LL_193_s,PV193,inside_lvliang,2500,1143.238,.,0,20,0,0,0.02,1,0,0,Solar,.,.,.,.,.,1,1
LL_194_w,wind194,inside_lvliang,2500,399.632,.,0,20,0,0.05,0.006,1,0,0,Wind,.,.,.,.,.,1,1
LL_194_s,PV194,inside_lvliang,2500,945.9476,.,0,20,0,0,0.02,1,0,0,Solar,.,.,.,.,.,1,1
LL_195_w,wind195,inside_lvliang,2500,399.0775,.,0,20,0,0.05,0.006,1,0,0,Wind,.,.,.,.,.,1,1
LL_195_s,PV195,inside_lvliang,2500,559.8403,.,0,20,0,0,0.02,1,0,0,Solar,.,.,.,.,.,1,1
LL_196_w,wind196,inside_lvliang,2500,169.6505,.,0,20,0,0.05,0.006,1,0,0,Wind,.,.,.,.,.,1,1
LL_196_s,PV196,inside_lvliang,2500,432.9346,.,0,20,0,0,0.02,1,0,0,Solar,.,.,.,.,.,1,1
LL_197_w,wind197,inside_lvliang,2500,262.668,.,0,20,0,0.05,0.006,1,0,0,Wind,.,.,.,.,.,1,1
LL_197_s,PV197,inside_lvliang,2500,430.6928,.,0,20,0,0,0.02,1,0,0,Solar,.,.,.,.,.,1,1
LL_198_w,wind198,inside_lvliang,2500,293.725,.,0,20,0,0.05,0.006,1,0,0,Wind,.,.,.,.,.,1,1
LL_198_s,PV198,inside_lvliang,2500,428.8286,.,0,20,0,0,0.02,1,0,0,Solar,.,.,.,.,.,1,1
LL_199_w,wind199,inside_lvliang,2500,388.65,.,0,20,0,0.05,0.006,1,0,0,Wind,.,.,.,.,.,1,1
LL_199_s,PV199,inside_lvliang,2500,561.2962,.,0,20,0,0,0.02,1,0,0,Solar,.,.,.,.,.,1,1
LL_200_w,wind200,inside_lvliang,2500,400,.,0,20,0,0.05,0.006,1,0,0,Wind,.,.,.,.,.,1,1
LL_200_s,PV200,inside_lvliang,2500,252.9619,.,0,20,0,0,0.02,1,0,0,Solar,.,.,.,.,.,1,1
LL_201_w,wind201,inside_lvliang,2500,396.321,.,0,20,0,0.05,0.006,1,0,0,Wind,.,.,.,.,.,1,1
LL_201_s,PV201,inside_lvliang,2500,276.4658,.,0,20,0,0,0.02,1,0,0,Solar,.,.,.,.,.,1,1
LL_202_w,wind202,inside_lvliang,2500,397.016,.,0,20,0,0.05,0.006,1,0,0,Wind,.,.,.,.,.,1,1
LL_202_s,PV202,inside_lvliang,2500,501.0003,.,0,20,0,0,0.02,1,0,0,Solar,.,.,.,.,.,1,1
LL_203_w,wind203,inside_lvliang,2500,399.812,.,0,20,0,0.05,0.006,1,0,0,Wind,.,.,.,.,.,1,1
LL_203_s,PV203,inside_lvliang,2500,340.7219,.,0,20,0,0,0.02,1,0,0,Solar,.,.,.,.,.,1,1
LL_204_w,wind204,inside_lvliang,2500,334.662,.,0,20,0,0.05,0.006,1,0,0,Wind,.,.,.,.,.,1,1
LL_204_s,PV204,inside_lvliang,2500,431.1446,.,0,20,0,0,0.02,1,0,0,Solar,.,.,.,.,.,1,1
LL_205_w,wind205,inside_lvliang,2500,329.384,.,0,20,0,0.05,0.006,1,0,0,Wind,.,.,.,.,.,1,1
LL_205_s,PV205,inside_lvliang,2500,428.9272,.,0,20,0,0,0.02,1,0,0,Solar,.,.,.,.,.,1,1
LL_206_w,wind206,inside_lvliang,2500,327.3765,.,0,20,0,0.05,0.006,1,0,0,Wind,.,.,.,.,.,1,1
LL_206_s,PV206,inside_lvliang,2500,611.5577,.,0,20,0,0,0.02,1,0,0,Solar,.,.,.,.,.,1,1
LL_207_w,wind207,inside_lvliang,2500,398.0685,.,0,20,0,0.05,0.006,1,0,0,Wind,.,.,.,.,.,1,1
LL_207_s,PV207,inside_lvliang,2500,251.362,.,0,20,0,0,0.02,1,0,0,Solar,.,.,.,.,.,1,1
LL_208_w,wind208,inside_lvliang,2500,390.5925,.,0,20,0,0.05,0.006,1,0,0,Wind,.,.,.,.,.,1,1
LL_208_s,PV208,inside_lvliang,2500,290.1675,.,0,20,0,0,0.02,1,0,0,Solar,.,.,.,.,.,1,1
LL_209_w,wind209,inside_lvliang,2500,388.5875,.,0,20,0,0.05,0.006,1,0,0,Wind,.,.,.,.,.,1,1
LL_209_s,PV209,inside_lvliang,2500,428.7979,.,0,20,0,0,0.02,1,0,0,Solar,.,.,.,.,.,1,1
LL_210_w,wind210,inside_lvliang,2500,356.872,.,0,20,0,0.05,0.006,1,0,0,Wind,.,.,.,.,.,1,1
LL_210_s,PV210,inside_lvliang,2500,428.9487,.,0,20,0,0,0.02,1,0,0,Solar,.,.,.,.,.,1,1
LL_211_w,wind211,inside_lvliang,2500,281.756,.,0,20,0,0.05,0.006,1,0,0,Wind,.,.,.,.,.,1,1
LL_211_s,PV211,inside_lvliang,2500,435.963,.,0,20,0,0,0.02,1,0,0,Solar,.,.,.,.,.,1,1
LL_212_w,wind212,inside_lvliang,2500,281.512,.,0,20,0,0.05,0.006,1,0,0,Wind,.,.,.,.,.,1,1
LL_212_s,PV212,inside_lvliang,2500,627.2581,.,0,20,0,0,0.02,1,0,0,Solar,.,.,.,.,.,1,1
LL_213_w,wind213,inside_lvliang,2500,391.516,.,0,20,0,0.05,0.006,1,0,0,Wind,.,.,.,.,.,1,1
LL_213_s,PV213,inside_lvliang,2500,949.7183,.,0,20,0,0,0.02,1,0,0,Solar,.,.,.,.,.,1,1
LL_214_w,wind214,inside_lvliang,2500,398.3755,.,0,20,0,0.05,0.006,1,0,0,Wind,.,.,.,.,.,1,1
LL_214_s,PV214,inside_lvliang,2500,629.0698,.,0,20,0,0,0.02,1,0,0,Solar,.,.,.,.,.,1,1
LL_215_w,wind215,inside_lvliang,2500,345.544,.,0,20,0,0.05,0.006,1,0,0,Wind,.,.,.,.,.,1,1
LL_215_s,PV215,inside_lvliang,2500,427.9707,.,0,20,0,0,0.02,1,0,0,Solar,.,.,.,.,.,1,1
LL_216_w,wind216,inside_lvliang,2500,340.02,.,0,20,0,0.05,0.006,1,0,0,Wind,.,.,.,.,.,1,1
LL_216_s,PV216,inside_lvliang,2500,427.6162,.,0,20,0,0,0.02,1,0,0,Solar,.,.,.,.,.,1,1
LL_217_w,wind217,inside_lvliang,2500,276.532,.,0,20,0,0.05,0.006,1,0,0,Wind,.,.,.,.,.,1,1
LL_217_s,PV217,inside_lvliang,2500,433.3073,.,0,20,0,0,0.02,1,0,0,Solar,.,.,.,.,.,1,1
LL_218_w,wind218,inside_lvliang,2500,333.784,.,0,20,0,0.05,0.006,1,0,0,Wind,.,.,.,.,.,1,1
LL_218_s,PV218,inside_lvliang,2500,606.8783,.,0,20,0,0,0.02,1,0,0,Solar,.,.,.,.,.,1,1
LL_219_w,wind219,inside_lvliang,2500,398.764,.,0,20,0,0.05,0.006,1,0,0,Wind,.,.,.,.,.,1,1
LL_219_s,PV219,inside_lvliang,2500,620.3362,.,0,20,0,0,0.02,1,0,0,Solar,.,.,.,.,.,1,1
LL_220_w,wind220,inside_lvliang,2500,322.2525,.,0,20,0,0.05,0.006,1,0,0,Wind,.,.,.,.,.,1,1
LL_220_s,PV220,inside_lvliang,2500,425.7733,.,0,20,0,0,0.02,1,0,0,Solar,.,.,.,.,.,1,1
LL_221_w,wind221,inside_lvliang,2500,332.176,.,0,20,0,0.05,0.006,1,0,0,Wind,.,.,.,.,.,1,1
LL_221_s,PV221,inside_lvliang,2500,426.291,.,0,20,0,0,0.02,1,0,0,Solar,.,.,.,.,.,1,1
LL_222_w,wind222,inside_lvliang,2500,218.856,.,0,20,0,0.05,0.006,1,0,0,Wind,.,.,.,.,.,1,1
LL_222_s,PV222,inside_lvliang,2500,590.8909,.,0,20,0,0,0.02,1,0,0,Solar,.,.,.,.,.,1,1
