LOAD_ZONE,TIMEPOINT,zone_demand_mw
inside_lvliang,1,2904.787387
inside_lvliang,2,2906.828313
inside_lvliang,3,2908.869238
inside_lvliang,4,2923.009126
inside_lvliang,5,2937.149014
inside_lvliang,6,2951.288902
inside_lvliang,7,2969.143928
inside_lvliang,8,2986.998954
inside_lvliang,9,3004.85398
inside_lvliang,10,2999.837927
inside_lvliang,11,2995.993679
inside_lvliang,12,2992.149431
inside_lvliang,13,2997.564967
inside_lvliang,14,3002.980504
inside_lvliang,15,3008.396041
inside_lvliang,16,3035.867052
inside_lvliang,17,3063.338063
inside_lvliang,18,3090.809075
inside_lvliang,19,3058.561199
inside_lvliang,20,3026.313324
inside_lvliang,21,2994.065449
inside_lvliang,22,2963.277783
inside_lvliang,23,2932.490117
inside_lvliang,24,2902.746461
inside_lvliang,25,2891.193244
inside_lvliang,26,2893.501582
inside_lvliang,27,2895.809921
inside_lvliang,28,2909.657881
inside_lvliang,29,2923.50584
inside_lvliang,30,2937.3538
inside_lvliang,31,2954.189442
inside_lvliang,32,2971.025085
inside_lvliang,33,2987.860728
inside_lvliang,34,2983.709057
inside_lvliang,35,2979.84403
inside_lvliang,36,2975.979004
inside_lvliang,37,2981.520361
inside_lvliang,38,2987.061718
inside_lvliang,39,2992.603076
inside_lvliang,40,3020.332737
inside_lvliang,41,3048.062399
inside_lvliang,42,3075.79206
inside_lvliang,43,3043.737033
inside_lvliang,44,3011.682006
inside_lvliang,45,2979.626979
inside_lvliang,46,2949.248586
inside_lvliang,47,2918.870193
inside_lvliang,48,2888.884905
inside_lvliang,49,2893.551506
inside_lvliang,50,2895.266841
inside_lvliang,51,2896.982176
inside_lvliang,52,2910.574497
inside_lvliang,53,2924.166818
inside_lvliang,54,2937.759139
inside_lvliang,55,2955.398831
inside_lvliang,56,2973.038523
inside_lvliang,57,2990.678215
inside_lvliang,58,2986.649841
inside_lvliang,59,2983.496619
inside_lvliang,60,2980.343398
inside_lvliang,61,2985.531933
inside_lvliang,62,2990.720467
inside_lvliang,63,2995.909002
inside_lvliang,64,3022.797211
inside_lvliang,65,3049.68542
inside_lvliang,66,3076.57363
inside_lvliang,67,3044.543742
inside_lvliang,68,3012.513855
inside_lvliang,69,2980.483967
inside_lvliang,70,2950.60781
inside_lvliang,71,2920.731652
inside_lvliang,72,2891.836171
inside_lvliang,73,2893.551506
inside_lvliang,74,2895.266841
inside_lvliang,75,2896.982176
inside_lvliang,76,2910.574497
inside_lvliang,77,2924.166818
inside_lvliang,78,2937.759139
inside_lvliang,79,2955.398831
inside_lvliang,80,2973.038523
inside_lvliang,81,2990.678215
inside_lvliang,82,2986.649841
inside_lvliang,83,2983.496619
inside_lvliang,84,2980.343398
inside_lvliang,85,2985.531933
inside_lvliang,86,2990.720467
inside_lvliang,87,2995.909002
inside_lvliang,88,3022.797211
inside_lvliang,89,3049.68542
inside_lvliang,90,3076.57363
inside_lvliang,91,3044.543742
inside_lvliang,92,3012.513855
inside_lvliang,93,2980.483967
inside_lvliang,94,2950.60781
inside_lvliang,95,2920.731652
inside_lvliang,96,2891.836171
inside_lvliang,97,2904.787387
inside_lvliang,98,2906.828313
inside_lvliang,99,2908.869238
inside_lvliang,100,2923.009126
inside_lvliang,101,2937.149014
inside_lvliang,102,2951.288902
inside_lvliang,103,2969.143928
inside_lvliang,104,2986.998954
inside_lvliang,105,3004.85398
inside_lvliang,106,2999.837927
inside_lvliang,107,2995.993679
inside_lvliang,108,2992.149431
inside_lvliang,109,2997.564967
inside_lvliang,110,3002.980504
inside_lvliang,111,3008.396041
inside_lvliang,112,3035.867052
inside_lvliang,113,3063.338063
inside_lvliang,114,3090.809075
inside_lvliang,115,3058.561199
inside_lvliang,116,3026.313324
inside_lvliang,117,2994.065449
inside_lvliang,118,2963.277783
inside_lvliang,119,2932.490117
inside_lvliang,120,2902.746461
inside_lvliang,121,2891.193244
inside_lvliang,122,2893.501582
inside_lvliang,123,2895.809921
inside_lvliang,124,2909.657881
inside_lvliang,125,2923.50584
inside_lvliang,126,2937.3538
inside_lvliang,127,2954.189442
inside_lvliang,128,2971.025085
inside_lvliang,129,2987.860728
inside_lvliang,130,2983.709057
inside_lvliang,131,2979.84403
inside_lvliang,132,2975.979004
inside_lvliang,133,2981.520361
inside_lvliang,134,2987.061718
inside_lvliang,135,2992.603076
inside_lvliang,136,3020.332737
inside_lvliang,137,3048.062399
inside_lvliang,138,3075.79206
inside_lvliang,139,3043.737033
inside_lvliang,140,3011.682006
inside_lvliang,141,2979.626979
inside_lvliang,142,2949.248586
inside_lvliang,143,2918.870193
inside_lvliang,144,2888.884905
inside_lvliang,145,2893.551506
inside_lvliang,146,2895.266841
inside_lvliang,147,2896.982176
inside_lvliang,148,2910.574497
inside_lvliang,149,2924.166818
inside_lvliang,150,2937.759139
inside_lvliang,151,2955.398831
inside_lvliang,152,2973.038523
inside_lvliang,153,2990.678215
inside_lvliang,154,2986.649841
inside_lvliang,155,2983.496619
inside_lvliang,156,2980.343398
inside_lvliang,157,2985.531933
inside_lvliang,158,2990.720467
inside_lvliang,159,2995.909002
inside_lvliang,160,3022.797211
inside_lvliang,161,3049.68542
inside_lvliang,162,3076.57363
inside_lvliang,163,3044.543742
inside_lvliang,164,3012.513855
inside_lvliang,165,2980.483967
inside_lvliang,166,2950.60781
inside_lvliang,167,2920.731652
inside_lvliang,168,2891.836171
inside_lvliang,169,2893.551506
inside_lvliang,170,2895.266841
inside_lvliang,171,2896.982176
inside_lvliang,172,2910.574497
inside_lvliang,173,2924.166818
inside_lvliang,174,2937.759139
inside_lvliang,175,2955.398831
inside_lvliang,176,2973.038523
inside_lvliang,177,2990.678215
inside_lvliang,178,2986.649841
inside_lvliang,179,2983.496619
inside_lvliang,180,2980.343398
inside_lvliang,181,2985.531933
inside_lvliang,182,2990.720467
inside_lvliang,183,2995.909002
inside_lvliang,184,3022.797211
inside_lvliang,185,3049.68542
inside_lvliang,186,3076.57363
inside_lvliang,187,3044.543742
inside_lvliang,188,3012.513855
inside_lvliang,189,2980.483967
inside_lvliang,190,2950.60781
inside_lvliang,191,2920.731652
inside_lvliang,192,2891.836171
inside_lvliang,193,2904.787387
inside_lvliang,194,2906.828313
inside_lvliang,195,2908.869238
inside_lvliang,196,2923.009126
inside_lvliang,197,2937.149014
inside_lvliang,198,2951.288902
inside_lvliang,199,2969.143928
inside_lvliang,200,2986.998954
inside_lvliang,201,3004.85398
inside_lvliang,202,2999.837927
inside_lvliang,203,2995.993679
inside_lvliang,204,2992.149431
inside_lvliang,205,2997.564967
inside_lvliang,206,3002.980504
inside_lvliang,207,3008.396041
inside_lvliang,208,3035.867052
inside_lvliang,209,3063.338063
inside_lvliang,210,3090.809075
inside_lvliang,211,3058.561199
inside_lvliang,212,3026.313324
inside_lvliang,213,2994.065449
inside_lvliang,214,2963.277783
inside_lvliang,215,2932.490117
inside_lvliang,216,2902.746461
inside_lvliang,217,2891.193244
inside_lvliang,218,2893.501582
inside_lvliang,219,2895.809921
inside_lvliang,220,2909.657881
inside_lvliang,221,2923.50584
inside_lvliang,222,2937.3538
inside_lvliang,223,2954.189442
inside_lvliang,224,2971.025085
inside_lvliang,225,2987.860728
inside_lvliang,226,2983.709057
inside_lvliang,227,2979.84403
inside_lvliang,228,2975.979004
inside_lvliang,229,2981.520361
inside_lvliang,230,2987.061718
inside_lvliang,231,2992.603076
inside_lvliang,232,3020.332737
inside_lvliang,233,3048.062399
inside_lvliang,234,3075.79206
inside_lvliang,235,3043.737033
inside_lvliang,236,3011.682006
inside_lvliang,237,2979.626979
inside_lvliang,238,2949.248586
inside_lvliang,239,2918.870193
inside_lvliang,240,2888.884905
inside_lvliang,241,2893.551506
inside_lvliang,242,2895.266841
inside_lvliang,243,2896.982176
inside_lvliang,244,2910.574497
inside_lvliang,245,2924.166818
inside_lvliang,246,2937.759139
inside_lvliang,247,2955.398831
inside_lvliang,248,2973.038523
inside_lvliang,249,2990.678215
inside_lvliang,250,2986.649841
inside_lvliang,251,2983.496619
inside_lvliang,252,2980.343398
inside_lvliang,253,2985.531933
inside_lvliang,254,2990.720467
inside_lvliang,255,2995.909002
inside_lvliang,256,3022.797211
inside_lvliang,257,3049.68542
inside_lvliang,258,3076.57363
inside_lvliang,259,3044.543742
inside_lvliang,260,3012.513855
inside_lvliang,261,2980.483967
inside_lvliang,262,2950.60781
inside_lvliang,263,2920.731652
inside_lvliang,264,2891.836171
inside_lvliang,265,2893.551506
inside_lvliang,266,2895.266841
inside_lvliang,267,2896.982176
inside_lvliang,268,2910.574497
inside_lvliang,269,2924.166818
inside_lvliang,270,2937.759139
inside_lvliang,271,2955.398831
inside_lvliang,272,2973.038523
inside_lvliang,273,2990.678215
inside_lvliang,274,2986.649841
inside_lvliang,275,2983.496619
inside_lvliang,276,2980.343398
inside_lvliang,277,2985.531933
inside_lvliang,278,2990.720467
inside_lvliang,279,2995.909002
inside_lvliang,280,3022.797211
inside_lvliang,281,3049.68542
inside_lvliang,282,3076.57363
inside_lvliang,283,3044.543742
inside_lvliang,284,3012.513855
inside_lvliang,285,2980.483967
inside_lvliang,286,2950.60781
inside_lvliang,287,2920.731652
inside_lvliang,288,2891.836171
inside_lvliang,289,2904.787387
inside_lvliang,290,2906.828313
inside_lvliang,291,2908.869238
inside_lvliang,292,2923.009126
inside_lvliang,293,2937.149014
inside_lvliang,294,2951.288902
inside_lvliang,295,2969.143928
inside_lvliang,296,2986.998954
inside_lvliang,297,3004.85398
inside_lvliang,298,2999.837927
inside_lvliang,299,2995.993679
inside_lvliang,300,2992.149431
inside_lvliang,301,2997.564967
inside_lvliang,302,3002.980504
inside_lvliang,303,3008.396041
inside_lvliang,304,3035.867052
inside_lvliang,305,3063.338063
inside_lvliang,306,3090.809075
inside_lvliang,307,3058.561199
inside_lvliang,308,3026.313324
inside_lvliang,309,2994.065449
inside_lvliang,310,2963.277783
inside_lvliang,311,2932.490117
inside_lvliang,312,2902.746461
inside_lvliang,313,2891.193244
inside_lvliang,314,2893.501582
inside_lvliang,315,2895.809921
inside_lvliang,316,2909.657881
inside_lvliang,317,2923.50584
inside_lvliang,318,2937.3538
inside_lvliang,319,2954.189442
inside_lvliang,320,2971.025085
inside_lvliang,321,2987.860728
inside_lvliang,322,2983.709057
inside_lvliang,323,2979.84403
inside_lvliang,324,2975.979004
inside_lvliang,325,2981.520361
inside_lvliang,326,2987.061718
inside_lvliang,327,2992.603076
inside_lvliang,328,3020.332737
inside_lvliang,329,3048.062399
inside_lvliang,330,3075.79206
inside_lvliang,331,3043.737033
inside_lvliang,332,3011.682006
inside_lvliang,333,2979.626979
inside_lvliang,334,2949.248586
inside_lvliang,335,2918.870193
inside_lvliang,336,2888.884905
inside_lvliang,337,2893.551506
inside_lvliang,338,2895.266841
inside_lvliang,339,2896.982176
inside_lvliang,340,2910.574497
inside_lvliang,341,2924.166818
inside_lvliang,342,2937.759139
inside_lvliang,343,2955.398831
inside_lvliang,344,2973.038523
inside_lvliang,345,2990.678215
inside_lvliang,346,2986.649841
inside_lvliang,347,2983.496619
inside_lvliang,348,2980.343398
inside_lvliang,349,2985.531933
inside_lvliang,350,2990.720467
inside_lvliang,351,2995.909002
inside_lvliang,352,3022.797211
inside_lvliang,353,3049.68542
inside_lvliang,354,3076.57363
inside_lvliang,355,3044.543742
inside_lvliang,356,3012.513855
inside_lvliang,357,2980.483967
inside_lvliang,358,2950.60781
inside_lvliang,359,2920.731652
inside_lvliang,360,2891.836171
inside_lvliang,361,2893.551506
inside_lvliang,362,2895.266841
inside_lvliang,363,2896.982176
inside_lvliang,364,2910.574497
inside_lvliang,365,2924.166818
inside_lvliang,366,2937.759139
inside_lvliang,367,2955.398831
inside_lvliang,368,2973.038523
inside_lvliang,369,2990.678215
inside_lvliang,370,2986.649841
inside_lvliang,371,2983.496619
inside_lvliang,372,2980.343398
inside_lvliang,373,2985.531933
inside_lvliang,374,2990.720467
inside_lvliang,375,2995.909002
inside_lvliang,376,3022.797211
inside_lvliang,377,3049.68542
inside_lvliang,378,3076.57363
inside_lvliang,379,3044.543742
inside_lvliang,380,3012.513855
inside_lvliang,381,2980.483967
inside_lvliang,382,2950.60781
inside_lvliang,383,2920.731652
inside_lvliang,384,2891.836171
inside_lvliang,385,2904.787387
inside_lvliang,386,2906.828313
inside_lvliang,387,2908.869238
inside_lvliang,388,2923.009126
inside_lvliang,389,2937.149014
inside_lvliang,390,2951.288902
inside_lvliang,391,2969.143928
inside_lvliang,392,2986.998954
inside_lvliang,393,3004.85398
inside_lvliang,394,2999.837927
inside_lvliang,395,2995.993679
inside_lvliang,396,2992.149431
inside_lvliang,397,2997.564967
inside_lvliang,398,3002.980504
inside_lvliang,399,3008.396041
inside_lvliang,400,3035.867052
inside_lvliang,401,3063.338063
inside_lvliang,402,3090.809075
inside_lvliang,403,3058.561199
inside_lvliang,404,3026.313324
inside_lvliang,405,2994.065449
inside_lvliang,406,2963.277783
inside_lvliang,407,2932.490117
inside_lvliang,408,2902.746461
inside_lvliang,409,2891.193244
inside_lvliang,410,2893.501582
inside_lvliang,411,2895.809921
inside_lvliang,412,2909.657881
inside_lvliang,413,2923.50584
inside_lvliang,414,2937.3538
inside_lvliang,415,2954.189442
inside_lvliang,416,2971.025085
inside_lvliang,417,2987.860728
inside_lvliang,418,2983.709057
inside_lvliang,419,2979.84403
inside_lvliang,420,2975.979004
inside_lvliang,421,2981.520361
inside_lvliang,422,2987.061718
inside_lvliang,423,2992.603076
inside_lvliang,424,3020.332737
inside_lvliang,425,3048.062399
inside_lvliang,426,3075.79206
inside_lvliang,427,3043.737033
inside_lvliang,428,3011.682006
inside_lvliang,429,2979.626979
inside_lvliang,430,2949.248586
inside_lvliang,431,2918.870193
inside_lvliang,432,2888.884905
inside_lvliang,433,2893.551506
inside_lvliang,434,2895.266841
inside_lvliang,435,2896.982176
inside_lvliang,436,2910.574497
inside_lvliang,437,2924.166818
inside_lvliang,438,2937.759139
inside_lvliang,439,2955.398831
inside_lvliang,440,2973.038523
inside_lvliang,441,2990.678215
inside_lvliang,442,2986.649841
inside_lvliang,443,2983.496619
inside_lvliang,444,2980.343398
inside_lvliang,445,2985.531933
inside_lvliang,446,2990.720467
inside_lvliang,447,2995.909002
inside_lvliang,448,3022.797211
inside_lvliang,449,3049.68542
inside_lvliang,450,3076.57363
inside_lvliang,451,3044.543742
inside_lvliang,452,3012.513855
inside_lvliang,453,2980.483967
inside_lvliang,454,2950.60781
inside_lvliang,455,2920.731652
inside_lvliang,456,2891.836171
inside_lvliang,457,2893.551506
inside_lvliang,458,2895.266841
inside_lvliang,459,2896.982176
inside_lvliang,460,2910.574497
inside_lvliang,461,2924.166818
inside_lvliang,462,2937.759139
inside_lvliang,463,2955.398831
inside_lvliang,464,2973.038523
inside_lvliang,465,2990.678215
inside_lvliang,466,2986.649841
inside_lvliang,467,2983.496619
inside_lvliang,468,2980.343398
inside_lvliang,469,2985.531933
inside_lvliang,470,2990.720467
inside_lvliang,471,2995.909002
inside_lvliang,472,3022.797211
inside_lvliang,473,3049.68542
inside_lvliang,474,3076.57363
inside_lvliang,475,3044.543742
inside_lvliang,476,3012.513855
inside_lvliang,477,2980.483967
inside_lvliang,478,2950.60781
inside_lvliang,479,2920.731652
inside_lvliang,480,2891.836171
inside_lvliang,481,2904.787387
inside_lvliang,482,2906.828313
inside_lvliang,483,2908.869238
inside_lvliang,484,2923.009126
inside_lvliang,485,2937.149014
inside_lvliang,486,2951.288902
inside_lvliang,487,2969.143928
inside_lvliang,488,2986.998954
inside_lvliang,489,3004.85398
inside_lvliang,490,2999.837927
inside_lvliang,491,2995.993679
inside_lvliang,492,2992.149431
inside_lvliang,493,2997.564967
inside_lvliang,494,3002.980504
inside_lvliang,495,3008.396041
inside_lvliang,496,3035.867052
inside_lvliang,497,3063.338063
inside_lvliang,498,3090.809075
inside_lvliang,499,3058.561199
inside_lvliang,500,3026.313324
inside_lvliang,501,2994.065449
inside_lvliang,502,2963.277783
inside_lvliang,503,2932.490117
inside_lvliang,504,2902.746461
inside_lvliang,505,2891.193244
inside_lvliang,506,2893.501582
inside_lvliang,507,2895.809921
inside_lvliang,508,2909.657881
inside_lvliang,509,2923.50584
inside_lvliang,510,2937.3538
inside_lvliang,511,2954.189442
inside_lvliang,512,2971.025085
inside_lvliang,513,2987.860728
inside_lvliang,514,2983.709057
inside_lvliang,515,2979.84403
inside_lvliang,516,2975.979004
inside_lvliang,517,2981.520361
inside_lvliang,518,2987.061718
inside_lvliang,519,2992.603076
inside_lvliang,520,3020.332737
inside_lvliang,521,3048.062399
inside_lvliang,522,3075.79206
inside_lvliang,523,3043.737033
inside_lvliang,524,3011.682006
inside_lvliang,525,2979.626979
inside_lvliang,526,2949.248586
inside_lvliang,527,2918.870193
inside_lvliang,528,2888.884905
inside_lvliang,529,2893.551506
inside_lvliang,530,2895.266841
inside_lvliang,531,2896.982176
inside_lvliang,532,2910.574497
inside_lvliang,533,2924.166818
inside_lvliang,534,2937.759139
inside_lvliang,535,2955.398831
inside_lvliang,536,2973.038523
inside_lvliang,537,2990.678215
inside_lvliang,538,2986.649841
inside_lvliang,539,2983.496619
inside_lvliang,540,2980.343398
inside_lvliang,541,2985.531933
inside_lvliang,542,2990.720467
inside_lvliang,543,2995.909002
inside_lvliang,544,3022.797211
inside_lvliang,545,3049.68542
inside_lvliang,546,3076.57363
inside_lvliang,547,3044.543742
inside_lvliang,548,3012.513855
inside_lvliang,549,2980.483967
inside_lvliang,550,2950.60781
inside_lvliang,551,2920.731652
inside_lvliang,552,2891.836171
inside_lvliang,553,2893.551506
inside_lvliang,554,2895.266841
inside_lvliang,555,2896.982176
inside_lvliang,556,2910.574497
inside_lvliang,557,2924.166818
inside_lvliang,558,2937.759139
inside_lvliang,559,2955.398831
inside_lvliang,560,2973.038523
inside_lvliang,561,2990.678215
inside_lvliang,562,2986.649841
inside_lvliang,563,2983.496619
inside_lvliang,564,2980.343398
inside_lvliang,565,2985.531933
inside_lvliang,566,2990.720467
inside_lvliang,567,2995.909002
inside_lvliang,568,3022.797211
inside_lvliang,569,3049.68542
inside_lvliang,570,3076.57363
inside_lvliang,571,3044.543742
inside_lvliang,572,3012.513855
inside_lvliang,573,2980.483967
inside_lvliang,574,2950.60781
inside_lvliang,575,2920.731652
inside_lvliang,576,2891.836171
inside_lvliang,577,2904.787387
inside_lvliang,578,2906.828313
inside_lvliang,579,2908.869238
inside_lvliang,580,2923.009126
inside_lvliang,581,2937.149014
inside_lvliang,582,2951.288902
inside_lvliang,583,2969.143928
inside_lvliang,584,2986.998954
inside_lvliang,585,3004.85398
inside_lvliang,586,2999.837927
inside_lvliang,587,2995.993679
inside_lvliang,588,2992.149431
inside_lvliang,589,2997.564967
inside_lvliang,590,3002.980504
inside_lvliang,591,3008.396041
inside_lvliang,592,3035.867052
inside_lvliang,593,3063.338063
inside_lvliang,594,3090.809075
inside_lvliang,595,3058.561199
inside_lvliang,596,3026.313324
inside_lvliang,597,2994.065449
inside_lvliang,598,2963.277783
inside_lvliang,599,2932.490117
inside_lvliang,600,2902.746461
inside_lvliang,601,2891.193244
inside_lvliang,602,2893.501582
inside_lvliang,603,2895.809921
inside_lvliang,604,2909.657881
inside_lvliang,605,2923.50584
inside_lvliang,606,2937.3538
inside_lvliang,607,2954.189442
inside_lvliang,608,2971.025085
inside_lvliang,609,2987.860728
inside_lvliang,610,2983.709057
inside_lvliang,611,2979.84403
inside_lvliang,612,2975.979004
inside_lvliang,613,2981.520361
inside_lvliang,614,2987.061718
inside_lvliang,615,2992.603076
inside_lvliang,616,3020.332737
inside_lvliang,617,3048.062399
inside_lvliang,618,3075.79206
inside_lvliang,619,3043.737033
inside_lvliang,620,3011.682006
inside_lvliang,621,2979.626979
inside_lvliang,622,2949.248586
inside_lvliang,623,2918.870193
inside_lvliang,624,2888.884905
inside_lvliang,625,2893.551506
inside_lvliang,626,2895.266841
inside_lvliang,627,2896.982176
inside_lvliang,628,2910.574497
inside_lvliang,629,2924.166818
inside_lvliang,630,2937.759139
inside_lvliang,631,2955.398831
inside_lvliang,632,2973.038523
inside_lvliang,633,2990.678215
inside_lvliang,634,2986.649841
inside_lvliang,635,2983.496619
inside_lvliang,636,2980.343398
inside_lvliang,637,2985.531933
inside_lvliang,638,2990.720467
inside_lvliang,639,2995.909002
inside_lvliang,640,3022.797211
inside_lvliang,641,3049.68542
inside_lvliang,642,3076.57363
inside_lvliang,643,3044.543742
inside_lvliang,644,3012.513855
inside_lvliang,645,2980.483967
inside_lvliang,646,2950.60781
inside_lvliang,647,2920.731652
inside_lvliang,648,2891.836171
inside_lvliang,649,2893.551506
inside_lvliang,650,2895.266841
inside_lvliang,651,2896.982176
inside_lvliang,652,2910.574497
inside_lvliang,653,2924.166818
inside_lvliang,654,2937.759139
inside_lvliang,655,2955.398831
inside_lvliang,656,2973.038523
inside_lvliang,657,2990.678215
inside_lvliang,658,2986.649841
inside_lvliang,659,2983.496619
inside_lvliang,660,2980.343398
inside_lvliang,661,2985.531933
inside_lvliang,662,2990.720467
inside_lvliang,663,2995.909002
inside_lvliang,664,3022.797211
inside_lvliang,665,3049.68542
inside_lvliang,666,3076.57363
inside_lvliang,667,3044.543742
inside_lvliang,668,3012.513855
inside_lvliang,669,2980.483967
inside_lvliang,670,2950.60781
inside_lvliang,671,2920.731652
inside_lvliang,672,2891.836171
inside_lvliang,673,2904.787387
inside_lvliang,674,2906.828313
inside_lvliang,675,2908.869238
inside_lvliang,676,2923.009126
inside_lvliang,677,2937.149014
inside_lvliang,678,2951.288902
inside_lvliang,679,2969.143928
inside_lvliang,680,2986.998954
inside_lvliang,681,3004.85398
inside_lvliang,682,2999.837927
inside_lvliang,683,2995.993679
inside_lvliang,684,2992.149431
inside_lvliang,685,2997.564967
inside_lvliang,686,3002.980504
inside_lvliang,687,3008.396041
inside_lvliang,688,3035.867052
inside_lvliang,689,3063.338063
inside_lvliang,690,3090.809075
inside_lvliang,691,3058.561199
inside_lvliang,692,3026.313324
inside_lvliang,693,2994.065449
inside_lvliang,694,2963.277783
inside_lvliang,695,2932.490117
inside_lvliang,696,2902.746461
inside_lvliang,697,2891.193244
inside_lvliang,698,2893.501582
inside_lvliang,699,2895.809921
inside_lvliang,700,2909.657881
inside_lvliang,701,2923.50584
inside_lvliang,702,2937.3538
inside_lvliang,703,2954.189442
inside_lvliang,704,2971.025085
inside_lvliang,705,2987.860728
inside_lvliang,706,2983.709057
inside_lvliang,707,2979.84403
inside_lvliang,708,2975.979004
inside_lvliang,709,2981.520361
inside_lvliang,710,2987.061718
inside_lvliang,711,2992.603076
inside_lvliang,712,3020.332737
inside_lvliang,713,3048.062399
inside_lvliang,714,3075.79206
inside_lvliang,715,3043.737033
inside_lvliang,716,3011.682006
inside_lvliang,717,2979.626979
inside_lvliang,718,2949.248586
inside_lvliang,719,2918.870193
inside_lvliang,720,2888.884905
inside_lvliang,721,2893.551506
inside_lvliang,722,2895.266841
inside_lvliang,723,2896.982176
inside_lvliang,724,2910.574497
inside_lvliang,725,2924.166818
inside_lvliang,726,2937.759139
inside_lvliang,727,2955.398831
inside_lvliang,728,2973.038523
inside_lvliang,729,2990.678215
inside_lvliang,730,2986.649841
inside_lvliang,731,2983.496619
inside_lvliang,732,2980.343398
inside_lvliang,733,2985.531933
inside_lvliang,734,2990.720467
inside_lvliang,735,2995.909002
inside_lvliang,736,3022.797211
inside_lvliang,737,3049.68542
inside_lvliang,738,3076.57363
inside_lvliang,739,3044.543742
inside_lvliang,740,3012.513855
inside_lvliang,741,2980.483967
inside_lvliang,742,2950.60781
inside_lvliang,743,2920.731652
inside_lvliang,744,2891.836171
inside_lvliang,745,2893.551506
inside_lvliang,746,2895.266841
inside_lvliang,747,2896.982176
inside_lvliang,748,2910.574497
inside_lvliang,749,2924.166818
inside_lvliang,750,2937.759139
inside_lvliang,751,2955.398831
inside_lvliang,752,2973.038523
inside_lvliang,753,2990.678215
inside_lvliang,754,2986.649841
inside_lvliang,755,2983.496619
inside_lvliang,756,2980.343398
inside_lvliang,757,2985.531933
inside_lvliang,758,2990.720467
inside_lvliang,759,2995.909002
inside_lvliang,760,3022.797211
inside_lvliang,761,3049.68542
inside_lvliang,762,3076.57363
inside_lvliang,763,3044.543742
inside_lvliang,764,3012.513855
inside_lvliang,765,2980.483967
inside_lvliang,766,2950.60781
inside_lvliang,767,2920.731652
inside_lvliang,768,2891.836171
inside_lvliang,769,2904.787387
inside_lvliang,770,2906.828313
inside_lvliang,771,2908.869238
inside_lvliang,772,2923.009126
inside_lvliang,773,2937.149014
inside_lvliang,774,2951.288902
inside_lvliang,775,2969.143928
inside_lvliang,776,2986.998954
inside_lvliang,777,3004.85398
inside_lvliang,778,2999.837927
inside_lvliang,779,2995.993679
inside_lvliang,780,2992.149431
inside_lvliang,781,2997.564967
inside_lvliang,782,3002.980504
inside_lvliang,783,3008.396041
inside_lvliang,784,3035.867052
inside_lvliang,785,3063.338063
inside_lvliang,786,3090.809075
inside_lvliang,787,3058.561199
inside_lvliang,788,3026.313324
inside_lvliang,789,2994.065449
inside_lvliang,790,2963.277783
inside_lvliang,791,2932.490117
inside_lvliang,792,2902.746461
inside_lvliang,793,2891.193244
inside_lvliang,794,2893.501582
inside_lvliang,795,2895.809921
inside_lvliang,796,2909.657881
inside_lvliang,797,2923.50584
inside_lvliang,798,2937.3538
inside_lvliang,799,2954.189442
inside_lvliang,800,2971.025085
inside_lvliang,801,2987.860728
inside_lvliang,802,2983.709057
inside_lvliang,803,2979.84403
inside_lvliang,804,2975.979004
inside_lvliang,805,2981.520361
inside_lvliang,806,2987.061718
inside_lvliang,807,2992.603076
inside_lvliang,808,3020.332737
inside_lvliang,809,3048.062399
inside_lvliang,810,3075.79206
inside_lvliang,811,3043.737033
inside_lvliang,812,3011.682006
inside_lvliang,813,2979.626979
inside_lvliang,814,2949.248586
inside_lvliang,815,2918.870193
inside_lvliang,816,2888.884905
inside_lvliang,817,2893.551506
inside_lvliang,818,2895.266841
inside_lvliang,819,2896.982176
inside_lvliang,820,2910.574497
inside_lvliang,821,2924.166818
inside_lvliang,822,2937.759139
inside_lvliang,823,2955.398831
inside_lvliang,824,2973.038523
inside_lvliang,825,2990.678215
inside_lvliang,826,2986.649841
inside_lvliang,827,2983.496619
inside_lvliang,828,2980.343398
inside_lvliang,829,2985.531933
inside_lvliang,830,2990.720467
inside_lvliang,831,2995.909002
inside_lvliang,832,3022.797211
inside_lvliang,833,3049.68542
inside_lvliang,834,3076.57363
inside_lvliang,835,3044.543742
inside_lvliang,836,3012.513855
inside_lvliang,837,2980.483967
inside_lvliang,838,2950.60781
inside_lvliang,839,2920.731652
inside_lvliang,840,2891.836171
inside_lvliang,841,2893.551506
inside_lvliang,842,2895.266841
inside_lvliang,843,2896.982176
inside_lvliang,844,2910.574497
inside_lvliang,845,2924.166818
inside_lvliang,846,2937.759139
inside_lvliang,847,2955.398831
inside_lvliang,848,2973.038523
inside_lvliang,849,2990.678215
inside_lvliang,850,2986.649841
inside_lvliang,851,2983.496619
inside_lvliang,852,2980.343398
inside_lvliang,853,2985.531933
inside_lvliang,854,2990.720467
inside_lvliang,855,2995.909002
inside_lvliang,856,3022.797211
inside_lvliang,857,3049.68542
inside_lvliang,858,3076.57363
inside_lvliang,859,3044.543742
inside_lvliang,860,3012.513855
inside_lvliang,861,2980.483967
inside_lvliang,862,2950.60781
inside_lvliang,863,2920.731652
inside_lvliang,864,2891.836171
inside_lvliang,865,2904.787387
inside_lvliang,866,2906.828313
inside_lvliang,867,2908.869238
inside_lvliang,868,2923.009126
inside_lvliang,869,2937.149014
inside_lvliang,870,2951.288902
inside_lvliang,871,2969.143928
inside_lvliang,872,2986.998954
inside_lvliang,873,3004.85398
inside_lvliang,874,2999.837927
inside_lvliang,875,2995.993679
inside_lvliang,876,2992.149431
inside_lvliang,877,2997.564967
inside_lvliang,878,3002.980504
inside_lvliang,879,3008.396041
inside_lvliang,880,3035.867052
inside_lvliang,881,3063.338063
inside_lvliang,882,3090.809075
inside_lvliang,883,3058.561199
inside_lvliang,884,3026.313324
inside_lvliang,885,2994.065449
inside_lvliang,886,2963.277783
inside_lvliang,887,2932.490117
inside_lvliang,888,2902.746461
inside_lvliang,889,2891.193244
inside_lvliang,890,2893.501582
inside_lvliang,891,2895.809921
inside_lvliang,892,2909.657881
inside_lvliang,893,2923.50584
inside_lvliang,894,2937.3538
inside_lvliang,895,2954.189442
inside_lvliang,896,2971.025085
inside_lvliang,897,2987.860728
inside_lvliang,898,2983.709057
inside_lvliang,899,2979.84403
inside_lvliang,900,2975.979004
inside_lvliang,901,2981.520361
inside_lvliang,902,2987.061718
inside_lvliang,903,2992.603076
inside_lvliang,904,3020.332737
inside_lvliang,905,3048.062399
inside_lvliang,906,3075.79206
inside_lvliang,907,3043.737033
inside_lvliang,908,3011.682006
inside_lvliang,909,2979.626979
inside_lvliang,910,2949.248586
inside_lvliang,911,2918.870193
inside_lvliang,912,2888.884905
inside_lvliang,913,2893.551506
inside_lvliang,914,2895.266841
inside_lvliang,915,2896.982176
inside_lvliang,916,2910.574497
inside_lvliang,917,2924.166818
inside_lvliang,918,2937.759139
inside_lvliang,919,2955.398831
inside_lvliang,920,2973.038523
inside_lvliang,921,2990.678215
inside_lvliang,922,2986.649841
inside_lvliang,923,2983.496619
inside_lvliang,924,2980.343398
inside_lvliang,925,2985.531933
inside_lvliang,926,2990.720467
inside_lvliang,927,2995.909002
inside_lvliang,928,3022.797211
inside_lvliang,929,3049.68542
inside_lvliang,930,3076.57363
inside_lvliang,931,3044.543742
inside_lvliang,932,3012.513855
inside_lvliang,933,2980.483967
inside_lvliang,934,2950.60781
inside_lvliang,935,2920.731652
inside_lvliang,936,2891.836171
inside_lvliang,937,2893.551506
inside_lvliang,938,2895.266841
inside_lvliang,939,2896.982176
inside_lvliang,940,2910.574497
inside_lvliang,941,2924.166818
inside_lvliang,942,2937.759139
inside_lvliang,943,2955.398831
inside_lvliang,944,2973.038523
inside_lvliang,945,2990.678215
inside_lvliang,946,2986.649841
inside_lvliang,947,2983.496619
inside_lvliang,948,2980.343398
inside_lvliang,949,2985.531933
inside_lvliang,950,2990.720467
inside_lvliang,951,2995.909002
inside_lvliang,952,3022.797211
inside_lvliang,953,3049.68542
inside_lvliang,954,3076.57363
inside_lvliang,955,3044.543742
inside_lvliang,956,3012.513855
inside_lvliang,957,2980.483967
inside_lvliang,958,2950.60781
inside_lvliang,959,2920.731652
inside_lvliang,960,2891.836171
inside_lvliang,961,2904.787387
inside_lvliang,962,2906.828313
inside_lvliang,963,2908.869238
inside_lvliang,964,2923.009126
inside_lvliang,965,2937.149014
inside_lvliang,966,2951.288902
inside_lvliang,967,2969.143928
inside_lvliang,968,2986.998954
inside_lvliang,969,3004.85398
inside_lvliang,970,2999.837927
inside_lvliang,971,2995.993679
inside_lvliang,972,2992.149431
inside_lvliang,973,2997.564967
inside_lvliang,974,3002.980504
inside_lvliang,975,3008.396041
inside_lvliang,976,3035.867052
inside_lvliang,977,3063.338063
inside_lvliang,978,3090.809075
inside_lvliang,979,3058.561199
inside_lvliang,980,3026.313324
inside_lvliang,981,2994.065449
inside_lvliang,982,2963.277783
inside_lvliang,983,2932.490117
inside_lvliang,984,2902.746461
inside_lvliang,985,2891.193244
inside_lvliang,986,2893.501582
inside_lvliang,987,2895.809921
inside_lvliang,988,2909.657881
inside_lvliang,989,2923.50584
inside_lvliang,990,2937.3538
inside_lvliang,991,2954.189442
inside_lvliang,992,2971.025085
inside_lvliang,993,2987.860728
inside_lvliang,994,2983.709057
inside_lvliang,995,2979.84403
inside_lvliang,996,2975.979004
inside_lvliang,997,2981.520361
inside_lvliang,998,2987.061718
inside_lvliang,999,2992.603076
inside_lvliang,1000,3020.332737
inside_lvliang,1001,3048.062399
inside_lvliang,1002,3075.79206
inside_lvliang,1003,3043.737033
inside_lvliang,1004,3011.682006
inside_lvliang,1005,2979.626979
inside_lvliang,1006,2949.248586
inside_lvliang,1007,2918.870193
inside_lvliang,1008,2888.884905
inside_lvliang,1009,2893.551506
inside_lvliang,1010,2895.266841
inside_lvliang,1011,2896.982176
inside_lvliang,1012,2910.574497
inside_lvliang,1013,2924.166818
inside_lvliang,1014,2937.759139
inside_lvliang,1015,2955.398831
inside_lvliang,1016,2973.038523
inside_lvliang,1017,2990.678215
inside_lvliang,1018,2986.649841
inside_lvliang,1019,2983.496619
inside_lvliang,1020,2980.343398
inside_lvliang,1021,2985.531933
inside_lvliang,1022,2990.720467
inside_lvliang,1023,2995.909002
inside_lvliang,1024,3022.797211
inside_lvliang,1025,3049.68542
inside_lvliang,1026,3076.57363
inside_lvliang,1027,3044.543742
inside_lvliang,1028,3012.513855
inside_lvliang,1029,2980.483967
inside_lvliang,1030,2950.60781
inside_lvliang,1031,2920.731652
inside_lvliang,1032,2891.836171
inside_lvliang,1033,2893.551506
inside_lvliang,1034,2895.266841
inside_lvliang,1035,2896.982176
inside_lvliang,1036,2910.574497
inside_lvliang,1037,2924.166818
inside_lvliang,1038,2937.759139
inside_lvliang,1039,2955.398831
inside_lvliang,1040,2973.038523
inside_lvliang,1041,2990.678215
inside_lvliang,1042,2986.649841
inside_lvliang,1043,2983.496619
inside_lvliang,1044,2980.343398
inside_lvliang,1045,2985.531933
inside_lvliang,1046,2990.720467
inside_lvliang,1047,2995.909002
inside_lvliang,1048,3022.797211
inside_lvliang,1049,3049.68542
inside_lvliang,1050,3076.57363
inside_lvliang,1051,3044.543742
inside_lvliang,1052,3012.513855
inside_lvliang,1053,2980.483967
inside_lvliang,1054,2950.60781
inside_lvliang,1055,2920.731652
inside_lvliang,1056,2891.836171
inside_lvliang,1057,2904.787387
inside_lvliang,1058,2906.828313
inside_lvliang,1059,2908.869238
inside_lvliang,1060,2923.009126
inside_lvliang,1061,2937.149014
inside_lvliang,1062,2951.288902
inside_lvliang,1063,2969.143928
inside_lvliang,1064,2986.998954
inside_lvliang,1065,3004.85398
inside_lvliang,1066,2999.837927
inside_lvliang,1067,2995.993679
inside_lvliang,1068,2992.149431
inside_lvliang,1069,2997.564967
inside_lvliang,1070,3002.980504
inside_lvliang,1071,3008.396041
inside_lvliang,1072,3035.867052
inside_lvliang,1073,3063.338063
inside_lvliang,1074,3090.809075
inside_lvliang,1075,3058.561199
inside_lvliang,1076,3026.313324
inside_lvliang,1077,2994.065449
inside_lvliang,1078,2963.277783
inside_lvliang,1079,2932.490117
inside_lvliang,1080,2902.746461
inside_lvliang,1081,2891.193244
inside_lvliang,1082,2893.501582
inside_lvliang,1083,2895.809921
inside_lvliang,1084,2909.657881
inside_lvliang,1085,2923.50584
inside_lvliang,1086,2937.3538
inside_lvliang,1087,2954.189442
inside_lvliang,1088,2971.025085
inside_lvliang,1089,2987.860728
inside_lvliang,1090,2983.709057
inside_lvliang,1091,2979.84403
inside_lvliang,1092,2975.979004
inside_lvliang,1093,2981.520361
inside_lvliang,1094,2987.061718
inside_lvliang,1095,2992.603076
inside_lvliang,1096,3020.332737
inside_lvliang,1097,3048.062399
inside_lvliang,1098,3075.79206
inside_lvliang,1099,3043.737033
inside_lvliang,1100,3011.682006
inside_lvliang,1101,2979.626979
inside_lvliang,1102,2949.248586
inside_lvliang,1103,2918.870193
inside_lvliang,1104,2888.884905
inside_lvliang,1105,2893.551506
inside_lvliang,1106,2895.266841
inside_lvliang,1107,2896.982176
inside_lvliang,1108,2910.574497
inside_lvliang,1109,2924.166818
inside_lvliang,1110,2937.759139
inside_lvliang,1111,2955.398831
inside_lvliang,1112,2973.038523
inside_lvliang,1113,2990.678215
inside_lvliang,1114,2986.649841
inside_lvliang,1115,2983.496619
inside_lvliang,1116,2980.343398
inside_lvliang,1117,2985.531933
inside_lvliang,1118,2990.720467
inside_lvliang,1119,2995.909002
inside_lvliang,1120,3022.797211
inside_lvliang,1121,3049.68542
inside_lvliang,1122,3076.57363
inside_lvliang,1123,3044.543742
inside_lvliang,1124,3012.513855
inside_lvliang,1125,2980.483967
inside_lvliang,1126,2950.60781
inside_lvliang,1127,2920.731652
inside_lvliang,1128,2891.836171
inside_lvliang,1129,2893.551506
inside_lvliang,1130,2895.266841
inside_lvliang,1131,2896.982176
inside_lvliang,1132,2910.574497
inside_lvliang,1133,2924.166818
inside_lvliang,1134,2937.759139
inside_lvliang,1135,2955.398831
inside_lvliang,1136,2973.038523
inside_lvliang,1137,2990.678215
inside_lvliang,1138,2986.649841
inside_lvliang,1139,2983.496619
inside_lvliang,1140,2980.343398
inside_lvliang,1141,2985.531933
inside_lvliang,1142,2990.720467
inside_lvliang,1143,2995.909002
inside_lvliang,1144,3022.797211
inside_lvliang,1145,3049.68542
inside_lvliang,1146,3076.57363
inside_lvliang,1147,3044.543742
inside_lvliang,1148,3012.513855
inside_lvliang,1149,2980.483967
inside_lvliang,1150,2950.60781
inside_lvliang,1151,2920.731652
inside_lvliang,1152,2891.836171
outside_lvliang,1,100
outside_lvliang,2,100
outside_lvliang,3,100
outside_lvliang,4,100
outside_lvliang,5,100
outside_lvliang,6,100
outside_lvliang,7,100
outside_lvliang,8,100
outside_lvliang,9,100
outside_lvliang,10,100
outside_lvliang,11,100
outside_lvliang,12,100
outside_lvliang,13,100
outside_lvliang,14,100
outside_lvliang,15,100
outside_lvliang,16,100
outside_lvliang,17,100
outside_lvliang,18,100
outside_lvliang,19,100
outside_lvliang,20,100
outside_lvliang,21,100
outside_lvliang,22,100
outside_lvliang,23,100
outside_lvliang,24,100
outside_lvliang,25,100
outside_lvliang,26,100
outside_lvliang,27,100
outside_lvliang,28,100
outside_lvliang,29,100
outside_lvliang,30,100
outside_lvliang,31,100
outside_lvliang,32,100
outside_lvliang,33,100
outside_lvliang,34,100
outside_lvliang,35,100
outside_lvliang,36,100
outside_lvliang,37,100
outside_lvliang,38,100
outside_lvliang,39,100
outside_lvliang,40,100
outside_lvliang,41,100
outside_lvliang,42,100
outside_lvliang,43,100
outside_lvliang,44,100
outside_lvliang,45,100
outside_lvliang,46,100
outside_lvliang,47,100
outside_lvliang,48,100
outside_lvliang,49,100
outside_lvliang,50,100
outside_lvliang,51,100
outside_lvliang,52,100
outside_lvliang,53,100
outside_lvliang,54,100
outside_lvliang,55,100
outside_lvliang,56,100
outside_lvliang,57,100
outside_lvliang,58,100
outside_lvliang,59,100
outside_lvliang,60,100
outside_lvliang,61,100
outside_lvliang,62,100
outside_lvliang,63,100
outside_lvliang,64,100
outside_lvliang,65,100
outside_lvliang,66,100
outside_lvliang,67,100
outside_lvliang,68,100
outside_lvliang,69,100
outside_lvliang,70,100
outside_lvliang,71,100
outside_lvliang,72,100
outside_lvliang,73,100
outside_lvliang,74,100
outside_lvliang,75,100
outside_lvliang,76,100
outside_lvliang,77,100
outside_lvliang,78,100
outside_lvliang,79,100
outside_lvliang,80,100
outside_lvliang,81,100
outside_lvliang,82,100
outside_lvliang,83,100
outside_lvliang,84,100
outside_lvliang,85,100
outside_lvliang,86,100
outside_lvliang,87,100
outside_lvliang,88,100
outside_lvliang,89,100
outside_lvliang,90,100
outside_lvliang,91,100
outside_lvliang,92,100
outside_lvliang,93,100
outside_lvliang,94,100
outside_lvliang,95,100
outside_lvliang,96,100
outside_lvliang,97,100
outside_lvliang,98,100
outside_lvliang,99,100
outside_lvliang,100,100
outside_lvliang,101,100
outside_lvliang,102,100
outside_lvliang,103,100
outside_lvliang,104,100
outside_lvliang,105,100
outside_lvliang,106,100
outside_lvliang,107,100
outside_lvliang,108,100
outside_lvliang,109,100
outside_lvliang,110,100
outside_lvliang,111,100
outside_lvliang,112,100
outside_lvliang,113,100
outside_lvliang,114,100
outside_lvliang,115,100
outside_lvliang,116,100
outside_lvliang,117,100
outside_lvliang,118,100
outside_lvliang,119,100
outside_lvliang,120,100
outside_lvliang,121,100
outside_lvliang,122,100
outside_lvliang,123,100
outside_lvliang,124,100
outside_lvliang,125,100
outside_lvliang,126,100
outside_lvliang,127,100
outside_lvliang,128,100
outside_lvliang,129,100
outside_lvliang,130,100
outside_lvliang,131,100
outside_lvliang,132,100
outside_lvliang,133,100
outside_lvliang,134,100
outside_lvliang,135,100
outside_lvliang,136,100
outside_lvliang,137,100
outside_lvliang,138,100
outside_lvliang,139,100
outside_lvliang,140,100
outside_lvliang,141,100
outside_lvliang,142,100
outside_lvliang,143,100
outside_lvliang,144,100
outside_lvliang,145,100
outside_lvliang,146,100
outside_lvliang,147,100
outside_lvliang,148,100
outside_lvliang,149,100
outside_lvliang,150,100
outside_lvliang,151,100
outside_lvliang,152,100
outside_lvliang,153,100
outside_lvliang,154,100
outside_lvliang,155,100
outside_lvliang,156,100
outside_lvliang,157,100
outside_lvliang,158,100
outside_lvliang,159,100
outside_lvliang,160,100
outside_lvliang,161,100
outside_lvliang,162,100
outside_lvliang,163,100
outside_lvliang,164,100
outside_lvliang,165,100
outside_lvliang,166,100
outside_lvliang,167,100
outside_lvliang,168,100
outside_lvliang,169,100
outside_lvliang,170,100
outside_lvliang,171,100
outside_lvliang,172,100
outside_lvliang,173,100
outside_lvliang,174,100
outside_lvliang,175,100
outside_lvliang,176,100
outside_lvliang,177,100
outside_lvliang,178,100
outside_lvliang,179,100
outside_lvliang,180,100
outside_lvliang,181,100
outside_lvliang,182,100
outside_lvliang,183,100
outside_lvliang,184,100
outside_lvliang,185,100
outside_lvliang,186,100
outside_lvliang,187,100
outside_lvliang,188,100
outside_lvliang,189,100
outside_lvliang,190,100
outside_lvliang,191,100
outside_lvliang,192,100
outside_lvliang,193,100
outside_lvliang,194,100
outside_lvliang,195,100
outside_lvliang,196,100
outside_lvliang,197,100
outside_lvliang,198,100
outside_lvliang,199,100
outside_lvliang,200,100
outside_lvliang,201,100
outside_lvliang,202,100
outside_lvliang,203,100
outside_lvliang,204,100
outside_lvliang,205,100
outside_lvliang,206,100
outside_lvliang,207,100
outside_lvliang,208,100
outside_lvliang,209,100
outside_lvliang,210,100
outside_lvliang,211,100
outside_lvliang,212,100
outside_lvliang,213,100
outside_lvliang,214,100
outside_lvliang,215,100
outside_lvliang,216,100
outside_lvliang,217,100
outside_lvliang,218,100
outside_lvliang,219,100
outside_lvliang,220,100
outside_lvliang,221,100
outside_lvliang,222,100
outside_lvliang,223,100
outside_lvliang,224,100
outside_lvliang,225,100
outside_lvliang,226,100
outside_lvliang,227,100
outside_lvliang,228,100
outside_lvliang,229,100
outside_lvliang,230,100
outside_lvliang,231,100
outside_lvliang,232,100
outside_lvliang,233,100
outside_lvliang,234,100
outside_lvliang,235,100
outside_lvliang,236,100
outside_lvliang,237,100
outside_lvliang,238,100
outside_lvliang,239,100
outside_lvliang,240,100
outside_lvliang,241,100
outside_lvliang,242,100
outside_lvliang,243,100
outside_lvliang,244,100
outside_lvliang,245,100
outside_lvliang,246,100
outside_lvliang,247,100
outside_lvliang,248,100
outside_lvliang,249,100
outside_lvliang,250,100
outside_lvliang,251,100
outside_lvliang,252,100
outside_lvliang,253,100
outside_lvliang,254,100
outside_lvliang,255,100
outside_lvliang,256,100
outside_lvliang,257,100
outside_lvliang,258,100
outside_lvliang,259,100
outside_lvliang,260,100
outside_lvliang,261,100
outside_lvliang,262,100
outside_lvliang,263,100
outside_lvliang,264,100
outside_lvliang,265,100
outside_lvliang,266,100
outside_lvliang,267,100
outside_lvliang,268,100
outside_lvliang,269,100
outside_lvliang,270,100
outside_lvliang,271,100
outside_lvliang,272,100
outside_lvliang,273,100
outside_lvliang,274,100
outside_lvliang,275,100
outside_lvliang,276,100
outside_lvliang,277,100
outside_lvliang,278,100
outside_lvliang,279,100
outside_lvliang,280,100
outside_lvliang,281,100
outside_lvliang,282,100
outside_lvliang,283,100
outside_lvliang,284,100
outside_lvliang,285,100
outside_lvliang,286,100
outside_lvliang,287,100
outside_lvliang,288,100
outside_lvliang,289,100
outside_lvliang,290,100
outside_lvliang,291,100
outside_lvliang,292,100
outside_lvliang,293,100
outside_lvliang,294,100
outside_lvliang,295,100
outside_lvliang,296,100
outside_lvliang,297,100
outside_lvliang,298,100
outside_lvliang,299,100
outside_lvliang,300,100
outside_lvliang,301,100
outside_lvliang,302,100
outside_lvliang,303,100
outside_lvliang,304,100
outside_lvliang,305,100
outside_lvliang,306,100
outside_lvliang,307,100
outside_lvliang,308,100
outside_lvliang,309,100
outside_lvliang,310,100
outside_lvliang,311,100
outside_lvliang,312,100
outside_lvliang,313,100
outside_lvliang,314,100
outside_lvliang,315,100
outside_lvliang,316,100
outside_lvliang,317,100
outside_lvliang,318,100
outside_lvliang,319,100
outside_lvliang,320,100
outside_lvliang,321,100
outside_lvliang,322,100
outside_lvliang,323,100
outside_lvliang,324,100
outside_lvliang,325,100
outside_lvliang,326,100
outside_lvliang,327,100
outside_lvliang,328,100
outside_lvliang,329,100
outside_lvliang,330,100
outside_lvliang,331,100
outside_lvliang,332,100
outside_lvliang,333,100
outside_lvliang,334,100
outside_lvliang,335,100
outside_lvliang,336,100
outside_lvliang,337,100
outside_lvliang,338,100
outside_lvliang,339,100
outside_lvliang,340,100
outside_lvliang,341,100
outside_lvliang,342,100
outside_lvliang,343,100
outside_lvliang,344,100
outside_lvliang,345,100
outside_lvliang,346,100
outside_lvliang,347,100
outside_lvliang,348,100
outside_lvliang,349,100
outside_lvliang,350,100
outside_lvliang,351,100
outside_lvliang,352,100
outside_lvliang,353,100
outside_lvliang,354,100
outside_lvliang,355,100
outside_lvliang,356,100
outside_lvliang,357,100
outside_lvliang,358,100
outside_lvliang,359,100
outside_lvliang,360,100
outside_lvliang,361,100
outside_lvliang,362,100
outside_lvliang,363,100
outside_lvliang,364,100
outside_lvliang,365,100
outside_lvliang,366,100
outside_lvliang,367,100
outside_lvliang,368,100
outside_lvliang,369,100
outside_lvliang,370,100
outside_lvliang,371,100
outside_lvliang,372,100
outside_lvliang,373,100
outside_lvliang,374,100
outside_lvliang,375,100
outside_lvliang,376,100
outside_lvliang,377,100
outside_lvliang,378,100
outside_lvliang,379,100
outside_lvliang,380,100
outside_lvliang,381,100
outside_lvliang,382,100
outside_lvliang,383,100
outside_lvliang,384,100
outside_lvliang,385,100
outside_lvliang,386,100
outside_lvliang,387,100
outside_lvliang,388,100
outside_lvliang,389,100
outside_lvliang,390,100
outside_lvliang,391,100
outside_lvliang,392,100
outside_lvliang,393,100
outside_lvliang,394,100
outside_lvliang,395,100
outside_lvliang,396,100
outside_lvliang,397,100
outside_lvliang,398,100
outside_lvliang,399,100
outside_lvliang,400,100
outside_lvliang,401,100
outside_lvliang,402,100
outside_lvliang,403,100
outside_lvliang,404,100
outside_lvliang,405,100
outside_lvliang,406,100
outside_lvliang,407,100
outside_lvliang,408,100
outside_lvliang,409,100
outside_lvliang,410,100
outside_lvliang,411,100
outside_lvliang,412,100
outside_lvliang,413,100
outside_lvliang,414,100
outside_lvliang,415,100
outside_lvliang,416,100
outside_lvliang,417,100
outside_lvliang,418,100
outside_lvliang,419,100
outside_lvliang,420,100
outside_lvliang,421,100
outside_lvliang,422,100
outside_lvliang,423,100
outside_lvliang,424,100
outside_lvliang,425,100
outside_lvliang,426,100
outside_lvliang,427,100
outside_lvliang,428,100
outside_lvliang,429,100
outside_lvliang,430,100
outside_lvliang,431,100
outside_lvliang,432,100
outside_lvliang,433,100
outside_lvliang,434,100
outside_lvliang,435,100
outside_lvliang,436,100
outside_lvliang,437,100
outside_lvliang,438,100
outside_lvliang,439,100
outside_lvliang,440,100
outside_lvliang,441,100
outside_lvliang,442,100
outside_lvliang,443,100
outside_lvliang,444,100
outside_lvliang,445,100
outside_lvliang,446,100
outside_lvliang,447,100
outside_lvliang,448,100
outside_lvliang,449,100
outside_lvliang,450,100
outside_lvliang,451,100
outside_lvliang,452,100
outside_lvliang,453,100
outside_lvliang,454,100
outside_lvliang,455,100
outside_lvliang,456,100
outside_lvliang,457,100
outside_lvliang,458,100
outside_lvliang,459,100
outside_lvliang,460,100
outside_lvliang,461,100
outside_lvliang,462,100
outside_lvliang,463,100
outside_lvliang,464,100
outside_lvliang,465,100
outside_lvliang,466,100
outside_lvliang,467,100
outside_lvliang,468,100
outside_lvliang,469,100
outside_lvliang,470,100
outside_lvliang,471,100
outside_lvliang,472,100
outside_lvliang,473,100
outside_lvliang,474,100
outside_lvliang,475,100
outside_lvliang,476,100
outside_lvliang,477,100
outside_lvliang,478,100
outside_lvliang,479,100
outside_lvliang,480,100
outside_lvliang,481,100
outside_lvliang,482,100
outside_lvliang,483,100
outside_lvliang,484,100
outside_lvliang,485,100
outside_lvliang,486,100
outside_lvliang,487,100
outside_lvliang,488,100
outside_lvliang,489,100
outside_lvliang,490,100
outside_lvliang,491,100
outside_lvliang,492,100
outside_lvliang,493,100
outside_lvliang,494,100
outside_lvliang,495,100
outside_lvliang,496,100
outside_lvliang,497,100
outside_lvliang,498,100
outside_lvliang,499,100
outside_lvliang,500,100
outside_lvliang,501,100
outside_lvliang,502,100
outside_lvliang,503,100
outside_lvliang,504,100
outside_lvliang,505,100
outside_lvliang,506,100
outside_lvliang,507,100
outside_lvliang,508,100
outside_lvliang,509,100
outside_lvliang,510,100
outside_lvliang,511,100
outside_lvliang,512,100
outside_lvliang,513,100
outside_lvliang,514,100
outside_lvliang,515,100
outside_lvliang,516,100
outside_lvliang,517,100
outside_lvliang,518,100
outside_lvliang,519,100
outside_lvliang,520,100
outside_lvliang,521,100
outside_lvliang,522,100
outside_lvliang,523,100
outside_lvliang,524,100
outside_lvliang,525,100
outside_lvliang,526,100
outside_lvliang,527,100
outside_lvliang,528,100
outside_lvliang,529,100
outside_lvliang,530,100
outside_lvliang,531,100
outside_lvliang,532,100
outside_lvliang,533,100
outside_lvliang,534,100
outside_lvliang,535,100
outside_lvliang,536,100
outside_lvliang,537,100
outside_lvliang,538,100
outside_lvliang,539,100
outside_lvliang,540,100
outside_lvliang,541,100
outside_lvliang,542,100
outside_lvliang,543,100
outside_lvliang,544,100
outside_lvliang,545,100
outside_lvliang,546,100
outside_lvliang,547,100
outside_lvliang,548,100
outside_lvliang,549,100
outside_lvliang,550,100
outside_lvliang,551,100
outside_lvliang,552,100
outside_lvliang,553,100
outside_lvliang,554,100
outside_lvliang,555,100
outside_lvliang,556,100
outside_lvliang,557,100
outside_lvliang,558,100
outside_lvliang,559,100
outside_lvliang,560,100
outside_lvliang,561,100
outside_lvliang,562,100
outside_lvliang,563,100
outside_lvliang,564,100
outside_lvliang,565,100
outside_lvliang,566,100
outside_lvliang,567,100
outside_lvliang,568,100
outside_lvliang,569,100
outside_lvliang,570,100
outside_lvliang,571,100
outside_lvliang,572,100
outside_lvliang,573,100
outside_lvliang,574,100
outside_lvliang,575,100
outside_lvliang,576,100
outside_lvliang,577,100
outside_lvliang,578,100
outside_lvliang,579,100
outside_lvliang,580,100
outside_lvliang,581,100
outside_lvliang,582,100
outside_lvliang,583,100
outside_lvliang,584,100
outside_lvliang,585,100
outside_lvliang,586,100
outside_lvliang,587,100
outside_lvliang,588,100
outside_lvliang,589,100
outside_lvliang,590,100
outside_lvliang,591,100
outside_lvliang,592,100
outside_lvliang,593,100
outside_lvliang,594,100
outside_lvliang,595,100
outside_lvliang,596,100
outside_lvliang,597,100
outside_lvliang,598,100
outside_lvliang,599,100
outside_lvliang,600,100
outside_lvliang,601,100
outside_lvliang,602,100
outside_lvliang,603,100
outside_lvliang,604,100
outside_lvliang,605,100
outside_lvliang,606,100
outside_lvliang,607,100
outside_lvliang,608,100
outside_lvliang,609,100
outside_lvliang,610,100
outside_lvliang,611,100
outside_lvliang,612,100
outside_lvliang,613,100
outside_lvliang,614,100
outside_lvliang,615,100
outside_lvliang,616,100
outside_lvliang,617,100
outside_lvliang,618,100
outside_lvliang,619,100
outside_lvliang,620,100
outside_lvliang,621,100
outside_lvliang,622,100
outside_lvliang,623,100
outside_lvliang,624,100
outside_lvliang,625,100
outside_lvliang,626,100
outside_lvliang,627,100
outside_lvliang,628,100
outside_lvliang,629,100
outside_lvliang,630,100
outside_lvliang,631,100
outside_lvliang,632,100
outside_lvliang,633,100
outside_lvliang,634,100
outside_lvliang,635,100
outside_lvliang,636,100
outside_lvliang,637,100
outside_lvliang,638,100
outside_lvliang,639,100
outside_lvliang,640,100
outside_lvliang,641,100
outside_lvliang,642,100
outside_lvliang,643,100
outside_lvliang,644,100
outside_lvliang,645,100
outside_lvliang,646,100
outside_lvliang,647,100
outside_lvliang,648,100
outside_lvliang,649,100
outside_lvliang,650,100
outside_lvliang,651,100
outside_lvliang,652,100
outside_lvliang,653,100
outside_lvliang,654,100
outside_lvliang,655,100
outside_lvliang,656,100
outside_lvliang,657,100
outside_lvliang,658,100
outside_lvliang,659,100
outside_lvliang,660,100
outside_lvliang,661,100
outside_lvliang,662,100
outside_lvliang,663,100
outside_lvliang,664,100
outside_lvliang,665,100
outside_lvliang,666,100
outside_lvliang,667,100
outside_lvliang,668,100
outside_lvliang,669,100
outside_lvliang,670,100
outside_lvliang,671,100
outside_lvliang,672,100
outside_lvliang,673,100
outside_lvliang,674,100
outside_lvliang,675,100
outside_lvliang,676,100
outside_lvliang,677,100
outside_lvliang,678,100
outside_lvliang,679,100
outside_lvliang,680,100
outside_lvliang,681,100
outside_lvliang,682,100
outside_lvliang,683,100
outside_lvliang,684,100
outside_lvliang,685,100
outside_lvliang,686,100
outside_lvliang,687,100
outside_lvliang,688,100
outside_lvliang,689,100
outside_lvliang,690,100
outside_lvliang,691,100
outside_lvliang,692,100
outside_lvliang,693,100
outside_lvliang,694,100
outside_lvliang,695,100
outside_lvliang,696,100
outside_lvliang,697,100
outside_lvliang,698,100
outside_lvliang,699,100
outside_lvliang,700,100
outside_lvliang,701,100
outside_lvliang,702,100
outside_lvliang,703,100
outside_lvliang,704,100
outside_lvliang,705,100
outside_lvliang,706,100
outside_lvliang,707,100
outside_lvliang,708,100
outside_lvliang,709,100
outside_lvliang,710,100
outside_lvliang,711,100
outside_lvliang,712,100
outside_lvliang,713,100
outside_lvliang,714,100
outside_lvliang,715,100
outside_lvliang,716,100
outside_lvliang,717,100
outside_lvliang,718,100
outside_lvliang,719,100
outside_lvliang,720,100
outside_lvliang,721,100
outside_lvliang,722,100
outside_lvliang,723,100
outside_lvliang,724,100
outside_lvliang,725,100
outside_lvliang,726,100
outside_lvliang,727,100
outside_lvliang,728,100
outside_lvliang,729,100
outside_lvliang,730,100
outside_lvliang,731,100
outside_lvliang,732,100
outside_lvliang,733,100
outside_lvliang,734,100
outside_lvliang,735,100
outside_lvliang,736,100
outside_lvliang,737,100
outside_lvliang,738,100
outside_lvliang,739,100
outside_lvliang,740,100
outside_lvliang,741,100
outside_lvliang,742,100
outside_lvliang,743,100
outside_lvliang,744,100
outside_lvliang,745,100
outside_lvliang,746,100
outside_lvliang,747,100
outside_lvliang,748,100
outside_lvliang,749,100
outside_lvliang,750,100
outside_lvliang,751,100
outside_lvliang,752,100
outside_lvliang,753,100
outside_lvliang,754,100
outside_lvliang,755,100
outside_lvliang,756,100
outside_lvliang,757,100
outside_lvliang,758,100
outside_lvliang,759,100
outside_lvliang,760,100
outside_lvliang,761,100
outside_lvliang,762,100
outside_lvliang,763,100
outside_lvliang,764,100
outside_lvliang,765,100
outside_lvliang,766,100
outside_lvliang,767,100
outside_lvliang,768,100
outside_lvliang,769,100
outside_lvliang,770,100
outside_lvliang,771,100
outside_lvliang,772,100
outside_lvliang,773,100
outside_lvliang,774,100
outside_lvliang,775,100
outside_lvliang,776,100
outside_lvliang,777,100
outside_lvliang,778,100
outside_lvliang,779,100
outside_lvliang,780,100
outside_lvliang,781,100
outside_lvliang,782,100
outside_lvliang,783,100
outside_lvliang,784,100
outside_lvliang,785,100
outside_lvliang,786,100
outside_lvliang,787,100
outside_lvliang,788,100
outside_lvliang,789,100
outside_lvliang,790,100
outside_lvliang,791,100
outside_lvliang,792,100
outside_lvliang,793,100
outside_lvliang,794,100
outside_lvliang,795,100
outside_lvliang,796,100
outside_lvliang,797,100
outside_lvliang,798,100
outside_lvliang,799,100
outside_lvliang,800,100
outside_lvliang,801,100
outside_lvliang,802,100
outside_lvliang,803,100
outside_lvliang,804,100
outside_lvliang,805,100
outside_lvliang,806,100
outside_lvliang,807,100
outside_lvliang,808,100
outside_lvliang,809,100
outside_lvliang,810,100
outside_lvliang,811,100
outside_lvliang,812,100
outside_lvliang,813,100
outside_lvliang,814,100
outside_lvliang,815,100
outside_lvliang,816,100
outside_lvliang,817,100
outside_lvliang,818,100
outside_lvliang,819,100
outside_lvliang,820,100
outside_lvliang,821,100
outside_lvliang,822,100
outside_lvliang,823,100
outside_lvliang,824,100
outside_lvliang,825,100
outside_lvliang,826,100
outside_lvliang,827,100
outside_lvliang,828,100
outside_lvliang,829,100
outside_lvliang,830,100
outside_lvliang,831,100
outside_lvliang,832,100
outside_lvliang,833,100
outside_lvliang,834,100
outside_lvliang,835,100
outside_lvliang,836,100
outside_lvliang,837,100
outside_lvliang,838,100
outside_lvliang,839,100
outside_lvliang,840,100
outside_lvliang,841,100
outside_lvliang,842,100
outside_lvliang,843,100
outside_lvliang,844,100
outside_lvliang,845,100
outside_lvliang,846,100
outside_lvliang,847,100
outside_lvliang,848,100
outside_lvliang,849,100
outside_lvliang,850,100
outside_lvliang,851,100
outside_lvliang,852,100
outside_lvliang,853,100
outside_lvliang,854,100
outside_lvliang,855,100
outside_lvliang,856,100
outside_lvliang,857,100
outside_lvliang,858,100
outside_lvliang,859,100
outside_lvliang,860,100
outside_lvliang,861,100
outside_lvliang,862,100
outside_lvliang,863,100
outside_lvliang,864,100
outside_lvliang,865,100
outside_lvliang,866,100
outside_lvliang,867,100
outside_lvliang,868,100
outside_lvliang,869,100
outside_lvliang,870,100
outside_lvliang,871,100
outside_lvliang,872,100
outside_lvliang,873,100
outside_lvliang,874,100
outside_lvliang,875,100
outside_lvliang,876,100
outside_lvliang,877,100
outside_lvliang,878,100
outside_lvliang,879,100
outside_lvliang,880,100
outside_lvliang,881,100
outside_lvliang,882,100
outside_lvliang,883,100
outside_lvliang,884,100
outside_lvliang,885,100
outside_lvliang,886,100
outside_lvliang,887,100
outside_lvliang,888,100
outside_lvliang,889,100
outside_lvliang,890,100
outside_lvliang,891,100
outside_lvliang,892,100
outside_lvliang,893,100
outside_lvliang,894,100
outside_lvliang,895,100
outside_lvliang,896,100
outside_lvliang,897,100
outside_lvliang,898,100
outside_lvliang,899,100
outside_lvliang,900,100
outside_lvliang,901,100
outside_lvliang,902,100
outside_lvliang,903,100
outside_lvliang,904,100
outside_lvliang,905,100
outside_lvliang,906,100
outside_lvliang,907,100
outside_lvliang,908,100
outside_lvliang,909,100
outside_lvliang,910,100
outside_lvliang,911,100
outside_lvliang,912,100
outside_lvliang,913,100
outside_lvliang,914,100
outside_lvliang,915,100
outside_lvliang,916,100
outside_lvliang,917,100
outside_lvliang,918,100
outside_lvliang,919,100
outside_lvliang,920,100
outside_lvliang,921,100
outside_lvliang,922,100
outside_lvliang,923,100
outside_lvliang,924,100
outside_lvliang,925,100
outside_lvliang,926,100
outside_lvliang,927,100
outside_lvliang,928,100
outside_lvliang,929,100
outside_lvliang,930,100
outside_lvliang,931,100
outside_lvliang,932,100
outside_lvliang,933,100
outside_lvliang,934,100
outside_lvliang,935,100
outside_lvliang,936,100
outside_lvliang,937,100
outside_lvliang,938,100
outside_lvliang,939,100
outside_lvliang,940,100
outside_lvliang,941,100
outside_lvliang,942,100
outside_lvliang,943,100
outside_lvliang,944,100
outside_lvliang,945,100
outside_lvliang,946,100
outside_lvliang,947,100
outside_lvliang,948,100
outside_lvliang,949,100
outside_lvliang,950,100
outside_lvliang,951,100
outside_lvliang,952,100
outside_lvliang,953,100
outside_lvliang,954,100
outside_lvliang,955,100
outside_lvliang,956,100
outside_lvliang,957,100
outside_lvliang,958,100
outside_lvliang,959,100
outside_lvliang,960,100
outside_lvliang,961,100
outside_lvliang,962,100
outside_lvliang,963,100
outside_lvliang,964,100
outside_lvliang,965,100
outside_lvliang,966,100
outside_lvliang,967,100
outside_lvliang,968,100
outside_lvliang,969,100
outside_lvliang,970,100
outside_lvliang,971,100
outside_lvliang,972,100
outside_lvliang,973,100
outside_lvliang,974,100
outside_lvliang,975,100
outside_lvliang,976,100
outside_lvliang,977,100
outside_lvliang,978,100
outside_lvliang,979,100
outside_lvliang,980,100
outside_lvliang,981,100
outside_lvliang,982,100
outside_lvliang,983,100
outside_lvliang,984,100
outside_lvliang,985,100
outside_lvliang,986,100
outside_lvliang,987,100
outside_lvliang,988,100
outside_lvliang,989,100
outside_lvliang,990,100
outside_lvliang,991,100
outside_lvliang,992,100
outside_lvliang,993,100
outside_lvliang,994,100
outside_lvliang,995,100
outside_lvliang,996,100
outside_lvliang,997,100
outside_lvliang,998,100
outside_lvliang,999,100
outside_lvliang,1000,100
outside_lvliang,1001,100
outside_lvliang,1002,100
outside_lvliang,1003,100
outside_lvliang,1004,100
outside_lvliang,1005,100
outside_lvliang,1006,100
outside_lvliang,1007,100
outside_lvliang,1008,100
outside_lvliang,1009,100
outside_lvliang,1010,100
outside_lvliang,1011,100
outside_lvliang,1012,100
outside_lvliang,1013,100
outside_lvliang,1014,100
outside_lvliang,1015,100
outside_lvliang,1016,100
outside_lvliang,1017,100
outside_lvliang,1018,100
outside_lvliang,1019,100
outside_lvliang,1020,100
outside_lvliang,1021,100
outside_lvliang,1022,100
outside_lvliang,1023,100
outside_lvliang,1024,100
outside_lvliang,1025,100
outside_lvliang,1026,100
outside_lvliang,1027,100
outside_lvliang,1028,100
outside_lvliang,1029,100
outside_lvliang,1030,100
outside_lvliang,1031,100
outside_lvliang,1032,100
outside_lvliang,1033,100
outside_lvliang,1034,100
outside_lvliang,1035,100
outside_lvliang,1036,100
outside_lvliang,1037,100
outside_lvliang,1038,100
outside_lvliang,1039,100
outside_lvliang,1040,100
outside_lvliang,1041,100
outside_lvliang,1042,100
outside_lvliang,1043,100
outside_lvliang,1044,100
outside_lvliang,1045,100
outside_lvliang,1046,100
outside_lvliang,1047,100
outside_lvliang,1048,100
outside_lvliang,1049,100
outside_lvliang,1050,100
outside_lvliang,1051,100
outside_lvliang,1052,100
outside_lvliang,1053,100
outside_lvliang,1054,100
outside_lvliang,1055,100
outside_lvliang,1056,100
outside_lvliang,1057,100
outside_lvliang,1058,100
outside_lvliang,1059,100
outside_lvliang,1060,100
outside_lvliang,1061,100
outside_lvliang,1062,100
outside_lvliang,1063,100
outside_lvliang,1064,100
outside_lvliang,1065,100
outside_lvliang,1066,100
outside_lvliang,1067,100
outside_lvliang,1068,100
outside_lvliang,1069,100
outside_lvliang,1070,100
outside_lvliang,1071,100
outside_lvliang,1072,100
outside_lvliang,1073,100
outside_lvliang,1074,100
outside_lvliang,1075,100
outside_lvliang,1076,100
outside_lvliang,1077,100
outside_lvliang,1078,100
outside_lvliang,1079,100
outside_lvliang,1080,100
outside_lvliang,1081,100
outside_lvliang,1082,100
outside_lvliang,1083,100
outside_lvliang,1084,100
outside_lvliang,1085,100
outside_lvliang,1086,100
outside_lvliang,1087,100
outside_lvliang,1088,100
outside_lvliang,1089,100
outside_lvliang,1090,100
outside_lvliang,1091,100
outside_lvliang,1092,100
outside_lvliang,1093,100
outside_lvliang,1094,100
outside_lvliang,1095,100
outside_lvliang,1096,100
outside_lvliang,1097,100
outside_lvliang,1098,100
outside_lvliang,1099,100
outside_lvliang,1100,100
outside_lvliang,1101,100
outside_lvliang,1102,100
outside_lvliang,1103,100
outside_lvliang,1104,100
outside_lvliang,1105,100
outside_lvliang,1106,100
outside_lvliang,1107,100
outside_lvliang,1108,100
outside_lvliang,1109,100
outside_lvliang,1110,100
outside_lvliang,1111,100
outside_lvliang,1112,100
outside_lvliang,1113,100
outside_lvliang,1114,100
outside_lvliang,1115,100
outside_lvliang,1116,100
outside_lvliang,1117,100
outside_lvliang,1118,100
outside_lvliang,1119,100
outside_lvliang,1120,100
outside_lvliang,1121,100
outside_lvliang,1122,100
outside_lvliang,1123,100
outside_lvliang,1124,100
outside_lvliang,1125,100
outside_lvliang,1126,100
outside_lvliang,1127,100
outside_lvliang,1128,100
outside_lvliang,1129,100
outside_lvliang,1130,100
outside_lvliang,1131,100
outside_lvliang,1132,100
outside_lvliang,1133,100
outside_lvliang,1134,100
outside_lvliang,1135,100
outside_lvliang,1136,100
outside_lvliang,1137,100
outside_lvliang,1138,100
outside_lvliang,1139,100
outside_lvliang,1140,100
outside_lvliang,1141,100
outside_lvliang,1142,100
outside_lvliang,1143,100
outside_lvliang,1144,100
outside_lvliang,1145,100
outside_lvliang,1146,100
outside_lvliang,1147,100
outside_lvliang,1148,100
outside_lvliang,1149,100
outside_lvliang,1150,100
outside_lvliang,1151,100
outside_lvliang,1152,100
