timepoint_id,timestamp,timeseries
1,20250100,2025_01
2,20250101,2025_01
3,20250102,2025_01
4,20250103,2025_01
5,20250104,2025_01
6,20250105,2025_01
7,20250106,2025_01
8,20250107,2025_01
9,20250108,2025_01
10,20250109,2025_01
11,20250110,2025_01
12,20250111,2025_01
13,20250112,2025_01
14,20250113,2025_01
15,20250114,2025_01
16,20250115,2025_01
17,20250116,2025_01
18,20250117,2025_01
19,20250118,2025_01
20,20250119,2025_01
21,20250120,2025_01
22,20250121,2025_01
23,20250122,2025_01
24,20250123,2025_01
25,20250200,2025_02
26,20250201,2025_02
27,20250202,2025_02
28,20250203,2025_02
29,20250204,2025_02
30,20250205,2025_02
31,20250206,2025_02
32,20250207,2025_02
33,20250208,2025_02
34,20250209,2025_02
35,20250210,2025_02
36,20250211,2025_02
37,20250212,2025_02
38,20250213,2025_02
39,20250214,2025_02
40,20250215,2025_02
41,20250216,2025_02
42,20250217,2025_02
43,20250218,2025_02
44,20250219,2025_02
45,20250220,2025_02
46,20250221,2025_02
47,20250222,2025_02
48,20250223,2025_02
49,20250300,2025_03
50,20250301,2025_03
51,20250302,2025_03
52,20250303,2025_03
53,20250304,2025_03
54,20250305,2025_03
55,20250306,2025_03
56,20250307,2025_03
57,20250308,2025_03
58,20250309,2025_03
59,20250310,2025_03
60,20250311,2025_03
61,20250312,2025_03
62,20250313,2025_03
63,20250314,2025_03
64,20250315,2025_03
65,20250316,2025_03
66,20250317,2025_03
67,20250318,2025_03
68,20250319,2025_03
69,20250320,2025_03
70,20250321,2025_03
71,20250322,2025_03
72,20250323,2025_03
73,20250400,2025_04
74,20250401,2025_04
75,20250402,2025_04
76,20250403,2025_04
77,20250404,2025_04
78,20250405,2025_04
79,20250406,2025_04
80,20250407,2025_04
81,20250408,2025_04
82,20250409,2025_04
83,20250410,2025_04
84,20250411,2025_04
85,20250412,2025_04
86,20250413,2025_04
87,20250414,2025_04
88,20250415,2025_04
89,20250416,2025_04
90,20250417,2025_04
91,20250418,2025_04
92,20250419,2025_04
93,20250420,2025_04
94,20250421,2025_04
95,20250422,2025_04
96,20250423,2025_04
97,20250500,2025_05
98,20250501,2025_05
99,20250502,2025_05
100,20250503,2025_05
101,20250504,2025_05
102,20250505,2025_05
103,20250506,2025_05
104,20250507,2025_05
105,20250508,2025_05
106,20250509,2025_05
107,20250510,2025_05
108,20250511,2025_05
109,20250512,2025_05
110,20250513,2025_05
111,20250514,2025_05
112,20250515,2025_05
113,20250516,2025_05
114,20250517,2025_05
115,20250518,2025_05
116,20250519,2025_05
117,20250520,2025_05
118,20250521,2025_05
119,20250522,2025_05
120,20250523,2025_05
121,20250600,2025_06
122,20250601,2025_06
123,20250602,2025_06
124,20250603,2025_06
125,20250604,2025_06
126,20250605,2025_06
127,20250606,2025_06
128,20250607,2025_06
129,20250608,2025_06
130,20250609,2025_06
131,20250610,2025_06
132,20250611,2025_06
133,20250612,2025_06
134,20250613,2025_06
135,20250614,2025_06
136,20250615,2025_06
137,20250616,2025_06
138,20250617,2025_06
139,20250618,2025_06
140,20250619,2025_06
141,20250620,2025_06
142,20250621,2025_06
143,20250622,2025_06
144,20250623,2025_06
145,20250700,2025_07
146,20250701,2025_07
147,20250702,2025_07
148,20250703,2025_07
149,20250704,2025_07
150,20250705,2025_07
151,20250706,2025_07
152,20250707,2025_07
153,20250708,2025_07
154,20250709,2025_07
155,20250710,2025_07
156,20250711,2025_07
157,20250712,2025_07
158,20250713,2025_07
159,20250714,2025_07
160,20250715,2025_07
161,20250716,2025_07
162,20250717,2025_07
163,20250718,2025_07
164,20250719,2025_07
165,20250720,2025_07
166,20250721,2025_07
167,20250722,2025_07
168,20250723,2025_07
169,20250800,2025_08
170,20250801,2025_08
171,20250802,2025_08
172,20250803,2025_08
173,20250804,2025_08
174,20250805,2025_08
175,20250806,2025_08
176,20250807,2025_08
177,20250808,2025_08
178,20250809,2025_08
179,20250810,2025_08
180,20250811,2025_08
181,20250812,2025_08
182,20250813,2025_08
183,20250814,2025_08
184,20250815,2025_08
185,20250816,2025_08
186,20250817,2025_08
187,20250818,2025_08
188,20250819,2025_08
189,20250820,2025_08
190,20250821,2025_08
191,20250822,2025_08
192,20250823,2025_08
193,20250900,2025_09
194,20250901,2025_09
195,20250902,2025_09
196,20250903,2025_09
197,20250904,2025_09
198,20250905,2025_09
199,20250906,2025_09
200,20250907,2025_09
201,20250908,2025_09
202,20250909,2025_09
203,20250910,2025_09
204,20250911,2025_09
205,20250912,2025_09
206,20250913,2025_09
207,20250914,2025_09
208,20250915,2025_09
209,20250916,2025_09
210,20250917,2025_09
211,20250918,2025_09
212,20250919,2025_09
213,20250920,2025_09
214,20250921,2025_09
215,20250922,2025_09
216,20250923,2025_09
217,20251000,2025_10
218,20251001,2025_10
219,20251002,2025_10
220,20251003,2025_10
221,20251004,2025_10
222,20251005,2025_10
223,20251006,2025_10
224,20251007,2025_10
225,20251008,2025_10
226,20251009,2025_10
227,20251010,2025_10
228,20251011,2025_10
229,20251012,2025_10
230,20251013,2025_10
231,20251014,2025_10
232,20251015,2025_10
233,20251016,2025_10
234,20251017,2025_10
235,20251018,2025_10
236,20251019,2025_10
237,20251020,2025_10
238,20251021,2025_10
239,20251022,2025_10
240,20251023,2025_10
241,20251100,2025_11
242,20251101,2025_11
243,20251102,2025_11
244,20251103,2025_11
245,20251104,2025_11
246,20251105,2025_11
247,20251106,2025_11
248,20251107,2025_11
249,20251108,2025_11
250,20251109,2025_11
251,20251110,2025_11
252,20251111,2025_11
253,20251112,2025_11
254,20251113,2025_11
255,20251114,2025_11
256,20251115,2025_11
257,20251116,2025_11
258,20251117,2025_11
259,20251118,2025_11
260,20251119,2025_11
261,20251120,2025_11
262,20251121,2025_11
263,20251122,2025_11
264,20251123,2025_11
265,20251200,2025_12
266,20251201,2025_12
267,20251202,2025_12
268,20251203,2025_12
269,20251204,2025_12
270,20251205,2025_12
271,20251206,2025_12
272,20251207,2025_12
273,20251208,2025_12
274,20251209,2025_12
275,20251210,2025_12
276,20251211,2025_12
277,20251212,2025_12
278,20251213,2025_12
279,20251214,2025_12
280,20251215,2025_12
281,20251216,2025_12
282,20251217,2025_12
283,20251218,2025_12
284,20251219,2025_12
285,20251220,2025_12
286,20251221,2025_12
287,20251222,2025_12
288,20251223,2025_12
289,20300100,2030_01
290,20300101,2030_01
291,20300102,2030_01
292,20300103,2030_01
293,20300104,2030_01
294,20300105,2030_01
295,20300106,2030_01
296,20300107,2030_01
297,20300108,2030_01
298,20300109,2030_01
299,20300110,2030_01
300,20300111,2030_01
301,20300112,2030_01
302,20300113,2030_01
303,20300114,2030_01
304,20300115,2030_01
305,20300116,2030_01
306,20300117,2030_01
307,20300118,2030_01
308,20300119,2030_01
309,20300120,2030_01
310,20300121,2030_01
311,20300122,2030_01
312,20300123,2030_01
313,20300200,2030_02
314,20300201,2030_02
315,20300202,2030_02
316,20300203,2030_02
317,20300204,2030_02
318,20300205,2030_02
319,20300206,2030_02
320,20300207,2030_02
321,20300208,2030_02
322,20300209,2030_02
323,20300210,2030_02
324,20300211,2030_02
325,20300212,2030_02
326,20300213,2030_02
327,20300214,2030_02
328,20300215,2030_02
329,20300216,2030_02
330,20300217,2030_02
331,20300218,2030_02
332,20300219,2030_02
333,20300220,2030_02
334,20300221,2030_02
335,20300222,2030_02
336,20300223,2030_02
337,20300300,2030_03
338,20300301,2030_03
339,20300302,2030_03
340,20300303,2030_03
341,20300304,2030_03
342,20300305,2030_03
343,20300306,2030_03
344,20300307,2030_03
345,20300308,2030_03
346,20300309,2030_03
347,20300310,2030_03
348,20300311,2030_03
349,20300312,2030_03
350,20300313,2030_03
351,20300314,2030_03
352,20300315,2030_03
353,20300316,2030_03
354,20300317,2030_03
355,20300318,2030_03
356,20300319,2030_03
357,20300320,2030_03
358,20300321,2030_03
359,20300322,2030_03
360,20300323,2030_03
361,20300400,2030_04
362,20300401,2030_04
363,20300402,2030_04
364,20300403,2030_04
365,20300404,2030_04
366,20300405,2030_04
367,20300406,2030_04
368,20300407,2030_04
369,20300408,2030_04
370,20300409,2030_04
371,20300410,2030_04
372,20300411,2030_04
373,20300412,2030_04
374,20300413,2030_04
375,20300414,2030_04
376,20300415,2030_04
377,20300416,2030_04
378,20300417,2030_04
379,20300418,2030_04
380,20300419,2030_04
381,20300420,2030_04
382,20300421,2030_04
383,20300422,2030_04
384,20300423,2030_04
385,20300500,2030_05
386,20300501,2030_05
387,20300502,2030_05
388,20300503,2030_05
389,20300504,2030_05
390,20300505,2030_05
391,20300506,2030_05
392,20300507,2030_05
393,20300508,2030_05
394,20300509,2030_05
395,20300510,2030_05
396,20300511,2030_05
397,20300512,2030_05
398,20300513,2030_05
399,20300514,2030_05
400,20300515,2030_05
401,20300516,2030_05
402,20300517,2030_05
403,20300518,2030_05
404,20300519,2030_05
405,20300520,2030_05
406,20300521,2030_05
407,20300522,2030_05
408,20300523,2030_05
409,20300600,2030_06
410,20300601,2030_06
411,20300602,2030_06
412,20300603,2030_06
413,20300604,2030_06
414,20300605,2030_06
415,20300606,2030_06
416,20300607,2030_06
417,20300608,2030_06
418,20300609,2030_06
419,20300610,2030_06
420,20300611,2030_06
421,20300612,2030_06
422,20300613,2030_06
423,20300614,2030_06
424,20300615,2030_06
425,20300616,2030_06
426,20300617,2030_06
427,20300618,2030_06
428,20300619,2030_06
429,20300620,2030_06
430,20300621,2030_06
431,20300622,2030_06
432,20300623,2030_06
433,20300700,2030_07
434,20300701,2030_07
435,20300702,2030_07
436,20300703,2030_07
437,20300704,2030_07
438,20300705,2030_07
439,20300706,2030_07
440,20300707,2030_07
441,20300708,2030_07
442,20300709,2030_07
443,20300710,2030_07
444,20300711,2030_07
445,20300712,2030_07
446,20300713,2030_07
447,20300714,2030_07
448,20300715,2030_07
449,20300716,2030_07
450,20300717,2030_07
451,20300718,2030_07
452,20300719,2030_07
453,20300720,2030_07
454,20300721,2030_07
455,20300722,2030_07
456,20300723,2030_07
457,20300800,2030_08
458,20300801,2030_08
459,20300802,2030_08
460,20300803,2030_08
461,20300804,2030_08
462,20300805,2030_08
463,20300806,2030_08
464,20300807,2030_08
465,20300808,2030_08
466,20300809,2030_08
467,20300810,2030_08
468,20300811,2030_08
469,20300812,2030_08
470,20300813,2030_08
471,20300814,2030_08
472,20300815,2030_08
473,20300816,2030_08
474,20300817,2030_08
475,20300818,2030_08
476,20300819,2030_08
477,20300820,2030_08
478,20300821,2030_08
479,20300822,2030_08
480,20300823,2030_08
481,20300900,2030_09
482,20300901,2030_09
483,20300902,2030_09
484,20300903,2030_09
485,20300904,2030_09
486,20300905,2030_09
487,20300906,2030_09
488,20300907,2030_09
489,20300908,2030_09
490,20300909,2030_09
491,20300910,2030_09
492,20300911,2030_09
493,20300912,2030_09
494,20300913,2030_09
495,20300914,2030_09
496,20300915,2030_09
497,20300916,2030_09
498,20300917,2030_09
499,20300918,2030_09
500,20300919,2030_09
501,20300920,2030_09
502,20300921,2030_09
503,20300922,2030_09
504,20300923,2030_09
505,20301000,2030_10
506,20301001,2030_10
507,20301002,2030_10
508,20301003,2030_10
509,20301004,2030_10
510,20301005,2030_10
511,20301006,2030_10
512,20301007,2030_10
513,20301008,2030_10
514,20301009,2030_10
515,20301010,2030_10
516,20301011,2030_10
517,20301012,2030_10
518,20301013,2030_10
519,20301014,2030_10
520,20301015,2030_10
521,20301016,2030_10
522,20301017,2030_10
523,20301018,2030_10
524,20301019,2030_10
525,20301020,2030_10
526,20301021,2030_10
527,20301022,2030_10
528,20301023,2030_10
529,20301100,2030_11
530,20301101,2030_11
531,20301102,2030_11
532,20301103,2030_11
533,20301104,2030_11
534,20301105,2030_11
535,20301106,2030_11
536,20301107,2030_11
537,20301108,2030_11
538,20301109,2030_11
539,20301110,2030_11
540,20301111,2030_11
541,20301112,2030_11
542,20301113,2030_11
543,20301114,2030_11
544,20301115,2030_11
545,20301116,2030_11
546,20301117,2030_11
547,20301118,2030_11
548,20301119,2030_11
549,20301120,2030_11
550,20301121,2030_11
551,20301122,2030_11
552,20301123,2030_11
553,20301200,2030_12
554,20301201,2030_12
555,20301202,2030_12
556,20301203,2030_12
557,20301204,2030_12
558,20301205,2030_12
559,20301206,2030_12
560,20301207,2030_12
561,20301208,2030_12
562,20301209,2030_12
563,20301210,2030_12
564,20301211,2030_12
565,20301212,2030_12
566,20301213,2030_12
567,20301214,2030_12
568,20301215,2030_12
569,20301216,2030_12
570,20301217,2030_12
571,20301218,2030_12
572,20301219,2030_12
573,20301220,2030_12
574,20301221,2030_12
575,20301222,2030_12
576,20301223,2030_12
577,20350100,2035_01
578,20350101,2035_01
579,20350102,2035_01
580,20350103,2035_01
581,20350104,2035_01
582,20350105,2035_01
583,20350106,2035_01
584,20350107,2035_01
585,20350108,2035_01
586,20350109,2035_01
587,20350110,2035_01
588,20350111,2035_01
589,20350112,2035_01
590,20350113,2035_01
591,20350114,2035_01
592,20350115,2035_01
593,20350116,2035_01
594,20350117,2035_01
595,20350118,2035_01
596,20350119,2035_01
597,20350120,2035_01
598,20350121,2035_01
599,20350122,2035_01
600,20350123,2035_01
601,20350200,2035_02
602,20350201,2035_02
603,20350202,2035_02
604,20350203,2035_02
605,20350204,2035_02
606,20350205,2035_02
607,20350206,2035_02
608,20350207,2035_02
609,20350208,2035_02
610,20350209,2035_02
611,20350210,2035_02
612,20350211,2035_02
613,20350212,2035_02
614,20350213,2035_02
615,20350214,2035_02
616,20350215,2035_02
617,20350216,2035_02
618,20350217,2035_02
619,20350218,2035_02
620,20350219,2035_02
621,20350220,2035_02
622,20350221,2035_02
623,20350222,2035_02
624,20350223,2035_02
625,20350300,2035_03
626,20350301,2035_03
627,20350302,2035_03
628,20350303,2035_03
629,20350304,2035_03
630,20350305,2035_03
631,20350306,2035_03
632,20350307,2035_03
633,20350308,2035_03
634,20350309,2035_03
635,20350310,2035_03
636,20350311,2035_03
637,20350312,2035_03
638,20350313,2035_03
639,20350314,2035_03
640,20350315,2035_03
641,20350316,2035_03
642,20350317,2035_03
643,20350318,2035_03
644,20350319,2035_03
645,20350320,2035_03
646,20350321,2035_03
647,20350322,2035_03
648,20350323,2035_03
649,20350400,2035_04
650,20350401,2035_04
651,20350402,2035_04
652,20350403,2035_04
653,20350404,2035_04
654,20350405,2035_04
655,20350406,2035_04
656,20350407,2035_04
657,20350408,2035_04
658,20350409,2035_04
659,20350410,2035_04
660,20350411,2035_04
661,20350412,2035_04
662,20350413,2035_04
663,20350414,2035_04
664,20350415,2035_04
665,20350416,2035_04
666,20350417,2035_04
667,20350418,2035_04
668,20350419,2035_04
669,20350420,2035_04
670,20350421,2035_04
671,20350422,2035_04
672,20350423,2035_04
673,20350500,2035_05
674,20350501,2035_05
675,20350502,2035_05
676,20350503,2035_05
677,20350504,2035_05
678,20350505,2035_05
679,20350506,2035_05
680,20350507,2035_05
681,20350508,2035_05
682,20350509,2035_05
683,20350510,2035_05
684,20350511,2035_05
685,20350512,2035_05
686,20350513,2035_05
687,20350514,2035_05
688,20350515,2035_05
689,20350516,2035_05
690,20350517,2035_05
691,20350518,2035_05
692,20350519,2035_05
693,20350520,2035_05
694,20350521,2035_05
695,20350522,2035_05
696,20350523,2035_05
697,20350600,2035_06
698,20350601,2035_06
699,20350602,2035_06
700,20350603,2035_06
701,20350604,2035_06
702,20350605,2035_06
703,20350606,2035_06
704,20350607,2035_06
705,20350608,2035_06
706,20350609,2035_06
707,20350610,2035_06
708,20350611,2035_06
709,20350612,2035_06
710,20350613,2035_06
711,20350614,2035_06
712,20350615,2035_06
713,20350616,2035_06
714,20350617,2035_06
715,20350618,2035_06
716,20350619,2035_06
717,20350620,2035_06
718,20350621,2035_06
719,20350622,2035_06
720,20350623,2035_06
721,20350700,2035_07
722,20350701,2035_07
723,20350702,2035_07
724,20350703,2035_07
725,20350704,2035_07
726,20350705,2035_07
727,20350706,2035_07
728,20350707,2035_07
729,20350708,2035_07
730,20350709,2035_07
731,20350710,2035_07
732,20350711,2035_07
733,20350712,2035_07
734,20350713,2035_07
735,20350714,2035_07
736,20350715,2035_07
737,20350716,2035_07
738,20350717,2035_07
739,20350718,2035_07
740,20350719,2035_07
741,20350720,2035_07
742,20350721,2035_07
743,20350722,2035_07
744,20350723,2035_07
745,20350800,2035_08
746,20350801,2035_08
747,20350802,2035_08
748,20350803,2035_08
749,20350804,2035_08
750,20350805,2035_08
751,20350806,2035_08
752,20350807,2035_08
753,20350808,2035_08
754,20350809,2035_08
755,20350810,2035_08
756,20350811,2035_08
757,20350812,2035_08
758,20350813,2035_08
759,20350814,2035_08
760,20350815,2035_08
761,20350816,2035_08
762,20350817,2035_08
763,20350818,2035_08
764,20350819,2035_08
765,20350820,2035_08
766,20350821,2035_08
767,20350822,2035_08
768,20350823,2035_08
769,20350900,2035_09
770,20350901,2035_09
771,20350902,2035_09
772,20350903,2035_09
773,20350904,2035_09
774,20350905,2035_09
775,20350906,2035_09
776,20350907,2035_09
777,20350908,2035_09
778,20350909,2035_09
779,20350910,2035_09
780,20350911,2035_09
781,20350912,2035_09
782,20350913,2035_09
783,20350914,2035_09
784,20350915,2035_09
785,20350916,2035_09
786,20350917,2035_09
787,20350918,2035_09
788,20350919,2035_09
789,20350920,2035_09
790,20350921,2035_09
791,20350922,2035_09
792,20350923,2035_09
793,20351000,2035_10
794,20351001,2035_10
795,20351002,2035_10
796,20351003,2035_10
797,20351004,2035_10
798,20351005,2035_10
799,20351006,2035_10
800,20351007,2035_10
801,20351008,2035_10
802,20351009,2035_10
803,20351010,2035_10
804,20351011,2035_10
805,20351012,2035_10
806,20351013,2035_10
807,20351014,2035_10
808,20351015,2035_10
809,20351016,2035_10
810,20351017,2035_10
811,20351018,2035_10
812,20351019,2035_10
813,20351020,2035_10
814,20351021,2035_10
815,20351022,2035_10
816,20351023,2035_10
817,20351100,2035_11
818,20351101,2035_11
819,20351102,2035_11
820,20351103,2035_11
821,20351104,2035_11
822,20351105,2035_11
823,20351106,2035_11
824,20351107,2035_11
825,20351108,2035_11
826,20351109,2035_11
827,20351110,2035_11
828,20351111,2035_11
829,20351112,2035_11
830,20351113,2035_11
831,20351114,2035_11
832,20351115,2035_11
833,20351116,2035_11
834,20351117,2035_11
835,20351118,2035_11
836,20351119,2035_11
837,20351120,2035_11
838,20351121,2035_11
839,20351122,2035_11
840,20351123,2035_11
841,20351200,2035_12
842,20351201,2035_12
843,20351202,2035_12
844,20351203,2035_12
845,20351204,2035_12
846,20351205,2035_12
847,20351206,2035_12
848,20351207,2035_12
849,20351208,2035_12
850,20351209,2035_12
851,20351210,2035_12
852,20351211,2035_12
853,20351212,2035_12
854,20351213,2035_12
855,20351214,2035_12
856,20351215,2035_12
857,20351216,2035_12
858,20351217,2035_12
859,20351218,2035_12
860,20351219,2035_12
861,20351220,2035_12
862,20351221,2035_12
863,20351222,2035_12
864,20351223,2035_12
865,20400100,2040_01
866,20400101,2040_01
867,20400102,2040_01
868,20400103,2040_01
869,20400104,2040_01
870,20400105,2040_01
871,20400106,2040_01
872,20400107,2040_01
873,20400108,2040_01
874,20400109,2040_01
875,20400110,2040_01
876,20400111,2040_01
877,20400112,2040_01
878,20400113,2040_01
879,20400114,2040_01
880,20400115,2040_01
881,20400116,2040_01
882,20400117,2040_01
883,20400118,2040_01
884,20400119,2040_01
885,20400120,2040_01
886,20400121,2040_01
887,20400122,2040_01
888,20400123,2040_01
889,20400200,2040_02
890,20400201,2040_02
891,20400202,2040_02
892,20400203,2040_02
893,20400204,2040_02
894,20400205,2040_02
895,20400206,2040_02
896,20400207,2040_02
897,20400208,2040_02
898,20400209,2040_02
899,20400210,2040_02
900,20400211,2040_02
901,20400212,2040_02
902,20400213,2040_02
903,20400214,2040_02
904,20400215,2040_02
905,20400216,2040_02
906,20400217,2040_02
907,20400218,2040_02
908,20400219,2040_02
909,20400220,2040_02
910,20400221,2040_02
911,20400222,2040_02
912,20400223,2040_02
913,20400300,2040_03
914,20400301,2040_03
915,20400302,2040_03
916,20400303,2040_03
917,20400304,2040_03
918,20400305,2040_03
919,20400306,2040_03
920,20400307,2040_03
921,20400308,2040_03
922,20400309,2040_03
923,20400310,2040_03
924,20400311,2040_03
925,20400312,2040_03
926,20400313,2040_03
927,20400314,2040_03
928,20400315,2040_03
929,20400316,2040_03
930,20400317,2040_03
931,20400318,2040_03
932,20400319,2040_03
933,20400320,2040_03
934,20400321,2040_03
935,20400322,2040_03
936,20400323,2040_03
937,20400400,2040_04
938,20400401,2040_04
939,20400402,2040_04
940,20400403,2040_04
941,20400404,2040_04
942,20400405,2040_04
943,20400406,2040_04
944,20400407,2040_04
945,20400408,2040_04
946,20400409,2040_04
947,20400410,2040_04
948,20400411,2040_04
949,20400412,2040_04
950,20400413,2040_04
951,20400414,2040_04
952,20400415,2040_04
953,20400416,2040_04
954,20400417,2040_04
955,20400418,2040_04
956,20400419,2040_04
957,20400420,2040_04
958,20400421,2040_04
959,20400422,2040_04
960,20400423,2040_04
961,20400500,2040_05
962,20400501,2040_05
963,20400502,2040_05
964,20400503,2040_05
965,20400504,2040_05
966,20400505,2040_05
967,20400506,2040_05
968,20400507,2040_05
969,20400508,2040_05
970,20400509,2040_05
971,20400510,2040_05
972,20400511,2040_05
973,20400512,2040_05
974,20400513,2040_05
975,20400514,2040_05
976,20400515,2040_05
977,20400516,2040_05
978,20400517,2040_05
979,20400518,2040_05
980,20400519,2040_05
981,20400520,2040_05
982,20400521,2040_05
983,20400522,2040_05
984,20400523,2040_05
985,20400600,2040_06
986,20400601,2040_06
987,20400602,2040_06
988,20400603,2040_06
989,20400604,2040_06
990,20400605,2040_06
991,20400606,2040_06
992,20400607,2040_06
993,20400608,2040_06
994,20400609,2040_06
995,20400610,2040_06
996,20400611,2040_06
997,20400612,2040_06
998,20400613,2040_06
999,20400614,2040_06
1000,20400615,2040_06
1001,20400616,2040_06
1002,20400617,2040_06
1003,20400618,2040_06
1004,20400619,2040_06
1005,20400620,2040_06
1006,20400621,2040_06
1007,20400622,2040_06
1008,20400623,2040_06
1009,20400700,2040_07
1010,20400701,2040_07
1011,20400702,2040_07
1012,20400703,2040_07
1013,20400704,2040_07
1014,20400705,2040_07
1015,20400706,2040_07
1016,20400707,2040_07
1017,20400708,2040_07
1018,20400709,2040_07
1019,20400710,2040_07
1020,20400711,2040_07
1021,20400712,2040_07
1022,20400713,2040_07
1023,20400714,2040_07
1024,20400715,2040_07
1025,20400716,2040_07
1026,20400717,2040_07
1027,20400718,2040_07
1028,20400719,2040_07
1029,20400720,2040_07
1030,20400721,2040_07
1031,20400722,2040_07
1032,20400723,2040_07
1033,20400800,2040_08
1034,20400801,2040_08
1035,20400802,2040_08
1036,20400803,2040_08
1037,20400804,2040_08
1038,20400805,2040_08
1039,20400806,2040_08
1040,20400807,2040_08
1041,20400808,2040_08
1042,20400809,2040_08
1043,20400810,2040_08
1044,20400811,2040_08
1045,20400812,2040_08
1046,20400813,2040_08
1047,20400814,2040_08
1048,20400815,2040_08
1049,20400816,2040_08
1050,20400817,2040_08
1051,20400818,2040_08
1052,20400819,2040_08
1053,20400820,2040_08
1054,20400821,2040_08
1055,20400822,2040_08
1056,20400823,2040_08
1057,20400900,2040_09
1058,20400901,2040_09
1059,20400902,2040_09
1060,20400903,2040_09
1061,20400904,2040_09
1062,20400905,2040_09
1063,20400906,2040_09
1064,20400907,2040_09
1065,20400908,2040_09
1066,20400909,2040_09
1067,20400910,2040_09
1068,20400911,2040_09
1069,20400912,2040_09
1070,20400913,2040_09
1071,20400914,2040_09
1072,20400915,2040_09
1073,20400916,2040_09
1074,20400917,2040_09
1075,20400918,2040_09
1076,20400919,2040_09
1077,20400920,2040_09
1078,20400921,2040_09
1079,20400922,2040_09
1080,20400923,2040_09
1081,20401000,2040_10
1082,20401001,2040_10
1083,20401002,2040_10
1084,20401003,2040_10
1085,20401004,2040_10
1086,20401005,2040_10
1087,20401006,2040_10
1088,20401007,2040_10
1089,20401008,2040_10
1090,20401009,2040_10
1091,20401010,2040_10
1092,20401011,2040_10
1093,20401012,2040_10
1094,20401013,2040_10
1095,20401014,2040_10
1096,20401015,2040_10
1097,20401016,2040_10
1098,20401017,2040_10
1099,20401018,2040_10
1100,20401019,2040_10
1101,20401020,2040_10
1102,20401021,2040_10
1103,20401022,2040_10
1104,20401023,2040_10
1105,20401100,2040_11
1106,20401101,2040_11
1107,20401102,2040_11
1108,20401103,2040_11
1109,20401104,2040_11
1110,20401105,2040_11
1111,20401106,2040_11
1112,20401107,2040_11
1113,20401108,2040_11
1114,20401109,2040_11
1115,20401110,2040_11
1116,20401111,2040_11
1117,20401112,2040_11
1118,20401113,2040_11
1119,20401114,2040_11
1120,20401115,2040_11
1121,20401116,2040_11
1122,20401117,2040_11
1123,20401118,2040_11
1124,20401119,2040_11
1125,20401120,2040_11
1126,20401121,2040_11
1127,20401122,2040_11
1128,20401123,2040_11
1129,20401200,2040_12
1130,20401201,2040_12
1131,20401202,2040_12
1132,20401203,2040_12
1133,20401204,2040_12
1134,20401205,2040_12
1135,20401206,2040_12
1136,20401207,2040_12
1137,20401208,2040_12
1138,20401209,2040_12
1139,20401210,2040_12
1140,20401211,2040_12
1141,20401212,2040_12
1142,20401213,2040_12
1143,20401214,2040_12
1144,20401215,2040_12
1145,20401216,2040_12
1146,20401217,2040_12
1147,20401218,2040_12
1148,20401219,2040_12
1149,20401220,2040_12
1150,20401221,2040_12
1151,20401222,2040_12
1152,20401223,2040_12
