TIMESERIES,ts_period,ts_duration_of_tp,ts_num_tps,ts_scale_to_period
2025_01,2025,1,24,155
2025_02,2025,1,24,140
2025_03,2025,1,24,155
2025_04,2025,1,24,150
2025_05,2025,1,24,155
2025_06,2025,1,24,150
2025_07,2025,1,24,155
2025_08,2025,1,24,155
2025_09,2025,1,24,150
2025_10,2025,1,24,155
2025_11,2025,1,24,150
2025_12,2025,1,24,155
2030_01,2030,1,24,155
2030_02,2030,1,24,140
2030_03,2030,1,24,155
2030_04,2030,1,24,150
2030_05,2030,1,24,155
2030_06,2030,1,24,150
2030_07,2030,1,24,155
2030_08,2030,1,24,155
2030_09,2030,1,24,150
2030_10,2030,1,24,155
2030_11,2030,1,24,150
2030_12,2030,1,24,155
2035_01,2035,1,24,155
2035_02,2035,1,24,140
2035_03,2035,1,24,155
2035_04,2035,1,24,150
2035_05,2035,1,24,155
2035_06,2035,1,24,150
2035_07,2035,1,24,155
2035_08,2035,1,24,155
2035_09,2035,1,24,150
2035_10,2035,1,24,155
2035_11,2035,1,24,150
2035_12,2035,1,24,155
2040_01,2040,1,24,155
2040_02,2040,1,24,140
2040_03,2040,1,24,155
2040_04,2040,1,24,150
2040_05,2040,1,24,155
2040_06,2040,1,24,150
2040_07,2040,1,24,155
2040_08,2040,1,24,155
2040_09,2040,1,24,150
2040_10,2040,1,24,155
2040_11,2040,1,24,150
2040_12,2040,1,24,155
